mukey,muname,compname,comppct_r,drainagecl,hzdept_r,hzdepb_r,om_r,ph1to1h2o_r,awc_r,claytotal_r,sandtotal_r,silttotal_r,dbthirdbar_r,cec7_r,field_id
410340,"Galva silty clay loam, 2 to 5 percent slopes",Galva,95,Well drained,0.0,15.0,4.0,5.7,0.22,32.0,4.0,64.0,1.28,25.2,FIELD_0001
410363,"Galva silty clay loam, terrace, 0 to 2 percent slopes",Galva,95,Well drained,0.0,15.0,4.0,5.7,0.22,32.0,4.0,64.0,1.28,25.2,FIELD_0001
410364,"Galva silty clay loam, terrace, 2 to 5 percent slopes",Galva,95,Well drained,0.0,15.0,4.0,5.7,0.22,32.0,4.0,64.0,1.28,25.2,FIELD_0001
410340,"Galva silty clay loam, 2 to 5 percent slopes",Galva,95,Well drained,15.0,43.0,3.5,6.5,0.22,33.0,3.0,64.0,1.28,27.3,FIELD_0001
410363,"Galva silty clay loam, terrace, 0 to 2 percent slopes",Galva,95,Well drained,15.0,43.0,3.5,6.5,0.22,33.0,3.0,64.0,1.28,27.3,FIELD_0001
410364,"Galva silty clay loam, terrace, 2 to 5 percent slopes",Galva,95,Well drained,15.0,43.0,3.5,6.5,0.22,33.0,3.0,64.0,1.28,27.3,FIELD_0001
410351,"Radford silty clay loam, 2 to 5 percent slopes",Radford,90,Somewhat poorly drained,0.0,23.0,2.0,6.2,0.22,29.0,5.0,66.0,1.38,23.5,FIELD_0001
410351,"Radford silty clay loam, 2 to 5 percent slopes",Radford,90,Somewhat poorly drained,23.0,61.0,2.0,6.5,0.21,22.0,7.0,71.0,1.36,18.6,FIELD_0001
410341,"Galva silty clay loam, 5 to 9 percent slopes, eroded",Galva,85,Well drained,0.0,15.0,3.1,5.8,0.22,32.0,5.0,63.0,1.28,25.2,FIELD_0001
410341,"Galva silty clay loam, 5 to 9 percent slopes, eroded",Galva,85,Well drained,15.0,25.0,1.6,6.6,0.22,32.0,5.0,63.0,1.28,27.3,FIELD_0001
410341,"Galva silty clay loam, 5 to 9 percent slopes, eroded",Galva,85,Well drained,25.0,79.0,1.5,7.0,0.19,29.0,5.0,66.0,1.33,24.7,FIELD_0001
410330,"Ida silt loam, 5 to 9 percent slopes, severely eroded",Ida,80,Well drained,0.0,10.0,1.5,7.7,0.23,21.0,7.0,72.0,1.42,16.6,FIELD_0001
410330,"Ida silt loam, 5 to 9 percent slopes, severely eroded",Ida,80,Well drained,10.0,200.0,0.3,8.0,0.21,20.0,6.0,74.0,1.42,15.0,FIELD_0001
410330,"Ida silt loam, 5 to 9 percent slopes, severely eroded",Monona,10,Well drained,0.0,18.0,1.5,6.5,0.23,23.5,7.0,69.5,1.48,19.5,FIELD_0001
410330,"Ida silt loam, 5 to 9 percent slopes, severely eroded",Monona,10,Well drained,18.0,61.0,0.75,6.7,0.21,26.0,6.8,67.2,1.27,20.8,FIELD_0001
410330,"Ida silt loam, 5 to 9 percent slopes, severely eroded",Monona,5,Well drained,0.0,18.0,2.7,6.1,0.23,24.0,4.0,72.0,1.28,20.3,FIELD_0001
410330,"Ida silt loam, 5 to 9 percent slopes, severely eroded",Napier,5,Well drained,0.0,20.0,3.5,6.7,0.23,23.5,7.0,69.5,1.35,20.1,FIELD_0001
410340,"Galva silty clay loam, 2 to 5 percent slopes",Primghar,5,Somewhat poorly drained,0.0,20.0,6.2,6.5,0.22,36.0,3.0,61.0,1.25,30.3,FIELD_0001
410341,"Galva silty clay loam, 5 to 9 percent slopes, eroded",Galva,5,Well drained,0.0,15.0,4.0,5.7,0.22,32.0,4.0,64.0,1.28,25.2,FIELD_0001
410341,"Galva silty clay loam, 5 to 9 percent slopes, eroded",Primghar,5,Somewhat poorly drained,0.0,20.0,6.2,6.5,0.22,36.0,3.0,61.0,1.25,30.3,FIELD_0001
410341,"Galva silty clay loam, 5 to 9 percent slopes, eroded",Steinauer,5,Well drained,0.0,10.0,2.7,7.9,0.18,29.5,33.6,36.9,1.45,24.5,FIELD_0001
410351,"Radford silty clay loam, 2 to 5 percent slopes",Colo,5,Poorly drained,0.0,20.0,4.0,6.0,0.22,24.0,7.0,69.0,1.34,20.6,FIELD_0001
410351,"Radford silty clay loam, 2 to 5 percent slopes",Primghar,5,Somewhat poorly drained,0.0,20.0,6.2,6.5,0.22,36.0,3.0,61.0,1.25,30.3,FIELD_0001
410363,"Galva silty clay loam, terrace, 0 to 2 percent slopes",Primghar,5,Somewhat poorly drained,0.0,20.0,6.2,6.5,0.22,36.0,3.0,61.0,1.25,30.3,FIELD_0001
410364,"Galva silty clay loam, terrace, 2 to 5 percent slopes",Galva,5,Well drained,0.0,15.0,3.1,5.8,0.22,32.0,5.0,63.0,1.28,25.2,FIELD_0001
410341,"Galva silty clay loam, 5 to 9 percent slopes, eroded",Steinauer,5,Well drained,10.0,28.0,1.6,8.2,0.16,29.5,33.6,36.9,1.45,24.0,FIELD_0001
410341,"Galva silty clay loam, 5 to 9 percent slopes, eroded",Galva,5,Well drained,15.0,43.0,3.5,6.5,0.22,33.0,3.0,64.0,1.28,27.3,FIELD_0001
410364,"Galva silty clay loam, terrace, 2 to 5 percent slopes",Galva,5,Well drained,15.0,25.0,1.6,6.6,0.22,32.0,5.0,63.0,1.28,27.3,FIELD_0001
410330,"Ida silt loam, 5 to 9 percent slopes, severely eroded",Monona,5,Well drained,18.0,76.0,0.7,6.6,0.21,24.0,4.0,72.0,1.33,18.9,FIELD_0001
410330,"Ida silt loam, 5 to 9 percent slopes, severely eroded",Napier,5,Well drained,20.0,74.0,3.25,6.7,0.23,23.5,7.0,69.5,1.36,20.1,FIELD_0001
410340,"Galva silty clay loam, 2 to 5 percent slopes",Primghar,5,Somewhat poorly drained,20.0,43.0,4.0,6.5,0.22,37.0,2.0,61.0,1.3,30.5,FIELD_0001
410341,"Galva silty clay loam, 5 to 9 percent slopes, eroded",Primghar,5,Somewhat poorly drained,20.0,43.0,4.0,6.5,0.22,37.0,2.0,61.0,1.3,30.5,FIELD_0001
410351,"Radford silty clay loam, 2 to 5 percent slopes",Colo,5,Poorly drained,20.0,36.0,3.5,6.0,0.22,25.0,3.0,72.0,1.28,21.3,FIELD_0001
410351,"Radford silty clay loam, 2 to 5 percent slopes",Primghar,5,Somewhat poorly drained,20.0,43.0,4.0,6.5,0.22,37.0,2.0,61.0,1.3,30.5,FIELD_0001
410363,"Galva silty clay loam, terrace, 0 to 2 percent slopes",Primghar,5,Somewhat poorly drained,20.0,43.0,4.0,6.5,0.22,37.0,2.0,61.0,1.3,30.5,FIELD_0001
410364,"Galva silty clay loam, terrace, 2 to 5 percent slopes",Galva,5,Well drained,25.0,79.0,1.5,7.0,0.19,29.0,5.0,66.0,1.33,24.7,FIELD_0001
410341,"Galva silty clay loam, 5 to 9 percent slopes, eroded",Steinauer,5,Well drained,28.0,152.0,0.5,8.2,0.14,29.5,33.6,36.9,1.65,22.9,FIELD_0001
2668821,"Clime-Sogn complex, 3 to 20 percent slopes",Clime,60,Well drained,0.0,25.0,3.0,7.5,0.16,41.0,5.0,54.0,1.32,22.1,FIELD_0002
2668821,"Clime-Sogn complex, 3 to 20 percent slopes",Clime,60,Well drained,25.0,48.0,2.0,7.9,0.11,48.0,9.0,43.0,1.34,25.7,FIELD_0002
1472142,"Florence-Labette complex, 2 to 12 percent slopes",Florence,50,Well drained,0.0,10.0,3.0,6.0,0.14,24.0,10.0,66.0,1.32,20.1,FIELD_0002
1472142,"Florence-Labette complex, 2 to 12 percent slopes",Florence,50,Well drained,10.0,38.0,2.0,6.0,0.04,30.0,9.0,61.0,1.36,24.0,FIELD_0002
1472142,"Florence-Labette complex, 2 to 12 percent slopes",Labette,35,Well drained,0.0,18.0,3.0,6.1,0.19,35.0,4.0,61.0,1.24,28.7,FIELD_0002
1472142,"Florence-Labette complex, 2 to 12 percent slopes",Labette,35,Well drained,18.0,33.0,2.0,6.1,0.19,38.0,5.0,57.0,1.34,30.4,FIELD_0002
2668821,"Clime-Sogn complex, 3 to 20 percent slopes",Sogn,25,Somewhat excessively drained,0.0,13.0,4.0,7.5,0.24,35.0,10.0,55.0,1.25,28.1,FIELD_0002
2668821,"Clime-Sogn complex, 3 to 20 percent slopes",Sogn,25,Somewhat excessively drained,13.0,18.0,3.5,7.5,0.15,37.0,9.0,54.0,1.31,29.4,FIELD_0002
2668821,"Clime-Sogn complex, 3 to 20 percent slopes",Sogn,25,Somewhat excessively drained,18.0,200.0,,,,,,,,,FIELD_0002
1472142,"Florence-Labette complex, 2 to 12 percent slopes",Tully,5,Well drained,0.0,25.0,3.0,6.5,0.2,34.0,5.0,61.0,1.02,27.9,FIELD_0002
2668821,"Clime-Sogn complex, 3 to 20 percent slopes",Labette,5,Well drained,0.0,18.0,3.0,6.1,0.19,35.0,4.0,61.0,1.24,28.7,FIELD_0002
2668821,"Clime-Sogn complex, 3 to 20 percent slopes",Martin,5,Moderately well drained,0.0,20.0,3.0,6.1,0.2,34.0,5.0,61.0,1.36,27.1,FIELD_0002
2668821,"Clime-Sogn complex, 3 to 20 percent slopes",Labette,5,Well drained,18.0,33.0,2.0,6.1,0.19,38.0,5.0,57.0,1.34,30.4,FIELD_0002
2668821,"Clime-Sogn complex, 3 to 20 percent slopes",Martin,5,Moderately well drained,20.0,36.0,2.0,6.1,0.2,34.0,5.0,61.0,1.3,26.8,FIELD_0002
1472142,"Florence-Labette complex, 2 to 12 percent slopes",Tully,5,Well drained,25.0,41.0,2.5,6.5,0.19,36.0,4.0,60.0,1.15,29.2,FIELD_0002
1472142,"Florence-Labette complex, 2 to 12 percent slopes",Sogn,4,Somewhat excessively drained,0.0,13.0,4.0,7.5,0.24,35.0,10.0,55.0,1.25,28.1,FIELD_0002
2668821,"Clime-Sogn complex, 3 to 20 percent slopes",Rock outcrop,4,,0.0,200.0,,,,,,,,,FIELD_0002
1472142,"Florence-Labette complex, 2 to 12 percent slopes",Sogn,4,Somewhat excessively drained,13.0,18.0,3.5,7.5,0.15,37.0,9.0,54.0,1.31,29.4,FIELD_0002
1472142,"Florence-Labette complex, 2 to 12 percent slopes",Sogn,4,Somewhat excessively drained,18.0,200.0,,,,,,,,,FIELD_0002
1472142,"Florence-Labette complex, 2 to 12 percent slopes",Clime,3,Well drained,0.0,25.0,3.0,7.5,0.16,41.0,5.0,54.0,1.32,22.1,FIELD_0002
1472142,"Florence-Labette complex, 2 to 12 percent slopes",Clime,3,Well drained,25.0,48.0,2.0,7.9,0.11,48.0,9.0,43.0,1.34,25.7,FIELD_0002
1472142,"Florence-Labette complex, 2 to 12 percent slopes",Dwight,2,Moderately well drained,0.0,15.0,3.0,6.5,0.22,23.0,7.0,70.0,1.15,19.4,FIELD_0002
1472142,"Florence-Labette complex, 2 to 12 percent slopes",Dwight,2,Moderately well drained,15.0,71.0,1.0,8.0,0.13,53.0,4.0,43.0,1.25,38.3,FIELD_0002
1472142,"Florence-Labette complex, 2 to 12 percent slopes",Aquolls,1,Poorly drained,0.0,30.0,3.0,6.5,0.21,33.0,7.0,60.0,1.3,26.0,FIELD_0002
2668821,"Clime-Sogn complex, 3 to 20 percent slopes",Aquolls,1,Poorly drained,0.0,15.0,3.5,6.7,0.13,56.0,1.0,43.0,1.23,41.2,FIELD_0002
2668821,"Clime-Sogn complex, 3 to 20 percent slopes",Aquolls,1,Poorly drained,15.0,43.0,1.5,6.2,0.13,58.0,1.0,41.0,1.34,38.5,FIELD_0002
1457096,Pits,Pits,100,,,,,,,,,,,,FIELD_0003
1457061,"Muir silt loam, rarely flooded",Muir,90,Well drained,0.0,18.0,3.0,6.1,0.22,23.0,12.0,65.0,1.3,19.6,FIELD_0003
1457092,"Wymore silty clay loam, 1 to 3 percent slopes",Wymore,90,Moderately well drained,0.0,15.0,3.0,6.0,0.22,35.0,4.0,61.0,1.3,27.8,FIELD_0003
1691113,"Malmo clay loam, 2 to 6 percent slopes, eroded",Malmo,90,Moderately well drained,0.0,15.0,3.0,6.1,0.18,38.0,23.0,39.0,1.37,29.9,FIELD_0003
1691117,"Nodaway silt loam, occasionally flooded",Nodaway,90,Moderately well drained,0.0,18.0,3.5,6.7,0.22,25.0,7.0,68.0,1.3,22.1,FIELD_0003
1691123,"Wymore silty clay loam, 0 to 2 percent slopes",Wymore,90,Moderately well drained,0.0,15.0,3.0,6.0,0.22,35.0,4.0,61.0,1.3,27.8,FIELD_0003
2605988,"Ladysmith silty clay loam, 0 to 1 percent slopes",Ladysmith,90,Somewhat poorly drained,0.0,20.0,3.0,5.7,0.21,33.0,7.0,60.0,1.3,26.4,FIELD_0003
1457092,"Wymore silty clay loam, 1 to 3 percent slopes",Wymore,90,Moderately well drained,15.0,28.0,2.5,6.0,0.19,38.0,3.0,59.0,1.35,29.7,FIELD_0003
1691113,"Malmo clay loam, 2 to 6 percent slopes, eroded",Malmo,90,Moderately well drained,15.0,55.0,0.7,7.0,0.12,39.0,23.0,38.0,1.43,29.1,FIELD_0003
1691123,"Wymore silty clay loam, 0 to 2 percent slopes",Wymore,90,Moderately well drained,15.0,28.0,2.5,6.0,0.19,38.0,3.0,59.0,1.35,29.7,FIELD_0003
1457061,"Muir silt loam, rarely flooded",Muir,90,Well drained,18.0,46.0,2.5,6.3,0.22,24.0,10.0,66.0,1.35,20.3,FIELD_0003
1691117,"Nodaway silt loam, occasionally flooded",Nodaway,90,Moderately well drained,18.0,30.0,0.7,6.7,0.22,25.0,11.0,64.0,1.3,20.7,FIELD_0003
2605988,"Ladysmith silty clay loam, 0 to 1 percent slopes",Ladysmith,90,Somewhat poorly drained,20.0,91.0,2.0,7.0,0.15,47.0,6.0,47.0,1.35,35.4,FIELD_0003
1457092,"Wymore silty clay loam, 1 to 3 percent slopes",Wymore,90,Moderately well drained,28.0,45.0,1.0,6.4,0.14,46.0,2.0,52.0,1.4,33.9,FIELD_0003
1691123,"Wymore silty clay loam, 0 to 2 percent slopes",Wymore,90,Moderately well drained,28.0,45.0,1.0,6.4,0.14,46.0,2.0,52.0,1.4,33.6,FIELD_0003
1457072,"Tully silty clay loam, 3 to 7 percent slopes, eroded",Tully,85,Well drained,0.0,18.0,3.0,6.5,0.2,33.0,5.0,62.0,0.96,27.9,FIELD_0003
1457083,"Morrill loam, 1 to 3 percent slopes",Morrill,85,Well drained,0.0,15.0,2.5,5.8,0.18,22.0,36.0,42.0,1.39,18.7,FIELD_0003
1457086,"Pawnee clay loam, 1 to 4 percent slopes",Pawnee,85,Moderately well drained,0.0,15.0,2.0,5.6,0.18,35.0,23.0,42.0,1.4,27.4,FIELD_0003
1457093,"Wymore silty clay loam, 3 to 6 percent slopes, eroded",Wymore,85,Moderately well drained,0.0,15.0,3.0,6.0,0.22,38.0,4.0,58.0,1.3,27.8,FIELD_0003
1691118,"Nodaway silt loam, channeled, occasionally flooded",Nodaway,85,Moderately well drained,0.0,18.0,2.5,6.7,0.22,24.0,7.0,69.0,1.3,22.5,FIELD_0003
1691119,"Otoe silty clay loam, 6 to 11 percent slopes, eroded",Otoe,85,Moderately well drained,0.0,15.0,3.0,5.9,0.19,38.0,5.0,57.0,1.26,29.9,FIELD_0003
1691124,"Wymore silty clay loam, 2 to 6 percent slopes",Wymore,85,Moderately well drained,0.0,15.0,3.0,6.0,0.22,35.0,4.0,61.0,1.3,27.8,FIELD_0003
2505125,"Pawnee clay loam, 4 to 8 percent slopes, eroded",Pawnee,85,Moderately well drained,0.0,15.0,2.0,5.6,0.18,31.0,23.0,46.0,1.33,24.7,FIELD_0003
2559442,"Kennebec silt loam, occasionally flooded",Kennebec,85,Moderately well drained,0.0,20.0,3.0,6.2,0.25,25.0,7.0,68.0,1.4,21.2,FIELD_0003
2559451,"Kennebec silt loam, occasionally flooded",Kennebec,85,Moderately well drained,0.0,20.0,3.0,6.2,0.25,25.0,7.0,68.0,1.4,21.2,FIELD_0003
1457083,"Morrill loam, 1 to 3 percent slopes",Morrill,85,Well drained,15.0,36.0,2.5,5.8,0.15,28.0,32.0,40.0,1.36,23.3,FIELD_0003
1457086,"Pawnee clay loam, 1 to 4 percent slopes",Pawnee,85,Moderately well drained,15.0,25.0,2.0,5.6,0.18,35.0,23.0,42.0,1.4,27.4,FIELD_0003
1457093,"Wymore silty clay loam, 3 to 6 percent slopes, eroded",Wymore,85,Moderately well drained,15.0,27.0,0.75,6.4,0.14,46.0,2.0,52.0,1.4,33.6,FIELD_0003
1691119,"Otoe silty clay loam, 6 to 11 percent slopes, eroded",Otoe,85,Moderately well drained,15.0,45.0,1.4,6.6,0.13,45.0,2.0,53.0,1.4,33.7,FIELD_0003
1691124,"Wymore silty clay loam, 2 to 6 percent slopes",Wymore,85,Moderately well drained,15.0,25.0,2.5,6.0,0.19,38.0,3.0,59.0,1.35,29.7,FIELD_0003
2505125,"Pawnee clay loam, 4 to 8 percent slopes, eroded",Pawnee,85,Moderately well drained,15.0,22.0,2.0,5.6,0.18,33.0,23.0,44.0,1.35,26.1,FIELD_0003
1457072,"Tully silty clay loam, 3 to 7 percent slopes, eroded",Tully,85,Well drained,18.0,71.0,1.5,6.7,0.14,47.0,2.0,51.0,1.4,37.1,FIELD_0003
1691118,"Nodaway silt loam, channeled, occasionally flooded",Nodaway,85,Moderately well drained,18.0,203.0,0.25,6.7,0.22,24.0,7.0,69.0,1.3,22.5,FIELD_0003
2559442,"Kennebec silt loam, occasionally flooded",Kennebec,85,Moderately well drained,20.0,104.0,2.5,6.3,0.25,24.0,6.0,70.0,1.35,21.0,FIELD_0003
2559451,"Kennebec silt loam, occasionally flooded",Kennebec,85,Moderately well drained,20.0,104.0,2.5,6.3,0.25,24.0,6.0,70.0,1.35,21.0,FIELD_0003
2505125,"Pawnee clay loam, 4 to 8 percent slopes, eroded",Pawnee,85,Moderately well drained,22.0,31.0,1.0,6.9,0.12,44.0,23.0,33.0,1.45,32.7,FIELD_0003
1457086,"Pawnee clay loam, 1 to 4 percent slopes",Pawnee,85,Moderately well drained,25.0,35.0,1.0,6.9,0.12,44.0,23.0,33.0,1.45,32.7,FIELD_0003
1691124,"Wymore silty clay loam, 2 to 6 percent slopes",Wymore,85,Moderately well drained,25.0,35.0,1.2,6.4,0.14,46.0,2.0,52.0,1.4,34.1,FIELD_0003
1457093,"Wymore silty clay loam, 3 to 6 percent slopes, eroded",Wymore,85,Moderately well drained,27.0,102.0,0.5,6.9,0.17,39.0,2.0,59.0,1.4,28.8,FIELD_0003
1457070,"Kipson-Sogn complex, 5 to 30 percent slopes",Kipson,60,Somewhat excessively drained,0.0,20.0,6.0,7.9,0.18,30.0,12.0,58.0,1.19,24.1,FIELD_0003
1691109,"Kipson-Sogn complex, 3 to 30 percent slopes",Kipson,60,Somewhat excessively drained,0.0,20.0,6.0,7.9,0.18,30.0,12.0,58.0,1.19,24.1,FIELD_0003
1691114,"Malmo, eroded-Pawnee complex, 6 to 11 percent slopes",Malmo,60,Moderately well drained,0.0,15.0,3.0,6.1,0.18,38.0,23.0,39.0,1.4,29.9,FIELD_0003
1691114,"Malmo, eroded-Pawnee complex, 6 to 11 percent slopes",Malmo,60,Moderately well drained,15.0,55.0,0.7,7.0,0.12,39.0,23.0,38.0,1.4,29.1,FIELD_0003
1457070,"Kipson-Sogn complex, 5 to 30 percent slopes",Kipson,60,Somewhat excessively drained,20.0,33.0,3.0,8.0,0.18,28.0,14.0,58.0,1.32,20.4,FIELD_0003
1691109,"Kipson-Sogn complex, 3 to 30 percent slopes",Kipson,60,Somewhat excessively drained,20.0,33.0,3.0,8.0,0.18,28.0,14.0,58.0,1.36,20.4,FIELD_0003
1691110,"Kipson-Sogn-Rock Outcrop complex, 11 to 60 percent slopes",Kipson,50,Somewhat excessively drained,0.0,20.0,6.0,7.9,0.18,30.0,12.0,58.0,1.19,24.1,FIELD_0003
1691110,"Kipson-Sogn-Rock Outcrop complex, 11 to 60 percent slopes",Kipson,50,Somewhat excessively drained,20.0,33.0,3.0,8.0,0.18,28.0,14.0,58.0,1.36,20.4,FIELD_0003
1691110,"Kipson-Sogn-Rock Outcrop complex, 11 to 60 percent slopes",Sogn,35,Somewhat excessively drained,0.0,13.0,4.0,7.5,0.21,35.0,30.0,35.0,1.32,28.1,FIELD_0003
1691110,"Kipson-Sogn-Rock Outcrop complex, 11 to 60 percent slopes",Sogn,35,Somewhat excessively drained,13.0,18.0,3.5,7.5,0.15,37.0,9.0,54.0,1.31,29.4,FIELD_0003
1691110,"Kipson-Sogn-Rock Outcrop complex, 11 to 60 percent slopes",Sogn,35,Somewhat excessively drained,18.0,200.0,,,,,,,,,FIELD_0003
1691114,"Malmo, eroded-Pawnee complex, 6 to 11 percent slopes",Pawnee,30,Moderately well drained,0.0,15.0,2.0,5.6,0.18,35.0,23.0,42.0,1.4,27.4,FIELD_0003
1691114,"Malmo, eroded-Pawnee complex, 6 to 11 percent slopes",Pawnee,30,Moderately well drained,15.0,22.0,2.0,5.6,0.18,35.0,23.0,42.0,1.4,27.4,FIELD_0003
1691114,"Malmo, eroded-Pawnee complex, 6 to 11 percent slopes",Pawnee,30,Moderately well drained,22.0,29.0,1.0,6.9,0.12,44.0,23.0,33.0,1.45,32.7,FIELD_0003
1691114,"Malmo, eroded-Pawnee complex, 6 to 11 percent slopes",Pawnee,30,Moderately well drained,29.0,85.0,0.5,7.8,0.12,40.0,26.0,34.0,1.55,29.4,FIELD_0003
1691109,"Kipson-Sogn complex, 3 to 30 percent slopes",Sogn,25,Somewhat excessively drained,0.0,13.0,4.0,7.5,0.24,35.0,10.0,55.0,1.25,28.1,FIELD_0003
1691109,"Kipson-Sogn complex, 3 to 30 percent slopes",Sogn,25,Somewhat excessively drained,13.0,18.0,3.5,7.5,0.15,37.0,9.0,54.0,1.31,29.4,FIELD_0003
1691109,"Kipson-Sogn complex, 3 to 30 percent slopes",Sogn,25,Somewhat excessively drained,18.0,200.0,,,,,,,,,FIELD_0003
1457070,"Kipson-Sogn complex, 5 to 30 percent slopes",Sogn,20,Somewhat excessively drained,0.0,13.0,4.0,7.5,0.24,35.0,10.0,55.0,1.25,28.1,FIELD_0003
1457070,"Kipson-Sogn complex, 5 to 30 percent slopes",Sogn,20,Somewhat excessively drained,13.0,18.0,3.5,7.5,0.15,37.0,9.0,54.0,1.31,29.4,FIELD_0003
1457070,"Kipson-Sogn complex, 5 to 30 percent slopes",Sogn,20,Somewhat excessively drained,18.0,200.0,,,,,,,,,FIELD_0003
1691110,"Kipson-Sogn-Rock Outcrop complex, 11 to 60 percent slopes",Rock outcrop,15,,0.0,200.0,,,,,,,,,FIELD_0003
1691114,"Malmo, eroded-Pawnee complex, 6 to 11 percent slopes",Otoe,10,Moderately well drained,0.0,15.0,3.0,6.0,0.22,35.0,4.0,61.0,1.3,27.8,FIELD_0003
1691118,"Nodaway silt loam, channeled, occasionally flooded",Nodaway,10,Moderately well drained,0.0,18.0,2.5,6.7,0.22,24.0,7.0,69.0,1.3,22.5,FIELD_0003
1691119,"Otoe silty clay loam, 6 to 11 percent slopes, eroded",Malmo,10,Moderately well drained,0.0,15.0,3.0,6.1,0.18,38.0,23.0,39.0,1.4,29.9,FIELD_0003
1691114,"Malmo, eroded-Pawnee complex, 6 to 11 percent slopes",Otoe,10,Moderately well drained,15.0,35.0,0.8,6.4,0.14,46.0,2.0,52.0,1.4,33.7,FIELD_0003
1691119,"Otoe silty clay loam, 6 to 11 percent slopes, eroded",Malmo,10,Moderately well drained,15.0,55.0,0.7,7.0,0.12,39.0,23.0,38.0,1.4,29.1,FIELD_0003
1691118,"Nodaway silt loam, channeled, occasionally flooded",Nodaway,10,Moderately well drained,18.0,203.0,0.25,6.7,0.22,24.0,7.0,69.0,1.3,22.5,FIELD_0003
1457092,"Wymore silty clay loam, 1 to 3 percent slopes",Baileyville,7,Moderately well drained,0.0,15.0,2.5,6.5,0.13,40.0,2.0,58.0,1.37,31.0,FIELD_0003
1457092,"Wymore silty clay loam, 1 to 3 percent slopes",Baileyville,7,Moderately well drained,15.0,48.0,1.5,6.0,0.12,47.0,1.0,52.0,1.35,35.0,FIELD_0003
1457061,"Muir silt loam, rarely flooded",Detroit,5,Moderately well drained,0.0,16.0,3.0,6.2,0.21,30.0,10.0,60.0,1.3,24.4,FIELD_0003
1457070,"Kipson-Sogn complex, 5 to 30 percent slopes",Crete,5,Moderately well drained,0.0,13.0,3.0,5.7,0.21,30.0,7.0,63.0,1.27,24.4,FIELD_0003
1457070,"Kipson-Sogn complex, 5 to 30 percent slopes",Labette,5,Well drained,0.0,23.0,3.0,6.1,0.19,35.0,4.0,61.0,1.32,28.7,FIELD_0003
1457070,"Kipson-Sogn complex, 5 to 30 percent slopes",Rock outcrop,5,,0.0,200.0,,,,,,,,,FIELD_0003
1457072,"Tully silty clay loam, 3 to 7 percent slopes, eroded",Martin,5,Moderately well drained,0.0,20.0,3.0,6.1,0.16,40.0,10.0,50.0,1.15,31.2,FIELD_0003
1457083,"Morrill loam, 1 to 3 percent slopes",Ortello,5,Well drained,0.0,20.0,1.5,6.5,0.16,10.0,66.0,24.0,1.5,9.7,FIELD_0003
1457083,"Morrill loam, 1 to 3 percent slopes",Pawnee,5,Moderately well drained,0.0,15.0,2.0,5.6,0.18,35.0,23.0,42.0,1.4,27.4,FIELD_0003
1457083,"Morrill loam, 1 to 3 percent slopes",Wymore,5,Moderately well drained,0.0,15.0,3.0,6.0,0.22,35.0,4.0,61.0,1.3,27.8,FIELD_0003
1457086,"Pawnee clay loam, 1 to 4 percent slopes",Martin,5,Moderately well drained,0.0,15.0,3.5,6.1,0.17,33.0,6.0,61.0,1.4,26.6,FIELD_0003
1457086,"Pawnee clay loam, 1 to 4 percent slopes",Morrill,5,Well drained,0.0,15.0,2.0,5.8,0.14,27.0,33.0,40.0,1.39,22.3,FIELD_0003
1457086,"Pawnee clay loam, 1 to 4 percent slopes",Wymore,5,Moderately well drained,0.0,15.0,3.0,6.0,0.22,35.0,4.0,61.0,1.3,27.8,FIELD_0003
1457093,"Wymore silty clay loam, 3 to 6 percent slopes, eroded",Baileyville,5,Moderately well drained,0.0,15.0,2.5,6.5,0.13,40.0,2.0,58.0,1.37,31.0,FIELD_0003
1457093,"Wymore silty clay loam, 3 to 6 percent slopes, eroded",Pawnee,5,Moderately well drained,0.0,18.0,2.0,5.6,0.18,35.0,23.0,42.0,1.4,27.4,FIELD_0003
1691109,"Kipson-Sogn complex, 3 to 30 percent slopes",Benfield,5,Well drained,0.0,20.0,4.0,7.0,0.21,32.0,6.0,62.0,1.29,26.8,FIELD_0003
1691109,"Kipson-Sogn complex, 3 to 30 percent slopes",Judson,5,Well drained,0.0,23.0,3.0,6.2,0.18,26.0,12.0,62.0,1.24,21.9,FIELD_0003
1691109,"Kipson-Sogn complex, 3 to 30 percent slopes",Rock outcrop,5,,0.0,200.0,,,,,,,,,FIELD_0003
1691113,"Malmo clay loam, 2 to 6 percent slopes, eroded",Morrill,5,Well drained,0.0,15.0,2.0,5.8,0.14,27.0,33.0,40.0,1.39,22.3,FIELD_0003
1691113,"Malmo clay loam, 2 to 6 percent slopes, eroded",Pawnee,5,Moderately well drained,0.0,15.0,2.0,5.6,0.16,35.0,23.0,42.0,1.42,27.4,FIELD_0003
1691117,"Nodaway silt loam, occasionally flooded",Judson,5,Well drained,0.0,20.0,3.0,6.5,0.22,23.0,5.0,72.0,1.19,19.6,FIELD_0003
1691119,"Otoe silty clay loam, 6 to 11 percent slopes, eroded",Wymore,5,Moderately well drained,0.0,15.0,3.0,6.0,0.22,35.0,4.0,61.0,1.3,27.8,FIELD_0003
1691124,"Wymore silty clay loam, 2 to 6 percent slopes",Malmo,5,Moderately well drained,0.0,15.0,3.0,6.1,0.18,38.0,30.0,32.0,1.4,29.5,FIELD_0003
1691124,"Wymore silty clay loam, 2 to 6 percent slopes",Otoe,5,Moderately well drained,0.0,15.0,3.3,5.9,0.19,40.0,2.0,58.0,1.4,26.8,FIELD_0003
1691124,"Wymore silty clay loam, 2 to 6 percent slopes",Pawnee,5,Moderately well drained,0.0,18.0,2.0,5.6,0.18,35.0,23.0,42.0,1.4,27.4,FIELD_0003
2505125,"Pawnee clay loam, 4 to 8 percent slopes, eroded",Morrill,5,Well drained,0.0,15.0,2.0,5.8,0.14,27.0,33.0,40.0,1.39,22.3,FIELD_0003
2559442,"Kennebec silt loam, occasionally flooded",Muscotah,5,Somewhat poorly drained,0.0,15.0,3.0,6.9,0.15,35.0,5.0,60.0,1.25,27.1,FIELD_0003
2559451,"Kennebec silt loam, occasionally flooded",Muscotah,5,Somewhat poorly drained,0.0,15.0,3.0,6.9,0.15,35.0,5.0,60.0,1.25,27.1,FIELD_0003
2605988,"Ladysmith silty clay loam, 0 to 1 percent slopes",Dwight,5,Moderately well drained,0.0,15.0,3.0,6.5,0.22,23.0,7.0,70.0,1.1,19.4,FIELD_0003
1457070,"Kipson-Sogn complex, 5 to 30 percent slopes",Crete,5,Moderately well drained,13.0,25.0,2.5,6.1,0.19,36.0,5.0,59.0,1.29,28.3,FIELD_0003
1457083,"Morrill loam, 1 to 3 percent slopes",Pawnee,5,Moderately well drained,15.0,25.0,2.0,5.6,0.18,35.0,23.0,42.0,1.4,27.4,FIELD_0003
1457083,"Morrill loam, 1 to 3 percent slopes",Wymore,5,Moderately well drained,15.0,28.0,2.5,6.0,0.19,38.0,3.0,59.0,1.35,29.7,FIELD_0003
1457086,"Pawnee clay loam, 1 to 4 percent slopes",Martin,5,Moderately well drained,15.0,30.0,2.5,6.1,0.15,36.0,5.0,59.0,1.4,28.3,FIELD_0003
1457086,"Pawnee clay loam, 1 to 4 percent slopes",Morrill,5,Well drained,15.0,27.0,1.5,5.8,0.15,28.0,32.0,40.0,1.36,22.8,FIELD_0003
1457086,"Pawnee clay loam, 1 to 4 percent slopes",Wymore,5,Moderately well drained,15.0,28.0,2.5,6.0,0.19,38.0,3.0,59.0,1.35,29.7,FIELD_0003
1457093,"Wymore silty clay loam, 3 to 6 percent slopes, eroded",Baileyville,5,Moderately well drained,15.0,48.0,1.5,6.0,0.12,47.0,1.0,52.0,1.35,35.0,FIELD_0003
1691113,"Malmo clay loam, 2 to 6 percent slopes, eroded",Morrill,5,Well drained,15.0,36.0,2.0,5.8,0.15,28.0,32.0,40.0,1.41,23.1,FIELD_0003
1691113,"Malmo clay loam, 2 to 6 percent slopes, eroded",Pawnee,5,Moderately well drained,15.0,35.0,0.7,7.3,0.14,42.0,25.0,33.0,1.45,31.0,FIELD_0003
1691119,"Otoe silty clay loam, 6 to 11 percent slopes, eroded",Wymore,5,Moderately well drained,15.0,28.0,2.5,6.0,0.19,38.0,3.0,59.0,1.35,29.7,FIELD_0003
1691124,"Wymore silty clay loam, 2 to 6 percent slopes",Malmo,5,Moderately well drained,15.0,38.0,0.75,7.0,0.12,46.0,24.0,30.0,1.4,33.6,FIELD_0003
1691124,"Wymore silty clay loam, 2 to 6 percent slopes",Otoe,5,Moderately well drained,15.0,38.0,1.6,6.8,0.13,45.0,1.0,54.0,1.4,26.3,FIELD_0003
2505125,"Pawnee clay loam, 4 to 8 percent slopes, eroded",Morrill,5,Well drained,15.0,36.0,2.0,5.8,0.15,28.0,32.0,40.0,1.36,23.1,FIELD_0003
2559442,"Kennebec silt loam, occasionally flooded",Muscotah,5,Somewhat poorly drained,15.0,28.0,2.4,6.7,0.13,37.0,3.0,60.0,1.25,28.3,FIELD_0003
2559451,"Kennebec silt loam, occasionally flooded",Muscotah,5,Somewhat poorly drained,15.0,28.0,2.4,6.7,0.13,37.0,3.0,60.0,1.25,28.3,FIELD_0003
2605988,"Ladysmith silty clay loam, 0 to 1 percent slopes",Dwight,5,Moderately well drained,15.0,71.0,1.0,8.0,0.13,53.0,4.0,43.0,1.25,38.3,FIELD_0003
1457061,"Muir silt loam, rarely flooded",Detroit,5,Moderately well drained,16.0,34.0,2.0,6.5,0.2,33.0,8.0,59.0,1.35,26.1,FIELD_0003
1457093,"Wymore silty clay loam, 3 to 6 percent slopes, eroded",Pawnee,5,Moderately well drained,18.0,25.0,2.0,5.6,0.18,35.0,23.0,42.0,1.4,27.4,FIELD_0003
1691124,"Wymore silty clay loam, 2 to 6 percent slopes",Pawnee,5,Moderately well drained,18.0,25.0,2.0,5.6,0.18,35.0,23.0,42.0,1.4,27.4,FIELD_0003
1457072,"Tully silty clay loam, 3 to 7 percent slopes, eroded",Martin,5,Moderately well drained,20.0,36.0,2.0,6.1,0.15,47.0,9.0,44.0,1.4,35.4,FIELD_0003
1457083,"Morrill loam, 1 to 3 percent slopes",Ortello,5,Well drained,20.0,35.0,1.0,6.5,0.16,14.0,66.0,20.0,1.5,12.0,FIELD_0003
1691109,"Kipson-Sogn complex, 3 to 30 percent slopes",Benfield,5,Well drained,20.0,40.0,3.0,7.7,0.14,45.0,4.0,51.0,1.28,36.0,FIELD_0003
1691117,"Nodaway silt loam, occasionally flooded",Judson,5,Well drained,20.0,91.0,2.2,6.5,0.22,26.0,3.0,71.0,1.16,21.7,FIELD_0003
1457070,"Kipson-Sogn complex, 5 to 30 percent slopes",Labette,5,Well drained,23.0,38.0,2.0,6.1,0.19,38.0,5.0,57.0,1.3,30.4,FIELD_0003
1691109,"Kipson-Sogn complex, 3 to 30 percent slopes",Judson,5,Well drained,23.0,56.0,2.5,6.2,0.18,26.0,10.0,64.0,1.32,21.8,FIELD_0003
1457070,"Kipson-Sogn complex, 5 to 30 percent slopes",Crete,5,Moderately well drained,25.0,53.0,1.5,6.5,0.14,47.0,4.0,49.0,1.35,35.0,FIELD_0003
1457083,"Morrill loam, 1 to 3 percent slopes",Pawnee,5,Moderately well drained,25.0,35.0,1.0,6.9,0.12,44.0,23.0,33.0,1.45,32.7,FIELD_0003
1457093,"Wymore silty clay loam, 3 to 6 percent slopes, eroded",Pawnee,5,Moderately well drained,25.0,54.0,0.75,6.9,0.12,44.0,23.0,33.0,1.45,32.4,FIELD_0003
1691124,"Wymore silty clay loam, 2 to 6 percent slopes",Pawnee,5,Moderately well drained,25.0,54.0,0.75,6.9,0.12,44.0,23.0,33.0,1.45,32.4,FIELD_0003
1457086,"Pawnee clay loam, 1 to 4 percent slopes",Morrill,5,Well drained,27.0,72.0,0.8,6.5,0.13,32.0,38.0,30.0,1.45,25.1,FIELD_0003
1457083,"Morrill loam, 1 to 3 percent slopes",Wymore,5,Moderately well drained,28.0,45.0,1.0,6.4,0.14,46.0,2.0,52.0,1.4,33.9,FIELD_0003
1457086,"Pawnee clay loam, 1 to 4 percent slopes",Wymore,5,Moderately well drained,28.0,45.0,1.0,6.4,0.14,46.0,2.0,52.0,1.4,33.9,FIELD_0003
1691119,"Otoe silty clay loam, 6 to 11 percent slopes, eroded",Wymore,5,Moderately well drained,28.0,45.0,1.0,6.4,0.14,46.0,2.0,52.0,1.4,33.9,FIELD_0003
2559442,"Kennebec silt loam, occasionally flooded",Muscotah,5,Somewhat poorly drained,28.0,64.0,2.0,6.8,0.13,37.0,3.0,60.0,1.25,28.1,FIELD_0003
2559451,"Kennebec silt loam, occasionally flooded",Muscotah,5,Somewhat poorly drained,28.0,64.0,2.0,6.8,0.13,37.0,3.0,60.0,1.25,28.1,FIELD_0003
1457061,"Muir silt loam, rarely flooded",Hobbs,4,Well drained,0.0,18.0,3.0,6.9,0.22,25.0,11.0,64.0,1.3,21.0,FIELD_0003
1457070,"Kipson-Sogn complex, 5 to 30 percent slopes",Tully,4,Well drained,0.0,25.0,3.0,6.5,0.2,33.0,5.0,62.0,1.31,27.2,FIELD_0003
1457093,"Wymore silty clay loam, 3 to 6 percent slopes, eroded",Irwin,4,Moderately well drained,0.0,28.0,3.0,6.5,0.21,33.0,8.0,59.0,1.3,27.2,FIELD_0003
1691123,"Wymore silty clay loam, 0 to 2 percent slopes",Aksarben,4,Well drained,0.0,15.0,3.5,5.7,0.16,32.0,4.0,64.0,1.34,25.9,FIELD_0003
1691123,"Wymore silty clay loam, 0 to 2 percent slopes",Butler,4,Somewhat poorly drained,0.0,22.0,3.0,6.2,0.24,22.0,6.0,72.0,1.35,18.6,FIELD_0003
2505125,"Pawnee clay loam, 4 to 8 percent slopes, eroded",Shelby,4,Well drained,0.0,15.0,3.0,6.5,0.17,29.0,37.0,34.0,1.45,24.2,FIELD_0003
2605988,"Ladysmith silty clay loam, 0 to 1 percent slopes",Irwin,4,Moderately well drained,0.0,18.0,3.0,6.5,0.21,33.0,8.0,59.0,1.3,27.2,FIELD_0003
1691123,"Wymore silty clay loam, 0 to 2 percent slopes",Aksarben,4,Well drained,15.0,30.0,3.0,6.5,0.16,34.0,2.0,64.0,1.35,27.1,FIELD_0003
2505125,"Pawnee clay loam, 4 to 8 percent slopes, eroded",Shelby,4,Well drained,15.0,22.0,2.5,6.5,0.16,30.0,37.0,33.0,1.45,24.8,FIELD_0003
1457061,"Muir silt loam, rarely flooded",Hobbs,4,Well drained,18.0,61.0,2.0,7.0,0.22,24.0,11.0,65.0,1.28,20.0,FIELD_0003
2605988,"Ladysmith silty clay loam, 0 to 1 percent slopes",Irwin,4,Moderately well drained,18.0,76.0,1.0,7.2,0.15,45.0,5.0,50.0,1.35,34.5,FIELD_0003
1691123,"Wymore silty clay loam, 0 to 2 percent slopes",Butler,4,Somewhat poorly drained,22.0,32.0,1.5,6.5,0.21,21.0,7.0,72.0,1.35,17.5,FIELD_0003
2505125,"Pawnee clay loam, 4 to 8 percent slopes, eroded",Shelby,4,Well drained,22.0,30.0,0.8,6.5,0.14,33.0,36.0,31.0,1.5,25.8,FIELD_0003
1457070,"Kipson-Sogn complex, 5 to 30 percent slopes",Tully,4,Well drained,25.0,41.0,2.5,6.5,0.19,35.0,4.0,61.0,1.25,28.5,FIELD_0003
1457093,"Wymore silty clay loam, 3 to 6 percent slopes, eroded",Irwin,4,Moderately well drained,28.0,76.0,1.0,7.2,0.15,45.0,5.0,50.0,1.35,34.5,FIELD_0003
1457072,"Tully silty clay loam, 3 to 7 percent slopes, eroded",Reading,3,Well drained,0.0,15.0,3.0,6.1,0.22,21.0,10.0,69.0,1.38,18.1,FIELD_0003
1691117,"Nodaway silt loam, occasionally flooded",Zook,3,Poorly drained,0.0,15.0,4.3,6.5,0.22,37.0,3.0,60.0,1.33,29.5,FIELD_0003
1691118,"Nodaway silt loam, channeled, occasionally flooded",Judson,3,Well drained,0.0,15.0,3.0,6.5,0.22,26.0,9.1,64.9,1.3,25.0,FIELD_0003
2505125,"Pawnee clay loam, 4 to 8 percent slopes, eroded",Grundy,3,Somewhat poorly drained,0.0,15.0,3.0,6.1,0.15,32.0,3.0,65.0,1.32,25.7,FIELD_0003
2559442,"Kennebec silt loam, occasionally flooded",Reading,3,Moderately well drained,0.0,15.0,3.0,6.6,0.23,24.0,6.0,70.0,1.38,20.4,FIELD_0003
2559442,"Kennebec silt loam, occasionally flooded",Wabash,3,Poorly drained,0.0,15.0,3.0,6.6,0.13,45.0,2.0,53.0,1.35,34.5,FIELD_0003
2559451,"Kennebec silt loam, occasionally flooded",Reading,3,Moderately well drained,0.0,15.0,3.0,6.6,0.23,24.0,6.0,70.0,1.38,20.4,FIELD_0003
2559451,"Kennebec silt loam, occasionally flooded",Wabash,3,Poorly drained,0.0,15.0,3.0,6.6,0.13,45.0,2.0,53.0,1.35,34.5,FIELD_0003
1457072,"Tully silty clay loam, 3 to 7 percent slopes, eroded",Reading,3,Well drained,15.0,36.0,3.0,6.1,0.21,28.0,5.0,67.0,1.3,23.5,FIELD_0003
1691117,"Nodaway silt loam, occasionally flooded",Zook,3,Poorly drained,15.0,48.0,3.2,6.5,0.18,35.0,3.0,62.0,1.33,27.9,FIELD_0003
1691118,"Nodaway silt loam, channeled, occasionally flooded",Judson,3,Well drained,15.0,79.0,3.0,6.5,0.22,30.0,6.9,63.1,1.35,25.0,FIELD_0003
2505125,"Pawnee clay loam, 4 to 8 percent slopes, eroded",Grundy,3,Somewhat poorly drained,15.0,29.0,2.0,6.5,0.13,38.0,2.0,60.0,1.32,29.5,FIELD_0003
2559442,"Kennebec silt loam, occasionally flooded",Reading,3,Moderately well drained,15.0,36.0,2.9,6.6,0.23,25.0,5.0,70.0,1.38,21.1,FIELD_0003
2559442,"Kennebec silt loam, occasionally flooded",Wabash,3,Poorly drained,15.0,25.0,3.0,6.6,0.1,50.0,2.0,48.0,1.33,37.0,FIELD_0003
2559451,"Kennebec silt loam, occasionally flooded",Reading,3,Moderately well drained,15.0,36.0,2.9,6.6,0.23,25.0,5.0,70.0,1.38,21.1,FIELD_0003
2559451,"Kennebec silt loam, occasionally flooded",Wabash,3,Poorly drained,15.0,25.0,3.0,6.6,0.1,50.0,2.0,48.0,1.33,37.0,FIELD_0003
2559442,"Kennebec silt loam, occasionally flooded",Wabash,3,Poorly drained,25.0,53.0,2.0,6.6,0.1,56.0,2.0,42.0,1.33,40.7,FIELD_0003
2559451,"Kennebec silt loam, occasionally flooded",Wabash,3,Poorly drained,25.0,53.0,2.0,6.6,0.1,56.0,2.0,42.0,1.33,40.7,FIELD_0003
2505125,"Pawnee clay loam, 4 to 8 percent slopes, eroded",Grundy,3,Somewhat poorly drained,29.0,43.0,0.7,6.5,0.11,42.0,2.0,56.0,1.35,31.0,FIELD_0003
1457072,"Tully silty clay loam, 3 to 7 percent slopes, eroded",Clime,2,Well drained,0.0,25.0,3.0,7.5,0.16,41.0,5.0,54.0,1.32,22.1,FIELD_0003
1457072,"Tully silty clay loam, 3 to 7 percent slopes, eroded",Irwin,2,Moderately well drained,0.0,28.0,3.0,6.5,0.21,33.0,8.0,59.0,1.3,27.2,FIELD_0003
1457092,"Wymore silty clay loam, 1 to 3 percent slopes",Pawnee,2,Moderately well drained,0.0,18.0,2.0,5.6,0.18,35.0,23.0,42.0,1.4,27.4,FIELD_0003
1691117,"Nodaway silt loam, occasionally flooded",Colo,2,Poorly drained,0.0,18.0,3.0,6.5,0.22,29.0,3.0,68.0,1.3,24.2,FIELD_0003
1691118,"Nodaway silt loam, channeled, occasionally flooded",Kezan,2,Poorly drained,0.0,15.0,3.0,7.2,0.23,24.0,3.0,73.0,1.3,24.0,FIELD_0003
1691123,"Wymore silty clay loam, 0 to 2 percent slopes",Fillmore,2,Somewhat poorly drained,0.0,23.0,3.5,5.5,0.24,23.0,8.0,69.0,1.2,19.5,FIELD_0003
2505125,"Pawnee clay loam, 4 to 8 percent slopes, eroded",Wymore,2,Moderately well drained,0.0,15.0,3.0,6.0,0.22,35.0,4.0,61.0,1.3,27.8,FIELD_0003
2559442,"Kennebec silt loam, occasionally flooded",Colo,2,Poorly drained,0.0,20.0,3.0,6.5,0.23,26.0,7.0,67.0,1.28,22.2,FIELD_0003
2559442,"Kennebec silt loam, occasionally flooded",Olmitz,2,Moderately well drained,0.0,15.0,2.0,6.6,0.18,27.0,43.0,30.0,1.43,22.3,FIELD_0003
2559451,"Kennebec silt loam, occasionally flooded",Colo,2,Poorly drained,0.0,20.0,3.0,6.5,0.23,26.0,7.0,67.0,1.28,22.2,FIELD_0003
2559451,"Kennebec silt loam, occasionally flooded",Olmitz,2,Moderately well drained,0.0,15.0,2.0,6.6,0.18,27.0,43.0,30.0,1.43,22.3,FIELD_0003
1691118,"Nodaway silt loam, channeled, occasionally flooded",Kezan,2,Poorly drained,15.0,33.0,2.0,7.2,0.2,26.0,3.0,71.0,1.3,20.0,FIELD_0003
2505125,"Pawnee clay loam, 4 to 8 percent slopes, eroded",Wymore,2,Moderately well drained,15.0,25.0,2.5,6.0,0.19,38.0,3.0,59.0,1.35,29.7,FIELD_0003
2559442,"Kennebec silt loam, occasionally flooded",Olmitz,2,Moderately well drained,15.0,72.0,2.0,6.6,0.18,27.0,45.0,28.0,1.43,22.3,FIELD_0003
2559451,"Kennebec silt loam, occasionally flooded",Olmitz,2,Moderately well drained,15.0,72.0,2.0,6.6,0.18,27.0,45.0,28.0,1.43,22.3,FIELD_0003
1457092,"Wymore silty clay loam, 1 to 3 percent slopes",Pawnee,2,Moderately well drained,18.0,25.0,2.0,5.6,0.18,35.0,23.0,42.0,1.4,27.4,FIELD_0003
1691117,"Nodaway silt loam, occasionally flooded",Colo,2,Poorly drained,18.0,41.0,2.9,6.5,0.22,28.0,3.0,69.0,1.3,23.4,FIELD_0003
2559442,"Kennebec silt loam, occasionally flooded",Colo,2,Poorly drained,20.0,97.0,2.0,6.5,0.19,31.0,8.0,61.0,1.3,24.3,FIELD_0003
2559451,"Kennebec silt loam, occasionally flooded",Colo,2,Poorly drained,20.0,97.0,2.0,6.5,0.19,31.0,8.0,61.0,1.3,24.3,FIELD_0003
1691123,"Wymore silty clay loam, 0 to 2 percent slopes",Fillmore,2,Somewhat poorly drained,23.0,35.0,1.0,5.8,0.22,16.0,9.0,75.0,1.45,13.7,FIELD_0003
1457072,"Tully silty clay loam, 3 to 7 percent slopes, eroded",Clime,2,Well drained,25.0,48.0,2.0,7.9,0.11,48.0,9.0,43.0,1.34,25.7,FIELD_0003
1457092,"Wymore silty clay loam, 1 to 3 percent slopes",Pawnee,2,Moderately well drained,25.0,54.0,0.75,6.9,0.12,44.0,23.0,33.0,1.45,32.4,FIELD_0003
2505125,"Pawnee clay loam, 4 to 8 percent slopes, eroded",Wymore,2,Moderately well drained,25.0,35.0,1.2,6.4,0.14,46.0,2.0,52.0,1.4,34.1,FIELD_0003
1457072,"Tully silty clay loam, 3 to 7 percent slopes, eroded",Irwin,2,Moderately well drained,28.0,76.0,1.0,7.2,0.15,45.0,5.0,50.0,1.35,34.5,FIELD_0003
1457061,"Muir silt loam, rarely flooded",Aquolls,1,Poorly drained,0.0,30.0,3.0,6.5,0.21,33.0,7.0,60.0,1.3,26.0,FIELD_0003
1457070,"Kipson-Sogn complex, 5 to 30 percent slopes",Aquolls,1,Poorly drained,0.0,30.0,3.0,6.5,0.21,33.0,7.0,60.0,1.25,26.7,FIELD_0003
1457072,"Tully silty clay loam, 3 to 7 percent slopes, eroded",Aquolls,1,Poorly drained,0.0,30.0,3.0,6.5,0.21,33.0,7.0,60.0,1.3,26.0,FIELD_0003
1457072,"Tully silty clay loam, 3 to 7 percent slopes, eroded",Smolan,1,Moderately well drained,0.0,18.0,3.0,6.0,0.21,29.0,12.0,59.0,1.38,23.7,FIELD_0003
1457072,"Tully silty clay loam, 3 to 7 percent slopes, eroded",Sogn,1,Somewhat excessively drained,0.0,13.0,4.0,7.5,0.24,35.0,10.0,55.0,1.25,28.1,FIELD_0003
1457092,"Wymore silty clay loam, 1 to 3 percent slopes",Benfield,1,Well drained,0.0,25.0,4.0,7.0,0.21,34.0,5.0,61.0,1.25,28.3,FIELD_0003
1457093,"Wymore silty clay loam, 3 to 6 percent slopes, eroded",Aquolls,1,Poorly drained,0.0,15.0,3.0,5.8,0.22,30.0,4.0,66.0,1.28,24.4,FIELD_0003
2505125,"Pawnee clay loam, 4 to 8 percent slopes, eroded",Typic epiaquoll,1,Poorly drained,0.0,15.0,3.0,5.8,0.22,30.0,4.0,66.0,1.28,24.4,FIELD_0003
2605988,"Ladysmith silty clay loam, 0 to 1 percent slopes",Aquolls,1,Poorly drained,0.0,15.0,3.5,6.7,0.13,56.0,1.0,43.0,1.23,41.2,FIELD_0003
1457072,"Tully silty clay loam, 3 to 7 percent slopes, eroded",Sogn,1,Somewhat excessively drained,13.0,18.0,3.5,7.5,0.15,37.0,9.0,54.0,1.31,29.4,FIELD_0003
1457093,"Wymore silty clay loam, 3 to 6 percent slopes, eroded",Aquolls,1,Poorly drained,15.0,35.0,2.5,5.9,0.22,33.0,4.0,63.0,1.28,26.3,FIELD_0003
2505125,"Pawnee clay loam, 4 to 8 percent slopes, eroded",Typic epiaquoll,1,Poorly drained,15.0,35.0,2.5,5.9,0.2,33.0,4.0,63.0,1.28,26.3,FIELD_0003
2605988,"Ladysmith silty clay loam, 0 to 1 percent slopes",Aquolls,1,Poorly drained,15.0,43.0,1.5,6.2,0.13,58.0,1.0,41.0,1.34,38.5,FIELD_0003
1457072,"Tully silty clay loam, 3 to 7 percent slopes, eroded",Smolan,1,Moderately well drained,18.0,30.0,2.0,6.0,0.21,30.0,12.0,58.0,1.38,24.0,FIELD_0003
1457072,"Tully silty clay loam, 3 to 7 percent slopes, eroded",Sogn,1,Somewhat excessively drained,18.0,200.0,,,,,,,,,FIELD_0003
1457092,"Wymore silty clay loam, 1 to 3 percent slopes",Benfield,1,Well drained,25.0,48.0,1.5,7.7,0.14,49.0,4.0,47.0,1.35,37.8,FIELD_0003
422929,"Coloma sand, 2 to 6 percent slopes",Coloma,90,Excessively drained,0.0,15.0,0.75,5.9,0.07,5.0,93.6,1.4,1.5,4.2,FIELD_0004
422930,"Coloma sand, 6 to 12 percent slopes",Coloma,90,Excessively drained,0.0,15.0,0.75,5.9,0.07,5.0,93.6,1.4,1.5,4.2,FIELD_0004
422931,"Coloma sand, 12 to 25 percent slopes",Coloma,90,Excessively drained,0.0,15.0,0.75,5.9,0.07,5.0,93.6,1.4,1.5,4.2,FIELD_0004
422929,"Coloma sand, 2 to 6 percent slopes",Coloma,90,Excessively drained,15.0,104.0,0.25,5.5,0.09,5.0,93.6,1.4,1.5,3.8,FIELD_0004
422930,"Coloma sand, 6 to 12 percent slopes",Coloma,90,Excessively drained,15.0,104.0,0.25,5.5,0.09,5.0,93.6,1.4,1.5,3.8,FIELD_0004
422931,"Coloma sand, 12 to 25 percent slopes",Coloma,90,Excessively drained,15.0,104.0,0.25,5.5,0.09,5.0,93.6,1.4,1.5,3.8,FIELD_0004
422952,"Okee loamy sand, 6 to 12 percent slopes",Okee,85,Somewhat excessively drained,0.0,5.0,1.0,6.5,0.11,7.0,84.0,9.0,1.62,3.8,FIELD_0004
422952,"Okee loamy sand, 6 to 12 percent slopes",Okee,85,Somewhat excessively drained,5.0,58.0,0.5,6.5,0.1,6.0,78.0,16.0,1.64,3.2,FIELD_0004
422929,"Coloma sand, 2 to 6 percent slopes",Okee,7,Somewhat excessively drained,0.0,20.0,1.25,6.5,0.1,7.0,83.8,9.2,1.63,5.7,FIELD_0004
422930,"Coloma sand, 6 to 12 percent slopes",Okee,7,Somewhat excessively drained,0.0,20.0,1.25,6.5,0.1,7.0,83.8,9.2,1.63,5.7,FIELD_0004
422931,"Coloma sand, 12 to 25 percent slopes",Okee,7,Somewhat excessively drained,0.0,20.0,1.25,6.5,0.1,7.0,83.8,9.2,1.63,5.7,FIELD_0004
422929,"Coloma sand, 2 to 6 percent slopes",Okee,7,Somewhat excessively drained,20.0,66.0,0.5,6.5,0.09,6.0,77.9,16.1,1.58,3.8,FIELD_0004
422930,"Coloma sand, 6 to 12 percent slopes",Okee,7,Somewhat excessively drained,20.0,66.0,0.5,6.5,0.09,6.0,77.9,16.1,1.58,3.8,FIELD_0004
422931,"Coloma sand, 12 to 25 percent slopes",Okee,7,Somewhat excessively drained,20.0,66.0,0.5,6.5,0.09,6.0,77.9,16.1,1.58,3.8,FIELD_0004
422952,"Okee loamy sand, 6 to 12 percent slopes",Wyocena,5,Well drained,,,,,,,,,,,FIELD_0004
422952,"Okee loamy sand, 6 to 12 percent slopes",Hortonville,5,Well drained,0.0,23.0,1.0,6.1,0.16,9.0,63.7,27.3,1.54,5.8,FIELD_0004
422952,"Okee loamy sand, 6 to 12 percent slopes",Plainfield,5,Excessively drained,0.0,15.0,1.25,6.2,0.11,5.0,78.5,16.5,1.59,4.3,FIELD_0004
422952,"Okee loamy sand, 6 to 12 percent slopes",Plainfield,5,Excessively drained,15.0,56.0,0.3,5.5,0.07,4.0,92.0,4.0,1.56,3.2,FIELD_0004
422952,"Okee loamy sand, 6 to 12 percent slopes",Hortonville,5,Well drained,23.0,31.0,0.4,6.5,0.15,25.4,47.1,27.5,1.69,10.2,FIELD_0004
422929,"Coloma sand, 2 to 6 percent slopes",Wyocena,3,Well drained,0.0,20.0,0.75,6.2,0.1,5.5,78.1,16.4,1.43,4.3,FIELD_0004
422930,"Coloma sand, 6 to 12 percent slopes",Wyocena,3,Well drained,0.0,20.0,0.75,6.2,0.1,5.5,78.1,16.4,1.43,4.3,FIELD_0004
422931,"Coloma sand, 12 to 25 percent slopes",Plainfield,3,Excessively drained,0.0,10.0,1.25,6.2,0.07,3.5,95.0,1.5,1.58,3.2,FIELD_0004
422931,"Coloma sand, 12 to 25 percent slopes",Plainfield,3,Excessively drained,10.0,71.0,0.25,5.5,0.06,2.0,96.5,1.5,1.58,1.7,FIELD_0004
422929,"Coloma sand, 2 to 6 percent slopes",Wyocena,3,Well drained,20.0,94.0,0.25,6.2,0.12,13.0,67.4,19.6,1.5,7.6,FIELD_0004
422930,"Coloma sand, 6 to 12 percent slopes",Wyocena,3,Well drained,20.0,94.0,0.25,6.2,0.12,13.0,67.4,19.6,1.5,7.6,FIELD_0004
428991,"Sogn silt loam, rocky, 6 to 30 percent slopes",Sogn,95,Somewhat excessively drained,0.0,38.0,3.0,7.3,0.2,21.5,26.1,52.4,1.18,15.0,FIELD_0005
428996,Eitzen silt loam,Eitzen,95,Well drained,0.0,71.0,3.0,6.5,0.23,21.5,11.2,67.3,1.4,17.0,FIELD_0005
428997,"Eitzen silt loam, channeled",Eitzen,95,Well drained,0.0,71.0,3.0,6.5,0.23,21.5,11.2,67.3,1.4,17.0,FIELD_0005
429066,"NewGlarus silt loam, 6 to 12 percent slopes",NewGlarus,95,Well drained,0.0,20.0,2.0,6.7,0.23,19.5,11.6,68.9,1.3,13.0,FIELD_0005
429067,"NewGlarus silt loam, 12 to 20 percent slopes",NewGlarus,95,Well drained,0.0,30.0,2.0,6.7,0.23,19.5,11.6,68.9,1.3,13.0,FIELD_0005
429081,"Palsgrove silt loam, 12 to 20 percent slopes",Palsgrove,95,Well drained,0.0,23.0,1.5,6.5,0.23,24.0,9.3,66.7,1.25,17.5,FIELD_0005
3053887,"Seaton silt loam, driftless valley, 6 to 12 percent slopes, moderately eroded",Seaton,95,Well drained,0.0,23.0,1.34,6.0,0.23,15.0,18.0,67.0,1.28,13.0,FIELD_0005
429066,"NewGlarus silt loam, 6 to 12 percent slopes",NewGlarus,95,Well drained,20.0,58.0,1.0,6.5,0.2,28.0,7.0,65.0,1.35,15.0,FIELD_0005
429081,"Palsgrove silt loam, 12 to 20 percent slopes",Palsgrove,95,Well drained,23.0,102.0,0.65,6.2,0.19,30.0,6.9,63.1,1.5,19.5,FIELD_0005
3053887,"Seaton silt loam, driftless valley, 6 to 12 percent slopes, moderately eroded",Seaton,95,Well drained,23.0,38.0,0.3,5.9,0.21,14.0,17.0,69.0,1.35,11.5,FIELD_0005
428993,"Gale silt loam, 12 to 20 percent slopes, moderately eroded",Gale,90,Well drained,0.0,20.0,1.0,6.2,0.23,14.0,14.2,71.8,1.46,12.0,FIELD_0005
428993,"Gale silt loam, 12 to 20 percent slopes, moderately eroded",Gale,90,Well drained,20.0,79.0,0.25,5.8,0.2,25.0,7.0,68.0,1.49,19.2,FIELD_0005
429033,"Lindstrom silt loam, 2 to 6 percent slopes",Lindstrom,85,Well drained,0.0,23.0,4.0,6.5,0.21,15.0,14.0,71.0,1.38,13.5,FIELD_0005
3386738,"Downs silt loam, 2 to 6 percent slopes, moderately eroded",Downs,85,Well drained,0.0,20.0,2.5,6.2,0.22,21.0,5.0,74.0,1.4,18.0,FIELD_0005
3386739,"Downs silt loam, 6 to 12 percent slopes, moderately eroded",Downs,85,Well drained,0.0,20.0,2.5,6.2,0.22,21.0,5.0,74.0,1.4,18.0,FIELD_0005
3386740,"Downs silt loam, 12 to 18 percent slopes, moderately eroded",Downs,85,Well drained,0.0,20.0,2.5,6.2,0.22,21.0,5.0,74.0,1.4,18.0,FIELD_0005
3386752,"Fayette silt loam, 2 to 6 percent slopes",Fayette,85,Well drained,0.0,20.0,2.0,6.2,0.21,21.0,4.0,75.0,1.42,17.8,FIELD_0005
3386753,"Fayette silt loam, 6 to 12 percent slopes, moderately eroded",Fayette,85,Well drained,0.0,20.0,2.0,6.2,0.21,21.0,4.0,75.0,1.42,17.8,FIELD_0005
3386738,"Downs silt loam, 2 to 6 percent slopes, moderately eroded",Downs,85,Well drained,20.0,43.0,0.75,6.2,0.22,21.0,5.0,74.0,1.38,17.1,FIELD_0005
3386739,"Downs silt loam, 6 to 12 percent slopes, moderately eroded",Downs,85,Well drained,20.0,43.0,0.75,6.2,0.22,21.0,5.0,74.0,1.38,17.1,FIELD_0005
3386740,"Downs silt loam, 12 to 18 percent slopes, moderately eroded",Downs,85,Well drained,20.0,43.0,0.75,6.2,0.22,21.0,5.0,74.0,1.38,17.1,FIELD_0005
3386752,"Fayette silt loam, 2 to 6 percent slopes",Fayette,85,Well drained,20.0,28.0,0.5,6.2,0.21,24.0,4.0,72.0,1.4,19.0,FIELD_0005
3386753,"Fayette silt loam, 6 to 12 percent slopes, moderately eroded",Fayette,85,Well drained,20.0,28.0,0.5,6.2,0.21,24.0,4.0,72.0,1.4,19.0,FIELD_0005
429033,"Lindstrom silt loam, 2 to 6 percent slopes",Lindstrom,85,Well drained,23.0,41.0,4.0,6.5,0.21,15.0,14.0,71.0,1.28,13.5,FIELD_0005
3386752,"Fayette silt loam, 2 to 6 percent slopes",Fayette,85,Well drained,28.0,58.0,0.5,5.8,0.19,27.0,4.0,69.0,1.41,21.2,FIELD_0005
3386753,"Fayette silt loam, 6 to 12 percent slopes, moderately eroded",Fayette,85,Well drained,28.0,58.0,0.5,5.8,0.19,27.0,4.0,69.0,1.41,21.2,FIELD_0005
429094,"Seaton-Gale silt loams, 6 to 12 percent slopes",Seaton,65,Well drained,0.0,20.0,2.0,6.5,0.23,16.0,13.9,70.1,1.28,13.5,FIELD_0005
429094,"Seaton-Gale silt loams, 6 to 12 percent slopes",Seaton,65,Well drained,20.0,109.0,0.75,5.9,0.21,22.5,9.5,68.0,1.4,13.5,FIELD_0005
429093,"Gale-Blackhammer silt loams, 6 to 12 percent slopes",Gale,55,Well drained,0.0,20.0,2.0,5.9,0.23,16.0,13.9,70.1,1.4,12.0,FIELD_0005
429093,"Gale-Blackhammer silt loams, 6 to 12 percent slopes",Gale,55,Well drained,20.0,81.0,0.75,5.3,0.2,26.0,9.1,64.9,1.5,,FIELD_0005
429093,"Gale-Blackhammer silt loams, 6 to 12 percent slopes",Blackhammer,30,Well drained,0.0,23.0,2.0,6.5,0.23,15.5,13.9,70.6,1.45,11.0,FIELD_0005
429094,"Seaton-Gale silt loams, 6 to 12 percent slopes",Gale,30,Well drained,0.0,20.0,2.0,5.9,0.23,16.0,13.9,70.1,1.4,12.0,FIELD_0005
429094,"Seaton-Gale silt loams, 6 to 12 percent slopes",Gale,30,Well drained,20.0,81.0,0.75,5.3,0.2,26.0,9.1,64.9,1.5,,FIELD_0005
429093,"Gale-Blackhammer silt loams, 6 to 12 percent slopes",Blackhammer,30,Well drained,23.0,66.0,1.0,5.8,0.21,22.5,9.5,68.0,1.5,13.0,FIELD_0005
429033,"Lindstrom silt loam, 2 to 6 percent slopes",Barremills,10,Well drained,0.0,23.0,3.5,6.5,0.23,17.0,14.0,69.0,1.38,15.1,FIELD_0005
429033,"Lindstrom silt loam, 2 to 6 percent slopes",Barremills,10,Well drained,23.0,69.0,3.5,6.5,0.23,17.0,14.0,69.0,1.31,15.1,FIELD_0005
429093,"Gale-Blackhammer silt loams, 6 to 12 percent slopes",Seaton,8,Well drained,0.0,23.0,2.0,6.2,0.23,17.0,6.0,77.0,1.28,14.7,FIELD_0005
429093,"Gale-Blackhammer silt loams, 6 to 12 percent slopes",Seaton,8,Well drained,23.0,38.0,0.75,5.7,0.21,17.0,6.0,77.0,1.35,14.2,FIELD_0005
429093,"Gale-Blackhammer silt loams, 6 to 12 percent slopes",Eleva,7,Somewhat excessively drained,0.0,13.0,1.5,6.2,0.16,12.5,30.9,56.6,1.5,12.5,FIELD_0005
429093,"Gale-Blackhammer silt loams, 6 to 12 percent slopes",Eleva,7,Somewhat excessively drained,13.0,23.0,0.55,5.6,0.16,12.5,67.9,19.6,1.5,11.0,FIELD_0005
429093,"Gale-Blackhammer silt loams, 6 to 12 percent slopes",Eleva,7,Somewhat excessively drained,23.0,56.0,0.25,5.6,0.13,14.0,66.1,19.9,1.55,11.0,FIELD_0005
428993,"Gale silt loam, 12 to 20 percent slopes, moderately eroded",Elevasil,5,Well drained,0.0,23.0,2.5,5.9,0.14,10.5,66.2,23.3,1.5,5.8,FIELD_0005
428993,"Gale silt loam, 12 to 20 percent slopes, moderately eroded",Pepin,5,Well drained,0.0,23.0,1.5,6.6,0.23,15.0,11.0,74.0,1.45,13.0,FIELD_0005
429033,"Lindstrom silt loam, 2 to 6 percent slopes",Tama,5,Well drained,0.0,15.0,3.5,6.2,0.23,25.0,7.0,68.0,1.36,21.3,FIELD_0005
3386738,"Downs silt loam, 2 to 6 percent slopes, moderately eroded",Fayette,5,Well drained,0.0,20.0,2.0,6.2,0.21,21.0,4.0,75.0,1.42,17.8,FIELD_0005
3386738,"Downs silt loam, 2 to 6 percent slopes, moderately eroded",Newvienna,5,Moderately well drained,0.0,18.0,2.5,6.5,0.23,17.0,8.0,75.0,1.43,14.9,FIELD_0005
3386738,"Downs silt loam, 2 to 6 percent slopes, moderately eroded",Tama,5,Well drained,0.0,15.0,3.5,6.2,0.23,25.0,7.0,68.0,1.36,21.7,FIELD_0005
3386739,"Downs silt loam, 6 to 12 percent slopes, moderately eroded",Downs,5,Well drained,0.0,20.0,3.0,6.2,0.22,21.0,5.0,74.0,1.39,18.1,FIELD_0005
3386739,"Downs silt loam, 6 to 12 percent slopes, moderately eroded",Nasset,5,Well drained,0.0,15.0,2.5,6.5,0.23,18.0,7.0,75.0,1.4,15.6,FIELD_0005
3386739,"Downs silt loam, 6 to 12 percent slopes, moderately eroded",Newvienna,5,Moderately well drained,0.0,18.0,2.5,6.5,0.23,17.0,8.0,75.0,1.43,14.9,FIELD_0005
3386740,"Downs silt loam, 12 to 18 percent slopes, moderately eroded",Downs,5,Well drained,0.0,18.0,1.5,6.2,0.22,28.0,5.0,67.0,1.44,22.8,FIELD_0005
3386740,"Downs silt loam, 12 to 18 percent slopes, moderately eroded",Nasset,5,Well drained,0.0,15.0,2.5,6.5,0.23,18.0,7.0,75.0,1.4,15.6,FIELD_0005
3386740,"Downs silt loam, 12 to 18 percent slopes, moderately eroded",Newvienna,5,Moderately well drained,0.0,18.0,2.5,6.5,0.23,17.0,8.0,75.0,1.43,14.9,FIELD_0005
3386752,"Fayette silt loam, 2 to 6 percent slopes",Downs,5,Well drained,0.0,20.0,3.0,6.2,0.22,21.0,5.0,74.0,1.39,18.1,FIELD_0005
3386752,"Fayette silt loam, 2 to 6 percent slopes",Palsgrove,5,Well drained,0.0,25.0,1.5,6.5,0.23,24.0,9.0,67.0,1.41,19.9,FIELD_0005
3386752,"Fayette silt loam, 2 to 6 percent slopes",Village,5,Well drained,0.0,20.0,2.5,6.2,0.22,22.0,4.0,74.0,1.38,18.0,FIELD_0005
3386753,"Fayette silt loam, 6 to 12 percent slopes, moderately eroded",Dubuque,5,Well drained,0.0,20.0,2.0,6.2,0.21,21.0,4.0,75.0,1.42,17.8,FIELD_0005
3386753,"Fayette silt loam, 6 to 12 percent slopes, moderately eroded",Palsgrove,5,Well drained,0.0,25.0,1.5,6.5,0.23,24.0,9.0,67.0,1.41,19.9,FIELD_0005
3386753,"Fayette silt loam, 6 to 12 percent slopes, moderately eroded",Village,5,Well drained,0.0,20.0,2.5,6.2,0.22,22.0,4.0,74.0,1.38,18.0,FIELD_0005
429033,"Lindstrom silt loam, 2 to 6 percent slopes",Tama,5,Well drained,15.0,36.0,3.0,6.2,0.23,27.0,4.0,69.0,1.3,22.7,FIELD_0005
3386738,"Downs silt loam, 2 to 6 percent slopes, moderately eroded",Tama,5,Well drained,15.0,22.0,2.0,6.2,0.23,27.0,4.0,69.0,1.3,22.3,FIELD_0005
3386739,"Downs silt loam, 6 to 12 percent slopes, moderately eroded",Nasset,5,Well drained,15.0,30.0,0.75,6.5,0.21,17.0,8.0,75.0,1.44,14.2,FIELD_0005
3386740,"Downs silt loam, 12 to 18 percent slopes, moderately eroded",Nasset,5,Well drained,15.0,30.0,0.75,6.5,0.21,17.0,8.0,75.0,1.44,14.2,FIELD_0005
3386738,"Downs silt loam, 2 to 6 percent slopes, moderately eroded",Newvienna,5,Moderately well drained,18.0,94.0,0.75,5.8,0.21,27.0,9.0,64.0,1.46,21.5,FIELD_0005
3386739,"Downs silt loam, 6 to 12 percent slopes, moderately eroded",Newvienna,5,Moderately well drained,18.0,94.0,0.75,5.8,0.21,27.0,9.0,64.0,1.46,21.5,FIELD_0005
3386740,"Downs silt loam, 12 to 18 percent slopes, moderately eroded",Downs,5,Well drained,18.0,107.0,0.25,6.5,0.19,25.0,5.0,70.0,1.46,19.2,FIELD_0005
3386740,"Downs silt loam, 12 to 18 percent slopes, moderately eroded",Newvienna,5,Moderately well drained,18.0,94.0,0.75,5.8,0.21,27.0,9.0,64.0,1.46,21.5,FIELD_0005
3386738,"Downs silt loam, 2 to 6 percent slopes, moderately eroded",Fayette,5,Well drained,20.0,28.0,0.5,6.2,0.21,24.0,4.0,72.0,1.4,19.0,FIELD_0005
3386739,"Downs silt loam, 6 to 12 percent slopes, moderately eroded",Downs,5,Well drained,20.0,30.0,0.75,6.2,0.22,21.0,5.0,74.0,1.45,17.1,FIELD_0005
3386752,"Fayette silt loam, 2 to 6 percent slopes",Downs,5,Well drained,20.0,30.0,0.75,6.2,0.22,21.0,5.0,74.0,1.45,17.1,FIELD_0005
3386752,"Fayette silt loam, 2 to 6 percent slopes",Village,5,Well drained,20.0,25.0,0.25,6.2,0.22,22.0,4.0,74.0,1.45,16.4,FIELD_0005
3386753,"Fayette silt loam, 6 to 12 percent slopes, moderately eroded",Dubuque,5,Well drained,20.0,41.0,1.0,6.2,0.21,21.0,4.0,75.0,1.35,17.3,FIELD_0005
3386753,"Fayette silt loam, 6 to 12 percent slopes, moderately eroded",Village,5,Well drained,20.0,25.0,0.25,6.2,0.22,22.0,4.0,74.0,1.45,16.4,FIELD_0005
3386738,"Downs silt loam, 2 to 6 percent slopes, moderately eroded",Tama,5,Well drained,22.0,90.0,0.75,5.8,0.19,27.0,4.0,69.0,1.45,21.5,FIELD_0005
428993,"Gale silt loam, 12 to 20 percent slopes, moderately eroded",Elevasil,5,Well drained,23.0,69.0,0.25,5.5,0.15,13.5,67.0,19.5,1.6,7.1,FIELD_0005
428993,"Gale silt loam, 12 to 20 percent slopes, moderately eroded",Pepin,5,Well drained,23.0,122.0,0.25,5.8,0.2,24.0,9.3,66.7,1.57,18.5,FIELD_0005
3386752,"Fayette silt loam, 2 to 6 percent slopes",Palsgrove,5,Well drained,25.0,104.0,0.65,6.2,0.19,30.0,7.0,63.0,1.38,23.5,FIELD_0005
3386752,"Fayette silt loam, 2 to 6 percent slopes",Village,5,Well drained,25.0,79.0,0.25,5.5,0.19,27.0,4.0,69.0,1.47,,FIELD_0005
3386753,"Fayette silt loam, 6 to 12 percent slopes, moderately eroded",Palsgrove,5,Well drained,25.0,104.0,0.65,6.2,0.19,30.0,7.0,63.0,1.38,23.5,FIELD_0005
3386753,"Fayette silt loam, 6 to 12 percent slopes, moderately eroded",Village,5,Well drained,25.0,79.0,0.25,5.5,0.19,27.0,4.0,69.0,1.47,,FIELD_0005
3386738,"Downs silt loam, 2 to 6 percent slopes, moderately eroded",Fayette,5,Well drained,28.0,58.0,0.5,5.8,0.19,27.0,4.0,69.0,1.41,21.2,FIELD_0005
428991,"Sogn silt loam, rocky, 6 to 30 percent slopes",Nasset,3,Well drained,0.0,23.0,2.5,6.2,0.22,21.0,11.3,67.7,1.28,22.5,FIELD_0005
428996,Eitzen silt loam,Port Byron,3,Well drained,0.0,38.0,3.0,6.8,0.23,22.0,10.0,68.0,1.34,18.9,FIELD_0005
428997,"Eitzen silt loam, channeled",Littleton,3,Somewhat poorly drained,0.0,20.0,3.5,6.7,0.22,22.5,9.5,68.0,1.33,18.0,FIELD_0005
429066,"NewGlarus silt loam, 6 to 12 percent slopes",Gale,3,Well drained,0.0,20.0,2.0,5.9,0.23,16.0,13.9,70.1,1.4,12.0,FIELD_0005
429094,"Seaton-Gale silt loams, 6 to 12 percent slopes",Newalbin,3,Poorly drained,0.0,18.0,2.0,6.7,0.22,14.0,14.2,71.8,1.43,11.0,FIELD_0005
429094,"Seaton-Gale silt loams, 6 to 12 percent slopes",Newalbin,3,Poorly drained,18.0,71.0,1.0,6.7,0.2,14.0,14.2,71.8,1.43,9.0,FIELD_0005
428997,"Eitzen silt loam, channeled",Littleton,3,Somewhat poorly drained,20.0,89.0,2.0,6.7,0.23,24.5,9.2,66.3,1.3,16.0,FIELD_0005
429066,"NewGlarus silt loam, 6 to 12 percent slopes",Gale,3,Well drained,20.0,81.0,0.75,5.3,0.2,26.0,9.1,64.9,1.5,,FIELD_0005
428991,"Sogn silt loam, rocky, 6 to 30 percent slopes",Nasset,3,Well drained,23.0,114.0,0.75,5.8,0.19,26.0,9.1,64.9,1.33,27.5,FIELD_0005
428996,Eitzen silt loam,Mt. Carroll,2,Well drained,0.0,20.0,3.0,6.5,0.23,19.0,10.0,71.0,1.4,16.5,FIELD_0005
428997,"Eitzen silt loam, channeled",Lacrescent,2,Well drained,0.0,20.0,4.0,7.0,0.19,25.5,23.8,50.7,1.33,21.0,FIELD_0005
429067,"NewGlarus silt loam, 12 to 20 percent slopes",Gale,2,Well drained,0.0,20.0,2.0,5.9,0.23,16.0,13.9,70.1,1.4,12.0,FIELD_0005
429067,"NewGlarus silt loam, 12 to 20 percent slopes",Seaton,2,Well drained,0.0,23.0,2.0,6.2,0.23,17.0,6.0,77.0,1.28,14.7,FIELD_0005
429081,"Palsgrove silt loam, 12 to 20 percent slopes",Gale,2,Well drained,0.0,20.0,2.0,5.9,0.23,16.0,13.9,70.1,1.4,12.0,FIELD_0005
429094,"Seaton-Gale silt loams, 6 to 12 percent slopes",Lawler,2,Somewhat poorly drained,0.0,30.0,4.5,6.5,0.21,21.5,41.4,37.1,1.45,20.0,FIELD_0005
3053887,"Seaton silt loam, driftless valley, 6 to 12 percent slopes, moderately eroded",Council,2,Well drained,0.0,20.0,1.5,5.9,0.21,8.0,65.0,27.0,1.48,9.8,FIELD_0005
3053887,"Seaton silt loam, driftless valley, 6 to 12 percent slopes, moderately eroded",Greenridge,2,Well drained,0.0,23.0,1.5,6.2,0.23,16.0,13.9,70.1,1.33,13.8,FIELD_0005
428996,Eitzen silt loam,Mt. Carroll,2,Well drained,20.0,96.0,0.5,6.2,0.21,21.0,9.0,70.0,1.4,16.9,FIELD_0005
428997,"Eitzen silt loam, channeled",Lacrescent,2,Well drained,20.0,38.0,1.25,7.0,0.08,15.5,29.8,54.7,1.4,10.5,FIELD_0005
429067,"NewGlarus silt loam, 12 to 20 percent slopes",Gale,2,Well drained,20.0,81.0,0.75,5.3,0.2,26.0,9.1,64.9,1.5,,FIELD_0005
429081,"Palsgrove silt loam, 12 to 20 percent slopes",Gale,2,Well drained,20.0,81.0,0.75,5.3,0.2,26.0,9.1,64.9,1.5,,FIELD_0005
3053887,"Seaton silt loam, driftless valley, 6 to 12 percent slopes, moderately eroded",Council,2,Well drained,20.0,152.0,0.25,5.5,0.18,14.0,44.8,41.2,1.58,,FIELD_0005
429067,"NewGlarus silt loam, 12 to 20 percent slopes",Seaton,2,Well drained,23.0,38.0,0.75,5.7,0.21,17.0,6.0,77.0,1.35,14.2,FIELD_0005
3053887,"Seaton silt loam, driftless valley, 6 to 12 percent slopes, moderately eroded",Greenridge,2,Well drained,23.0,127.0,0.25,5.8,0.2,22.5,9.5,68.0,1.48,17.5,FIELD_0005
428991,"Sogn silt loam, rocky, 6 to 30 percent slopes",Brodale,1,Excessively drained,0.0,18.0,7.5,7.3,0.1,13.0,54.0,33.0,1.32,16.7,FIELD_0005
428991,"Sogn silt loam, rocky, 6 to 30 percent slopes",Rockton,1,Well drained,0.0,23.0,4.0,5.8,0.21,22.5,24.8,52.7,1.35,19.0,FIELD_0005
429066,"NewGlarus silt loam, 6 to 12 percent slopes",Dunbarton,1,Well drained,0.0,18.0,2.0,6.5,0.23,21.0,26.3,52.7,1.35,15.0,FIELD_0005
429066,"NewGlarus silt loam, 6 to 12 percent slopes",Seaton,1,Well drained,0.0,23.0,2.0,6.2,0.23,17.0,6.0,77.0,1.28,14.7,FIELD_0005
429067,"NewGlarus silt loam, 12 to 20 percent slopes",Dunbarton,1,Well drained,0.0,18.0,2.0,6.5,0.23,21.0,26.3,52.7,1.35,15.0,FIELD_0005
429081,"Palsgrove silt loam, 12 to 20 percent slopes",Chaseburg,1,Moderately well drained,0.0,30.0,2.5,7.0,0.23,14.0,14.2,71.8,1.45,12.5,FIELD_0005
429081,"Palsgrove silt loam, 12 to 20 percent slopes",Dunbarton,1,Well drained,0.0,18.0,2.0,6.5,0.23,21.0,26.3,52.7,1.35,15.0,FIELD_0005
429081,"Palsgrove silt loam, 12 to 20 percent slopes",Seaton,1,Well drained,0.0,23.0,2.0,6.2,0.23,17.0,6.0,77.0,1.28,14.7,FIELD_0005
3053887,"Seaton silt loam, driftless valley, 6 to 12 percent slopes, moderately eroded",Lambeau,1,Well drained,0.0,23.0,1.5,6.7,0.23,16.0,13.9,70.1,1.33,13.8,FIELD_0005
428991,"Sogn silt loam, rocky, 6 to 30 percent slopes",Brodale,1,Excessively drained,18.0,30.0,6.5,7.6,0.1,13.0,45.0,42.0,1.3,16.1,FIELD_0005
429066,"NewGlarus silt loam, 6 to 12 percent slopes",Dunbarton,1,Well drained,18.0,25.0,0.75,6.7,0.19,32.0,20.0,48.0,1.23,18.0,FIELD_0005
429067,"NewGlarus silt loam, 12 to 20 percent slopes",Dunbarton,1,Well drained,18.0,25.0,0.75,6.7,0.19,32.0,20.0,48.0,1.23,18.0,FIELD_0005
429081,"Palsgrove silt loam, 12 to 20 percent slopes",Dunbarton,1,Well drained,18.0,25.0,0.75,6.7,0.19,32.0,20.0,48.0,1.23,18.0,FIELD_0005
428991,"Sogn silt loam, rocky, 6 to 30 percent slopes",Rockton,1,Well drained,23.0,56.0,2.0,5.8,0.18,26.0,35.9,38.1,1.48,19.0,FIELD_0005
429066,"NewGlarus silt loam, 6 to 12 percent slopes",Seaton,1,Well drained,23.0,38.0,0.75,5.7,0.21,17.0,6.0,77.0,1.35,14.2,FIELD_0005
429081,"Palsgrove silt loam, 12 to 20 percent slopes",Seaton,1,Well drained,23.0,38.0,0.75,5.7,0.21,17.0,6.0,77.0,1.35,14.2,FIELD_0005
3053887,"Seaton silt loam, driftless valley, 6 to 12 percent slopes, moderately eroded",Lambeau,1,Well drained,23.0,107.0,0.25,5.8,0.2,23.5,9.4,67.1,1.48,18.2,FIELD_0005
429066,"NewGlarus silt loam, 6 to 12 percent slopes",Dunbarton,1,Well drained,25.0,46.0,0.5,7.2,0.11,60.0,12.1,27.9,1.4,31.0,FIELD_0005
429067,"NewGlarus silt loam, 12 to 20 percent slopes",Dunbarton,1,Well drained,25.0,46.0,0.5,7.2,0.11,60.0,12.1,27.9,1.4,31.0,FIELD_0005
429081,"Palsgrove silt loam, 12 to 20 percent slopes",Dunbarton,1,Well drained,25.0,46.0,0.5,7.2,0.11,60.0,12.1,27.9,1.4,31.0,FIELD_0005
1605204,Water,Water,100,,,,,,,,,,,,FIELD_0006
410194,"Adair clay loam, dissected till plain, 5 to 9 percent slopes, eroded",Adair,90,Somewhat poorly drained,0.0,18.0,3.6,6.2,0.18,30.0,23.0,47.0,1.34,24.5,FIELD_0006
410209,"Sharpsburg silty clay loam, 2 to 5 percent slopes",Sharpsburg,90,Moderately well drained,0.0,20.0,3.8,6.2,0.22,33.0,2.0,65.0,1.31,25.5,FIELD_0006
410211,"Sharpsburg silty clay loam, 5 to 9 percent slopes",Sharpsburg,90,Moderately well drained,0.0,20.0,3.8,6.2,0.22,33.0,2.0,65.0,1.31,25.5,FIELD_0006
410212,"Sharpsburg silty clay loam, 5 to 9 percent slopes, eroded",Sharpsburg,90,Moderately well drained,0.0,18.0,3.1,5.7,0.22,34.0,2.0,64.0,1.38,27.2,FIELD_0006
410213,"Sharpsburg silty clay loam, 9 to 14 percent slopes",Sharpsburg,90,Moderately well drained,0.0,20.0,3.8,6.2,0.22,33.0,2.0,65.0,1.31,25.5,FIELD_0006
410194,"Adair clay loam, dissected till plain, 5 to 9 percent slopes, eroded",Adair,90,Somewhat poorly drained,18.0,43.0,0.6,5.8,0.1,43.0,22.0,35.0,1.38,31.5,FIELD_0006
410212,"Sharpsburg silty clay loam, 5 to 9 percent slopes, eroded",Sharpsburg,90,Moderately well drained,18.0,54.0,0.8,6.0,0.19,38.0,2.0,60.0,1.29,28.4,FIELD_0006
410209,"Sharpsburg silty clay loam, 2 to 5 percent slopes",Sharpsburg,90,Moderately well drained,20.0,43.0,3.0,5.8,0.22,35.0,2.0,63.0,1.25,24.2,FIELD_0006
410211,"Sharpsburg silty clay loam, 5 to 9 percent slopes",Sharpsburg,90,Moderately well drained,20.0,43.0,3.0,5.8,0.22,35.0,2.0,63.0,1.25,24.2,FIELD_0006
410213,"Sharpsburg silty clay loam, 9 to 14 percent slopes",Sharpsburg,90,Moderately well drained,20.0,43.0,3.0,5.8,0.22,35.0,2.0,63.0,1.25,24.2,FIELD_0006
410195,"Adair clay loam, dissected till plain, 9 to 14 percent slopes",Adair,85,Somewhat poorly drained,0.0,20.0,3.7,6.2,0.18,30.0,21.0,49.0,1.33,24.5,FIELD_0006
410201,"Shelby loam, dissected till plain, 9 to 14 percent slopes",Shelby,85,Well drained,0.0,18.0,3.3,6.0,0.18,26.0,34.0,40.0,1.39,22.0,FIELD_0006
410202,"Shelby clay loam, dissected till plain, 9 to 14 percent slopes, eroded",Shelby,85,Well drained,0.0,18.0,2.9,6.2,0.18,30.0,33.0,37.0,1.38,24.9,FIELD_0006
410214,"Sharpsburg silty clay loam, 9 to 14 percent slopes, eroded",Sharpsburg,85,Moderately well drained,0.0,18.0,3.1,5.7,0.22,34.0,2.0,64.0,1.38,27.2,FIELD_0006
410201,"Shelby loam, dissected till plain, 9 to 14 percent slopes",Shelby,85,Well drained,18.0,28.0,2.5,6.1,0.18,33.0,32.0,35.0,1.42,27.0,FIELD_0006
410202,"Shelby clay loam, dissected till plain, 9 to 14 percent slopes, eroded",Shelby,85,Well drained,18.0,93.0,1.1,6.1,0.16,34.0,30.0,36.0,1.46,26.9,FIELD_0006
410214,"Sharpsburg silty clay loam, 9 to 14 percent slopes, eroded",Sharpsburg,85,Moderately well drained,18.0,54.0,0.8,6.0,0.19,38.0,2.0,60.0,1.29,28.4,FIELD_0006
410195,"Adair clay loam, dissected till plain, 9 to 14 percent slopes",Adair,85,Somewhat poorly drained,20.0,33.0,2.7,6.0,0.18,34.0,21.0,45.0,1.37,27.0,FIELD_0006
410201,"Shelby loam, dissected till plain, 9 to 14 percent slopes",Shelby,85,Well drained,28.0,117.0,1.1,6.1,0.16,34.0,30.0,36.0,1.46,26.9,FIELD_0006
410196,"Adair clay loam, dissected till plain, 9 to 14 percent slopes, eroded",Adair,80,Somewhat poorly drained,0.0,18.0,3.6,6.2,0.18,30.0,23.0,47.0,1.34,24.5,FIELD_0006
410196,"Adair clay loam, dissected till plain, 9 to 14 percent slopes, eroded",Adair,80,Somewhat poorly drained,18.0,43.0,0.6,5.8,0.1,43.0,22.0,35.0,1.38,31.5,FIELD_0006
410184,"Colo-Judson silty clay loams, 0 to 5 percent slopes, occasionally flooded",Colo,65,Poorly drained,0.0,20.0,6.0,6.3,0.22,30.0,6.0,64.0,1.27,25.6,FIELD_0006
410184,"Colo-Judson silty clay loams, 0 to 5 percent slopes, occasionally flooded",Colo,65,Poorly drained,20.0,86.0,3.0,6.4,0.19,31.0,6.0,63.0,1.23,25.7,FIELD_0006
410184,"Colo-Judson silty clay loams, 0 to 5 percent slopes, occasionally flooded",Judson,25,Well drained,0.0,23.0,3.8,5.8,0.22,29.0,4.0,67.0,1.31,24.4,FIELD_0006
410184,"Colo-Judson silty clay loams, 0 to 5 percent slopes, occasionally flooded",Judson,25,Well drained,23.0,56.0,2.6,6.1,0.19,30.0,4.0,66.0,1.26,24.8,FIELD_0006
410184,"Colo-Judson silty clay loams, 0 to 5 percent slopes, occasionally flooded",Ely,10,Somewhat poorly drained,0.0,20.0,5.5,6.6,0.16,29.0,8.0,63.0,1.45,24.0,FIELD_0006
410184,"Colo-Judson silty clay loams, 0 to 5 percent slopes, occasionally flooded",Ely,10,Somewhat poorly drained,20.0,81.0,4.5,6.1,0.18,33.0,3.0,64.0,1.43,26.1,FIELD_0006
410194,"Adair clay loam, dissected till plain, 5 to 9 percent slopes, eroded",Sharpsburg,5,Moderately well drained,0.0,18.0,3.1,5.7,0.22,34.0,2.0,64.0,1.38,27.2,FIELD_0006
410194,"Adair clay loam, dissected till plain, 5 to 9 percent slopes, eroded",Shelby,5,Well drained,0.0,18.0,2.9,6.2,0.18,30.0,33.0,37.0,1.38,24.9,FIELD_0006
410195,"Adair clay loam, dissected till plain, 9 to 14 percent slopes",Olmitz,5,Moderately well drained,0.0,18.0,3.5,6.5,0.21,25.5,40.0,34.5,1.53,21.7,FIELD_0006
410195,"Adair clay loam, dissected till plain, 9 to 14 percent slopes",Sharpsburg,5,Moderately well drained,0.0,20.0,3.8,6.2,0.22,33.0,2.0,65.0,1.31,25.5,FIELD_0006
410195,"Adair clay loam, dissected till plain, 9 to 14 percent slopes",Shelby,5,Well drained,0.0,18.0,3.3,6.0,0.18,26.0,34.0,40.0,1.39,22.0,FIELD_0006
410196,"Adair clay loam, dissected till plain, 9 to 14 percent slopes, eroded",Nira,5,Moderately well drained,0.0,5.0,1.7,6.5,0.22,32.0,3.0,65.0,1.35,25.9,FIELD_0006
410196,"Adair clay loam, dissected till plain, 9 to 14 percent slopes, eroded",Olmitz,5,Moderately well drained,0.0,18.0,3.5,6.5,0.21,25.5,40.0,34.5,1.53,21.7,FIELD_0006
410196,"Adair clay loam, dissected till plain, 9 to 14 percent slopes, eroded",Sharpsburg,5,Moderately well drained,0.0,20.0,3.8,6.2,0.22,33.0,2.0,65.0,1.31,25.5,FIELD_0006
410196,"Adair clay loam, dissected till plain, 9 to 14 percent slopes, eroded",Shelby,5,Well drained,0.0,18.0,2.9,6.2,0.18,30.0,33.0,37.0,1.38,24.9,FIELD_0006
410201,"Shelby loam, dissected till plain, 9 to 14 percent slopes",Adair,5,Somewhat poorly drained,0.0,18.0,3.5,6.2,0.18,32.0,22.5,45.5,1.4,25.9,FIELD_0006
410201,"Shelby loam, dissected till plain, 9 to 14 percent slopes",Lamoni,5,Somewhat poorly drained,0.0,15.0,3.5,6.4,0.22,32.5,16.0,51.5,1.38,26.2,FIELD_0006
410201,"Shelby loam, dissected till plain, 9 to 14 percent slopes",Olmitz,5,Moderately well drained,0.0,18.0,3.5,6.5,0.21,25.5,40.0,34.5,1.53,21.7,FIELD_0006
410202,"Shelby clay loam, dissected till plain, 9 to 14 percent slopes, eroded",Adair,5,Somewhat poorly drained,0.0,18.0,2.7,6.2,0.18,32.0,22.5,45.5,1.5,25.7,FIELD_0006
410202,"Shelby clay loam, dissected till plain, 9 to 14 percent slopes, eroded",Lamoni,5,Somewhat poorly drained,0.0,15.0,2.7,6.2,0.22,33.5,15.0,51.5,1.4,26.7,FIELD_0006
410202,"Shelby clay loam, dissected till plain, 9 to 14 percent slopes, eroded",Olmitz,5,Moderately well drained,0.0,18.0,3.5,6.5,0.21,25.5,40.0,34.5,1.53,21.7,FIELD_0006
410209,"Sharpsburg silty clay loam, 2 to 5 percent slopes",Macksburg,5,Somewhat poorly drained,0.0,15.0,5.0,6.2,0.22,33.5,3.0,63.5,1.35,27.2,FIELD_0006
410209,"Sharpsburg silty clay loam, 2 to 5 percent slopes",Nira,5,Moderately well drained,0.0,18.0,3.5,6.3,0.22,33.0,2.0,65.0,1.34,27.4,FIELD_0006
410211,"Sharpsburg silty clay loam, 5 to 9 percent slopes",Clearfield,5,Poorly drained,0.0,18.0,3.5,6.5,0.22,34.0,2.0,64.0,1.36,27.3,FIELD_0006
410211,"Sharpsburg silty clay loam, 5 to 9 percent slopes",Lamoni,5,Somewhat poorly drained,0.0,15.0,3.5,6.4,0.22,32.5,16.0,51.5,1.3,26.2,FIELD_0006
410212,"Sharpsburg silty clay loam, 5 to 9 percent slopes, eroded",Adair,5,Somewhat poorly drained,0.0,18.0,2.7,6.2,0.15,32.0,22.5,45.5,1.5,25.7,FIELD_0006
410212,"Sharpsburg silty clay loam, 5 to 9 percent slopes, eroded",Nira,5,Moderately well drained,0.0,18.0,2.7,6.5,0.22,33.0,2.0,65.0,1.36,27.1,FIELD_0006
410213,"Sharpsburg silty clay loam, 9 to 14 percent slopes",Nira,5,Moderately well drained,0.0,18.0,3.5,6.3,0.22,33.0,2.0,65.0,1.34,27.4,FIELD_0006
410213,"Sharpsburg silty clay loam, 9 to 14 percent slopes",Sharpsburg,5,Moderately well drained,0.0,18.0,3.1,5.7,0.22,34.0,2.0,64.0,1.38,27.2,FIELD_0006
410214,"Sharpsburg silty clay loam, 9 to 14 percent slopes, eroded",Adair,5,Somewhat poorly drained,0.0,18.0,2.7,6.2,0.15,32.0,22.5,45.5,1.5,25.7,FIELD_0006
410214,"Sharpsburg silty clay loam, 9 to 14 percent slopes, eroded",Sharpsburg,5,Moderately well drained,0.0,13.0,2.45,5.8,0.22,35.5,2.5,62.0,1.4,28.0,FIELD_0006
410214,"Sharpsburg silty clay loam, 9 to 14 percent slopes, eroded",Shelby,5,Well drained,0.0,18.0,2.9,6.2,0.18,30.0,33.0,37.0,1.38,24.9,FIELD_0006
410196,"Adair clay loam, dissected till plain, 9 to 14 percent slopes, eroded",Nira,5,Moderately well drained,5.0,23.0,0.25,6.5,0.19,34.0,3.0,63.0,1.35,25.4,FIELD_0006
410214,"Sharpsburg silty clay loam, 9 to 14 percent slopes, eroded",Sharpsburg,5,Moderately well drained,13.0,41.0,1.25,6.1,0.19,34.5,2.5,63.0,1.43,26.7,FIELD_0006
410201,"Shelby loam, dissected till plain, 9 to 14 percent slopes",Lamoni,5,Somewhat poorly drained,15.0,28.0,3.5,6.4,0.18,33.5,16.0,50.5,1.24,26.9,FIELD_0006
410202,"Shelby clay loam, dissected till plain, 9 to 14 percent slopes, eroded",Lamoni,5,Somewhat poorly drained,15.0,58.0,1.25,6.2,0.1,47.5,15.0,37.5,1.4,35.1,FIELD_0006
410209,"Sharpsburg silty clay loam, 2 to 5 percent slopes",Macksburg,5,Somewhat poorly drained,15.0,61.0,4.0,6.2,0.21,33.5,3.0,63.5,1.35,27.0,FIELD_0006
410211,"Sharpsburg silty clay loam, 5 to 9 percent slopes",Lamoni,5,Somewhat poorly drained,15.0,28.0,3.5,6.4,0.18,33.5,16.0,50.5,1.32,26.9,FIELD_0006
410194,"Adair clay loam, dissected till plain, 5 to 9 percent slopes, eroded",Sharpsburg,5,Moderately well drained,18.0,54.0,0.8,6.0,0.19,38.0,2.0,60.0,1.29,28.4,FIELD_0006
410194,"Adair clay loam, dissected till plain, 5 to 9 percent slopes, eroded",Shelby,5,Well drained,18.0,93.0,1.1,6.1,0.16,34.0,30.0,36.0,1.46,26.9,FIELD_0006
410195,"Adair clay loam, dissected till plain, 9 to 14 percent slopes",Olmitz,5,Moderately well drained,18.0,76.0,2.5,6.2,0.16,28.0,35.0,37.0,1.45,23.3,FIELD_0006
410195,"Adair clay loam, dissected till plain, 9 to 14 percent slopes",Shelby,5,Well drained,18.0,28.0,2.5,6.1,0.18,33.0,32.0,35.0,1.42,27.0,FIELD_0006
410196,"Adair clay loam, dissected till plain, 9 to 14 percent slopes, eroded",Olmitz,5,Moderately well drained,18.0,76.0,2.5,6.2,0.16,28.0,35.0,37.0,1.45,23.3,FIELD_0006
410196,"Adair clay loam, dissected till plain, 9 to 14 percent slopes, eroded",Shelby,5,Well drained,18.0,93.0,1.1,6.1,0.16,34.0,30.0,36.0,1.46,26.9,FIELD_0006
410201,"Shelby loam, dissected till plain, 9 to 14 percent slopes",Adair,5,Somewhat poorly drained,18.0,33.0,2.5,6.2,0.18,32.0,22.5,45.5,1.43,25.6,FIELD_0006
410201,"Shelby loam, dissected till plain, 9 to 14 percent slopes",Olmitz,5,Moderately well drained,18.0,76.0,2.5,6.2,0.16,28.0,35.0,37.0,1.45,23.3,FIELD_0006
410202,"Shelby clay loam, dissected till plain, 9 to 14 percent slopes, eroded",Adair,5,Somewhat poorly drained,18.0,43.0,0.75,5.8,0.1,49.0,25.0,26.0,1.33,35.5,FIELD_0006
410202,"Shelby clay loam, dissected till plain, 9 to 14 percent slopes, eroded",Olmitz,5,Moderately well drained,18.0,76.0,2.5,6.2,0.16,28.0,35.0,37.0,1.45,23.3,FIELD_0006
410209,"Sharpsburg silty clay loam, 2 to 5 percent slopes",Nira,5,Moderately well drained,18.0,28.0,2.5,6.1,0.22,33.0,2.0,65.0,1.25,27.0,FIELD_0006
410211,"Sharpsburg silty clay loam, 5 to 9 percent slopes",Clearfield,5,Poorly drained,18.0,43.0,2.5,6.5,0.19,36.0,2.0,62.0,1.3,28.3,FIELD_0006
410212,"Sharpsburg silty clay loam, 5 to 9 percent slopes, eroded",Adair,5,Somewhat poorly drained,18.0,43.0,0.75,5.8,0.1,49.0,25.0,26.0,1.33,35.5,FIELD_0006
410212,"Sharpsburg silty clay loam, 5 to 9 percent slopes, eroded",Nira,5,Moderately well drained,18.0,30.0,0.4,6.5,0.19,34.0,2.0,64.0,1.43,25.8,FIELD_0006
410213,"Sharpsburg silty clay loam, 9 to 14 percent slopes",Nira,5,Moderately well drained,18.0,28.0,2.5,6.1,0.22,33.0,2.0,65.0,1.25,27.0,FIELD_0006
410213,"Sharpsburg silty clay loam, 9 to 14 percent slopes",Sharpsburg,5,Moderately well drained,18.0,54.0,0.8,6.0,0.19,38.0,2.0,60.0,1.29,28.4,FIELD_0006
410214,"Sharpsburg silty clay loam, 9 to 14 percent slopes, eroded",Adair,5,Somewhat poorly drained,18.0,43.0,0.75,5.8,0.1,49.0,25.0,26.0,1.33,35.5,FIELD_0006
410214,"Sharpsburg silty clay loam, 9 to 14 percent slopes, eroded",Shelby,5,Well drained,18.0,93.0,1.1,6.1,0.16,34.0,30.0,36.0,1.46,26.9,FIELD_0006
410195,"Adair clay loam, dissected till plain, 9 to 14 percent slopes",Sharpsburg,5,Moderately well drained,20.0,43.0,3.0,5.8,0.22,35.0,2.0,63.0,1.25,24.2,FIELD_0006
410196,"Adair clay loam, dissected till plain, 9 to 14 percent slopes, eroded",Sharpsburg,5,Moderately well drained,20.0,43.0,3.0,5.8,0.22,35.0,2.0,63.0,1.25,24.2,FIELD_0006
410196,"Adair clay loam, dissected till plain, 9 to 14 percent slopes, eroded",Nira,5,Moderately well drained,23.0,84.0,0.25,6.5,0.19,32.0,3.0,65.0,1.35,24.0,FIELD_0006
410195,"Adair clay loam, dissected till plain, 9 to 14 percent slopes",Shelby,5,Well drained,28.0,117.0,1.1,6.1,0.16,34.0,30.0,36.0,1.46,26.9,FIELD_0006
410201,"Shelby loam, dissected till plain, 9 to 14 percent slopes",Lamoni,5,Somewhat poorly drained,28.0,84.0,0.25,5.8,0.1,47.5,24.0,28.5,1.36,33.3,FIELD_0006
410209,"Sharpsburg silty clay loam, 2 to 5 percent slopes",Nira,5,Moderately well drained,28.0,51.0,0.4,6.4,0.19,34.0,2.0,64.0,1.44,25.8,FIELD_0006
410211,"Sharpsburg silty clay loam, 5 to 9 percent slopes",Lamoni,5,Somewhat poorly drained,28.0,84.0,0.25,5.8,0.1,47.5,24.0,28.5,1.38,33.3,FIELD_0006
410213,"Sharpsburg silty clay loam, 9 to 14 percent slopes",Nira,5,Moderately well drained,28.0,51.0,0.4,6.4,0.19,34.0,2.0,64.0,1.44,25.8,FIELD_0006
1902644,"Ava silt loam, 2 to 5 percent slopes",Ava,90,Moderately well drained,0.0,15.0,2.0,6.3,0.22,15.0,7.0,78.0,1.45,8.2,FIELD_0007
2024915,"Ava silt loam, 2 to 5 percent slopes, eroded",Ava,90,Moderately well drained,0.0,10.0,1.5,7.0,0.21,21.0,5.0,74.0,1.4,11.3,FIELD_0007
2024916,"Plumfield silty clay loam, 5 to 10 percent slopes",Plumfield,90,Moderately well drained,0.0,13.0,0.8,5.0,0.16,30.0,5.0,65.0,1.45,,FIELD_0007
2024921,"Creal silt loam, 0 to 2 percent slopes",Creal,90,Somewhat poorly drained,0.0,23.0,2.0,6.2,0.21,22.0,5.0,73.0,1.4,18.6,FIELD_0007
2024922,"Zanesville silt loam, till plain, 5 to 10 percent slopes, eroded",Zanesville,90,Moderately well drained,0.0,15.0,1.25,5.9,0.21,19.0,6.0,75.0,1.38,10.2,FIELD_0007
2025098,"Belknap silt loam, 0 to 2 percent slopes, frequently flooded",Belknap,90,Somewhat poorly drained,0.0,18.0,2.5,5.9,0.23,16.0,5.0,79.0,1.44,8.7,FIELD_0007
2231394,"Bonnie silt loam, sodic, 0 to 2 percent slopes, frequently flooded",Bonnie,90,Poorly drained,0.0,30.0,1.5,6.7,0.21,20.0,9.0,71.0,1.4,10.8,FIELD_0007
2024915,"Ava silt loam, 2 to 5 percent slopes, eroded",Ava,90,Moderately well drained,10.0,76.0,0.4,4.8,0.16,31.0,3.0,66.0,1.45,,FIELD_0007
2024916,"Plumfield silty clay loam, 5 to 10 percent slopes",Plumfield,90,Moderately well drained,13.0,30.0,0.3,4.7,0.15,28.0,10.0,62.0,1.5,,FIELD_0007
1902644,"Ava silt loam, 2 to 5 percent slopes",Ava,90,Moderately well drained,15.0,36.0,0.7,5.3,0.22,17.0,5.0,78.0,1.45,,FIELD_0007
2024922,"Zanesville silt loam, till plain, 5 to 10 percent slopes, eroded",Zanesville,90,Moderately well drained,15.0,61.0,0.25,5.0,0.2,25.0,7.0,68.0,1.4,,FIELD_0007
2025098,"Belknap silt loam, 0 to 2 percent slopes, frequently flooded",Belknap,90,Somewhat poorly drained,18.0,150.0,1.0,5.2,0.21,16.0,5.0,79.0,1.48,,FIELD_0007
2024921,"Creal silt loam, 0 to 2 percent slopes",Creal,90,Somewhat poorly drained,23.0,69.0,0.4,5.5,0.2,22.0,5.0,73.0,1.5,17.4,FIELD_0007
2231394,"Bonnie silt loam, sodic, 0 to 2 percent slopes, frequently flooded",Belknap,10,Somewhat poorly drained,,,,,,,,,,,FIELD_0007
1902644,"Ava silt loam, 2 to 5 percent slopes",Bluford,10,Somewhat poorly drained,0.0,18.0,1.75,6.6,0.22,15.0,8.0,77.0,1.4,13.2,FIELD_0007
2024915,"Ava silt loam, 2 to 5 percent slopes, eroded",Bluford,10,Somewhat poorly drained,0.0,18.0,1.75,6.6,0.22,15.0,8.0,77.0,1.4,13.2,FIELD_0007
2024922,"Zanesville silt loam, till plain, 5 to 10 percent slopes, eroded",Wellston,10,Well drained,0.0,15.0,1.5,5.8,0.2,20.0,11.0,69.0,1.4,10.8,FIELD_0007
2024922,"Zanesville silt loam, till plain, 5 to 10 percent slopes, eroded",Wellston,10,Well drained,15.0,89.0,0.25,5.3,0.19,26.0,7.0,67.0,1.48,,FIELD_0007
1902644,"Ava silt loam, 2 to 5 percent slopes",Bluford,10,Somewhat poorly drained,18.0,49.0,0.65,5.0,0.22,19.0,7.0,74.0,1.48,,FIELD_0007
2024915,"Ava silt loam, 2 to 5 percent slopes, eroded",Bluford,10,Somewhat poorly drained,18.0,49.0,0.65,5.0,0.22,19.0,7.0,74.0,1.48,,FIELD_0007
2025098,"Belknap silt loam, 0 to 2 percent slopes, frequently flooded",Bonnie,5,Poorly drained,,,,,,,,,,,FIELD_0007
2025098,"Belknap silt loam, 0 to 2 percent slopes, frequently flooded",Piopolis,5,Poorly drained,,,,,,,,,,,FIELD_0007
2024916,"Plumfield silty clay loam, 5 to 10 percent slopes",Belknap,4,Somewhat poorly drained,0.0,18.0,2.5,5.9,0.23,16.0,5.0,79.0,1.33,8.7,FIELD_0007
2024916,"Plumfield silty clay loam, 5 to 10 percent slopes",Passport,4,Somewhat poorly drained,0.0,10.0,1.6,7.0,0.2,17.0,17.0,66.0,1.5,9.2,FIELD_0007
2024916,"Plumfield silty clay loam, 5 to 10 percent slopes",Passport,4,Somewhat poorly drained,10.0,97.0,0.35,5.9,0.13,28.0,27.0,45.0,1.6,14.7,FIELD_0007
2024916,"Plumfield silty clay loam, 5 to 10 percent slopes",Belknap,4,Somewhat poorly drained,18.0,150.0,1.0,5.2,0.21,16.0,5.0,79.0,1.46,,FIELD_0007
2024916,"Plumfield silty clay loam, 5 to 10 percent slopes",Bluford,2,Somewhat poorly drained,0.0,18.0,1.75,6.6,0.22,15.0,8.0,77.0,1.4,13.2,FIELD_0007
2024921,"Creal silt loam, 0 to 2 percent slopes",Racoon,2,Poorly drained,0.0,15.0,2.0,7.0,0.22,18.0,6.0,76.0,1.4,15.5,FIELD_0007
2024921,"Creal silt loam, 0 to 2 percent slopes",Racoon,2,Poorly drained,15.0,76.0,0.5,5.2,0.2,20.0,7.0,73.0,1.45,16.2,FIELD_0007
2024916,"Plumfield silty clay loam, 5 to 10 percent slopes",Bluford,2,Somewhat poorly drained,18.0,49.0,0.65,5.0,0.22,19.0,7.0,74.0,1.48,,FIELD_0007
410340,"Galva silty clay loam, 2 to 5 percent slopes",Galva,95,Well drained,0.0,15.0,4.0,5.7,0.22,32.0,4.0,64.0,1.28,25.2,FIELD_0008
410350,"Radford silty clay loam, 0 to 2 percent slopes",Radford,95,Somewhat poorly drained,0.0,23.0,2.0,6.2,0.22,29.0,5.0,66.0,1.38,23.5,FIELD_0008
410364,"Galva silty clay loam, terrace, 2 to 5 percent slopes",Galva,95,Well drained,0.0,15.0,4.0,5.7,0.22,32.0,4.0,64.0,1.28,25.2,FIELD_0008
410340,"Galva silty clay loam, 2 to 5 percent slopes",Galva,95,Well drained,15.0,43.0,3.5,6.5,0.22,33.0,3.0,64.0,1.28,27.3,FIELD_0008
410364,"Galva silty clay loam, terrace, 2 to 5 percent slopes",Galva,95,Well drained,15.0,43.0,3.5,6.5,0.22,33.0,3.0,64.0,1.28,27.3,FIELD_0008
410350,"Radford silty clay loam, 0 to 2 percent slopes",Radford,95,Somewhat poorly drained,23.0,61.0,2.0,6.5,0.21,22.0,7.0,71.0,1.36,18.6,FIELD_0008
410318,"Graceville silt loam, 2 to 5 percent slopes",Graceville,90,Moderately well drained,0.0,20.0,4.0,6.5,0.21,23.0,9.5,67.5,1.18,20.8,FIELD_0008
410351,"Radford silty clay loam, 2 to 5 percent slopes",Radford,90,Somewhat poorly drained,0.0,23.0,2.0,6.2,0.22,29.0,5.0,66.0,1.38,23.5,FIELD_0008
410318,"Graceville silt loam, 2 to 5 percent slopes",Graceville,90,Moderately well drained,20.0,51.0,4.0,6.5,0.21,23.0,9.5,67.5,1.18,20.8,FIELD_0008
410351,"Radford silty clay loam, 2 to 5 percent slopes",Radford,90,Somewhat poorly drained,23.0,61.0,2.0,6.5,0.21,22.0,7.0,71.0,1.36,18.6,FIELD_0008
410320,"Colo silty clay loam, deep loess, 0 to 2 percent slopes, occasionally flooded",Colo,85,Poorly drained,0.0,20.0,6.0,6.3,0.22,30.0,6.0,64.0,1.27,25.6,FIELD_0008
410341,"Galva silty clay loam, 5 to 9 percent slopes, eroded",Galva,85,Well drained,0.0,15.0,3.1,5.8,0.22,32.0,5.0,63.0,1.28,25.2,FIELD_0008
410342,"Galva silty clay loam, 9 to 14 percent slopes, eroded",Galva,85,Well drained,0.0,15.0,3.1,5.8,0.22,32.0,5.0,63.0,1.28,25.2,FIELD_0008
410341,"Galva silty clay loam, 5 to 9 percent slopes, eroded",Galva,85,Well drained,15.0,25.0,1.6,6.6,0.22,32.0,5.0,63.0,1.28,27.3,FIELD_0008
410342,"Galva silty clay loam, 9 to 14 percent slopes, eroded",Galva,85,Well drained,15.0,25.0,1.6,6.6,0.22,32.0,5.0,63.0,1.28,27.3,FIELD_0008
410320,"Colo silty clay loam, deep loess, 0 to 2 percent slopes, occasionally flooded",Colo,85,Poorly drained,20.0,86.0,3.0,6.4,0.19,31.0,6.0,63.0,1.23,25.7,FIELD_0008
410341,"Galva silty clay loam, 5 to 9 percent slopes, eroded",Galva,85,Well drained,25.0,79.0,1.5,7.0,0.19,29.0,5.0,66.0,1.33,24.7,FIELD_0008
410342,"Galva silty clay loam, 9 to 14 percent slopes, eroded",Galva,85,Well drained,25.0,79.0,1.5,7.0,0.19,29.0,5.0,66.0,1.33,24.7,FIELD_0008
410343,"Galva-Wadena complex, 5 to 14 percent slopes, moderately eroded",Galva,50,Well drained,0.0,15.0,3.2,6.5,0.22,36.5,8.7,54.8,1.28,38.5,FIELD_0008
410343,"Galva-Wadena complex, 5 to 14 percent slopes, moderately eroded",Galva,50,Well drained,15.0,25.0,3.5,6.5,0.22,36.5,8.7,54.8,1.28,38.5,FIELD_0008
410343,"Galva-Wadena complex, 5 to 14 percent slopes, moderately eroded",Galva,50,Well drained,25.0,71.0,1.5,6.7,0.19,34.5,6.0,59.5,1.33,38.5,FIELD_0008
410343,"Galva-Wadena complex, 5 to 14 percent slopes, moderately eroded",Wadena,30,Well drained,0.0,38.0,3.0,6.7,0.21,22.5,39.8,37.7,1.4,30.5,FIELD_0008
410343,"Galva-Wadena complex, 5 to 14 percent slopes, moderately eroded",Dickman,20,,0.0,18.0,1.5,6.1,0.14,12.0,68.3,19.7,1.35,10.0,FIELD_0008
410343,"Galva-Wadena complex, 5 to 14 percent slopes, moderately eroded",Dickman,20,,18.0,40.0,0.75,6.1,0.14,12.0,68.3,19.7,1.35,17.5,FIELD_0008
410318,"Graceville silt loam, 2 to 5 percent slopes",Dickman,5,Well drained,0.0,30.0,2.0,6.1,0.14,12.0,68.3,19.7,1.35,10.0,FIELD_0008
410318,"Graceville silt loam, 2 to 5 percent slopes",Wadena,5,Well drained,0.0,38.0,3.5,6.7,0.21,22.5,,,1.4,22.5,FIELD_0008
410320,"Colo silty clay loam, deep loess, 0 to 2 percent slopes, occasionally flooded",Calco,5,Poorly drained,0.0,20.0,6.0,7.9,0.22,30.5,6.7,62.8,1.28,26.0,FIELD_0008
410320,"Colo silty clay loam, deep loess, 0 to 2 percent slopes, occasionally flooded",Kennebec,5,Moderately well drained,0.0,20.0,5.0,6.5,0.15,24.5,5.5,70.0,1.53,21.2,FIELD_0008
410320,"Colo silty clay loam, deep loess, 0 to 2 percent slopes, occasionally flooded",Zook,5,Poorly drained,0.0,18.0,3.9,6.1,0.16,36.3,2.4,61.3,1.43,29.7,FIELD_0008
410340,"Galva silty clay loam, 2 to 5 percent slopes",Primghar,5,Somewhat poorly drained,0.0,20.0,6.2,6.5,0.22,36.0,3.0,61.0,1.25,30.3,FIELD_0008
410341,"Galva silty clay loam, 5 to 9 percent slopes, eroded",Galva,5,Well drained,0.0,15.0,4.0,5.7,0.22,32.0,4.0,64.0,1.28,25.2,FIELD_0008
410341,"Galva silty clay loam, 5 to 9 percent slopes, eroded",Primghar,5,Somewhat poorly drained,0.0,20.0,6.2,6.5,0.22,36.0,3.0,61.0,1.25,30.3,FIELD_0008
410341,"Galva silty clay loam, 5 to 9 percent slopes, eroded",Steinauer,5,Well drained,0.0,10.0,2.7,7.9,0.18,29.5,33.6,36.9,1.45,24.5,FIELD_0008
410342,"Galva silty clay loam, 9 to 14 percent slopes, eroded",Burchard,5,Well drained,0.0,13.0,2.7,6.5,0.18,28.0,36.0,36.0,1.41,23.4,FIELD_0008
410342,"Galva silty clay loam, 9 to 14 percent slopes, eroded",Ida,5,Well drained,0.0,20.0,1.2,7.9,0.21,21.5,11.2,67.3,1.44,17.8,FIELD_0008
410342,"Galva silty clay loam, 9 to 14 percent slopes, eroded",Steinauer,5,Well drained,0.0,10.0,2.7,7.9,0.18,29.5,33.6,36.9,1.45,24.5,FIELD_0008
410350,"Radford silty clay loam, 0 to 2 percent slopes",Colo,5,Poorly drained,0.0,20.0,6.0,6.3,0.22,30.0,6.0,64.0,1.23,25.6,FIELD_0008
410351,"Radford silty clay loam, 2 to 5 percent slopes",Colo,5,Poorly drained,0.0,20.0,4.0,6.0,0.22,24.0,7.0,69.0,1.34,20.6,FIELD_0008
410351,"Radford silty clay loam, 2 to 5 percent slopes",Primghar,5,Somewhat poorly drained,0.0,20.0,6.2,6.5,0.22,36.0,3.0,61.0,1.25,30.3,FIELD_0008
410364,"Galva silty clay loam, terrace, 2 to 5 percent slopes",Galva,5,Well drained,0.0,15.0,3.1,5.8,0.22,32.0,5.0,63.0,1.28,25.2,FIELD_0008
410341,"Galva silty clay loam, 5 to 9 percent slopes, eroded",Steinauer,5,Well drained,10.0,28.0,1.6,8.2,0.16,29.5,33.6,36.9,1.45,24.0,FIELD_0008
410342,"Galva silty clay loam, 9 to 14 percent slopes, eroded",Steinauer,5,Well drained,10.0,28.0,1.6,8.2,0.16,29.5,33.6,36.9,1.45,24.0,FIELD_0008
410342,"Galva silty clay loam, 9 to 14 percent slopes, eroded",Burchard,5,Well drained,13.0,33.0,0.75,6.7,0.16,31.0,35.0,34.0,1.39,24.4,FIELD_0008
410341,"Galva silty clay loam, 5 to 9 percent slopes, eroded",Galva,5,Well drained,15.0,43.0,3.5,6.5,0.22,33.0,3.0,64.0,1.28,27.3,FIELD_0008
410364,"Galva silty clay loam, terrace, 2 to 5 percent slopes",Galva,5,Well drained,15.0,25.0,1.6,6.6,0.22,32.0,5.0,63.0,1.28,27.3,FIELD_0008
410320,"Colo silty clay loam, deep loess, 0 to 2 percent slopes, occasionally flooded",Zook,5,Poorly drained,18.0,51.0,2.6,6.1,0.22,36.6,3.5,59.9,1.3,28.5,FIELD_0008
410320,"Colo silty clay loam, deep loess, 0 to 2 percent slopes, occasionally flooded",Calco,5,Poorly drained,20.0,127.0,4.5,7.9,0.22,30.5,6.7,62.8,1.28,25.7,FIELD_0008
410320,"Colo silty clay loam, deep loess, 0 to 2 percent slopes, occasionally flooded",Kennebec,5,Moderately well drained,20.0,137.0,3.0,6.7,0.19,24.5,5.5,70.0,1.53,20.8,FIELD_0008
410340,"Galva silty clay loam, 2 to 5 percent slopes",Primghar,5,Somewhat poorly drained,20.0,43.0,4.0,6.5,0.22,37.0,2.0,61.0,1.3,30.5,FIELD_0008
410341,"Galva silty clay loam, 5 to 9 percent slopes, eroded",Primghar,5,Somewhat poorly drained,20.0,43.0,4.0,6.5,0.22,37.0,2.0,61.0,1.3,30.5,FIELD_0008
410342,"Galva silty clay loam, 9 to 14 percent slopes, eroded",Ida,5,Well drained,20.0,152.0,0.25,7.9,0.21,21.5,11.2,67.3,1.42,16.8,FIELD_0008
410350,"Radford silty clay loam, 0 to 2 percent slopes",Colo,5,Poorly drained,20.0,86.0,3.0,6.4,0.19,31.0,6.0,63.0,1.26,25.7,FIELD_0008
410351,"Radford silty clay loam, 2 to 5 percent slopes",Colo,5,Poorly drained,20.0,36.0,3.5,6.0,0.22,25.0,3.0,72.0,1.28,21.3,FIELD_0008
410351,"Radford silty clay loam, 2 to 5 percent slopes",Primghar,5,Somewhat poorly drained,20.0,43.0,4.0,6.5,0.22,37.0,2.0,61.0,1.3,30.5,FIELD_0008
410364,"Galva silty clay loam, terrace, 2 to 5 percent slopes",Galva,5,Well drained,25.0,79.0,1.5,7.0,0.19,29.0,5.0,66.0,1.33,24.7,FIELD_0008
410341,"Galva silty clay loam, 5 to 9 percent slopes, eroded",Steinauer,5,Well drained,28.0,152.0,0.5,8.2,0.14,29.5,33.6,36.9,1.65,22.9,FIELD_0008
410342,"Galva silty clay loam, 9 to 14 percent slopes, eroded",Steinauer,5,Well drained,28.0,152.0,0.5,8.2,0.14,29.5,33.6,36.9,1.65,22.9,FIELD_0008
869261,Water,Water,100,,,,,,,,,,,,FIELD_0009
869194,"Birkbeck silt loam, 10 to 18 percent slopes, eroded",Birkbeck,97,Moderately well drained,0.0,18.0,2.0,7.0,0.21,21.0,5.0,74.0,1.4,17.8,FIELD_0009
869194,"Birkbeck silt loam, 10 to 18 percent slopes, eroded",Birkbeck,97,Moderately well drained,18.0,117.0,0.5,7.0,0.16,33.0,5.0,62.0,1.4,25.4,FIELD_0009
869192,"Birkbeck silt loam, 2 to 5 percent slopes, eroded",Birkbeck,95,Moderately well drained,0.0,23.0,2.0,6.1,0.21,21.0,5.0,74.0,1.4,17.8,FIELD_0009
869193,"Birkbeck silt loam, 5 to 10 percent slopes, eroded",Birkbeck,95,Moderately well drained,0.0,23.0,2.0,6.7,0.21,21.0,5.0,74.0,1.4,17.8,FIELD_0009
869192,"Birkbeck silt loam, 2 to 5 percent slopes, eroded",Birkbeck,95,Moderately well drained,23.0,122.0,0.5,5.3,0.16,33.0,5.0,62.0,1.4,25.4,FIELD_0009
869193,"Birkbeck silt loam, 5 to 10 percent slopes, eroded",Birkbeck,95,Moderately well drained,23.0,119.0,0.5,5.8,0.16,33.0,5.0,62.0,1.4,25.4,FIELD_0009
869205,"Russell silt loam, Bloomington Ridged Plain, 5 to 10 percent slopes, eroded",Russell,94,Well drained,0.0,18.0,1.5,6.2,0.21,22.0,8.0,70.0,1.4,18.4,FIELD_0009
869205,"Russell silt loam, Bloomington Ridged Plain, 5 to 10 percent slopes, eroded",Russell,94,Well drained,18.0,69.0,0.4,5.0,0.16,32.0,8.0,60.0,1.5,24.5,FIELD_0009
1913192,"Ross loam, 0 to 2 percent slopes, occasionally flooded",Ross,93,Well drained,0.0,81.0,3.5,7.6,0.16,21.0,40.0,39.0,1.35,17.0,FIELD_0009
2215574,"Senachwine silt loam, 5 to 10 percent slopes, eroded",Senachwine,93,Well drained,0.0,15.0,1.5,6.2,0.17,21.0,22.0,57.0,1.48,11.3,FIELD_0009
2215574,"Senachwine silt loam, 5 to 10 percent slopes, eroded",Senachwine,93,Well drained,15.0,30.0,0.5,6.2,0.14,31.0,19.0,50.0,1.5,16.4,FIELD_0009
869206,"Russell silt loam, 10 to 18 percent slopes, eroded",Russell,92,Well drained,0.0,18.0,1.25,6.3,0.19,23.0,8.0,69.0,1.5,18.5,FIELD_0009
869206,"Russell silt loam, 10 to 18 percent slopes, eroded",Russell,92,Well drained,18.0,74.0,0.4,5.8,0.17,32.0,8.0,60.0,1.45,24.5,FIELD_0009
869177,"Keomah silt loam, 0 to 2 percent slopes",Keomah,90,Somewhat poorly drained,0.0,15.0,2.0,6.5,0.22,16.0,4.0,80.0,1.44,13.7,FIELD_0009
869178,"Keomah silt loam, 2 to 5 percent slopes, eroded",Keomah,90,Somewhat poorly drained,0.0,10.0,1.0,6.2,0.22,16.0,4.0,80.0,1.46,13.7,FIELD_0009
869199,"Rozetta silt loam, 2 to 5 percent slopes, eroded",Rozetta,90,Well drained,0.0,15.0,1.5,6.8,0.23,19.0,4.0,77.0,1.45,16.1,FIELD_0009
869178,"Keomah silt loam, 2 to 5 percent slopes, eroded",Keomah,90,Somewhat poorly drained,10.0,23.0,0.6,5.6,0.19,28.0,4.0,68.0,1.33,21.8,FIELD_0009
869177,"Keomah silt loam, 0 to 2 percent slopes",Keomah,90,Somewhat poorly drained,15.0,33.0,0.65,5.7,0.19,20.0,4.0,76.0,1.45,11.6,FIELD_0009
869199,"Rozetta silt loam, 2 to 5 percent slopes, eroded",Rozetta,90,Well drained,15.0,64.0,0.25,5.6,0.19,31.0,4.0,65.0,1.45,23.3,FIELD_0009
869178,"Keomah silt loam, 2 to 5 percent slopes, eroded",Keomah,90,Somewhat poorly drained,23.0,38.0,0.5,5.2,0.17,38.0,2.0,60.0,1.42,,FIELD_0009
869259,"Senachwine-Hennepin loams, 18 to 35 percent slopes",Senachwine,50,Well drained,0.0,15.0,2.0,6.5,0.22,16.5,43.5,40.0,1.43,9.0,FIELD_0009
1913534,"Senachwine-Hennepin loams, 35 to 60 percent slopes",Senachwine,50,Well drained,0.0,15.0,2.0,6.5,0.22,16.5,43.5,40.0,1.43,9.0,FIELD_0009
869259,"Senachwine-Hennepin loams, 18 to 35 percent slopes",Senachwine,50,Well drained,15.0,53.0,0.25,6.2,0.14,31.0,35.4,33.6,1.55,16.2,FIELD_0009
1913534,"Senachwine-Hennepin loams, 35 to 60 percent slopes",Senachwine,50,Well drained,15.0,53.0,0.25,6.2,0.14,31.0,35.4,33.6,1.55,16.2,FIELD_0009
869259,"Senachwine-Hennepin loams, 18 to 35 percent slopes",Hennepin,30,Well drained,0.0,15.0,2.0,7.0,0.15,25.0,38.5,36.5,1.3,13.5,FIELD_0009
1913534,"Senachwine-Hennepin loams, 35 to 60 percent slopes",Hennepin,30,Well drained,0.0,15.0,2.0,7.0,0.15,25.0,38.4,36.6,1.3,13.5,FIELD_0009
869259,"Senachwine-Hennepin loams, 18 to 35 percent slopes",Hennepin,30,Well drained,15.0,38.0,0.25,7.3,0.13,24.0,39.1,36.9,1.45,12.6,FIELD_0009
1913534,"Senachwine-Hennepin loams, 35 to 60 percent slopes",Hennepin,30,Well drained,15.0,28.0,0.25,7.3,0.13,24.0,39.4,36.6,1.45,12.6,FIELD_0009
1913534,"Senachwine-Hennepin loams, 35 to 60 percent slopes",Hennepin,30,Well drained,28.0,152.0,0.2,7.9,0.11,19.0,37.0,44.0,1.75,9.4,FIELD_0009
869178,"Keomah silt loam, 2 to 5 percent slopes, eroded",Rozetta,6,Well drained,0.0,15.0,1.5,6.8,0.23,19.0,4.0,77.0,1.45,16.1,FIELD_0009
869205,"Russell silt loam, Bloomington Ridged Plain, 5 to 10 percent slopes, eroded",Fincastle,6,Somewhat poorly drained,0.0,25.0,2.3,5.6,0.22,19.0,8.0,73.0,1.45,16.4,FIELD_0009
869178,"Keomah silt loam, 2 to 5 percent slopes, eroded",Rozetta,6,Well drained,15.0,64.0,0.25,5.6,0.19,31.0,4.0,65.0,1.45,23.3,FIELD_0009
869205,"Russell silt loam, Bloomington Ridged Plain, 5 to 10 percent slopes, eroded",Fincastle,6,Somewhat poorly drained,25.0,36.0,0.8,5.2,0.21,20.0,8.0,72.0,1.5,16.4,FIELD_0009
869177,"Keomah silt loam, 0 to 2 percent slopes",Rozetta,5,Well drained,0.0,18.0,2.0,6.8,0.23,19.0,4.0,77.0,1.41,16.3,FIELD_0009
869192,"Birkbeck silt loam, 2 to 5 percent slopes, eroded",Sable,5,Poorly drained,0.0,58.0,4.5,6.0,0.19,32.0,2.0,66.0,1.3,26.9,FIELD_0009
869193,"Birkbeck silt loam, 5 to 10 percent slopes, eroded",Sabina,5,Somewhat poorly drained,0.0,20.0,2.0,6.3,0.2,18.0,9.0,73.0,1.45,14.0,FIELD_0009
869199,"Rozetta silt loam, 2 to 5 percent slopes, eroded",Keomah,5,Somewhat poorly drained,0.0,15.0,2.0,6.5,0.22,16.0,4.0,80.0,1.44,13.7,FIELD_0009
869199,"Rozetta silt loam, 2 to 5 percent slopes, eroded",Sable,5,Poorly drained,0.0,58.0,4.5,6.0,0.19,32.0,1.7,66.3,1.3,26.9,FIELD_0009
869199,"Rozetta silt loam, 2 to 5 percent slopes, eroded",Keomah,5,Somewhat poorly drained,15.0,33.0,0.65,5.7,0.19,20.0,4.0,76.0,1.45,11.6,FIELD_0009
869177,"Keomah silt loam, 0 to 2 percent slopes",Rozetta,5,Well drained,18.0,28.0,0.55,6.6,0.23,19.0,4.0,77.0,1.46,15.5,FIELD_0009
869193,"Birkbeck silt loam, 5 to 10 percent slopes, eroded",Sabina,5,Somewhat poorly drained,20.0,30.0,0.7,6.2,0.19,21.0,5.0,74.0,1.45,15.0,FIELD_0009
869177,"Keomah silt loam, 0 to 2 percent slopes",Rozetta,5,Well drained,28.0,114.0,0.25,5.5,0.19,31.0,4.0,65.0,1.45,23.3,FIELD_0009
869194,"Birkbeck silt loam, 10 to 18 percent slopes, eroded",Hennepin,3,Well drained,,,,,,,,,,,FIELD_0009
869178,"Keomah silt loam, 2 to 5 percent slopes, eroded",Sable,3,Poorly drained,0.0,58.0,4.5,6.0,0.19,32.0,1.7,66.3,1.3,26.9,FIELD_0009
1913192,"Ross loam, 0 to 2 percent slopes, occasionally flooded",Sawmill,3,Poorly drained,0.0,66.0,5.5,7.0,0.2,31.0,8.0,61.0,1.35,28.0,FIELD_0009
2215574,"Senachwine silt loam, 5 to 10 percent slopes, eroded",Drummer,3,Poorly drained,0.0,36.0,5.5,6.7,0.18,31.0,8.0,61.0,1.3,30.0,FIELD_0009
869177,"Keomah silt loam, 0 to 2 percent slopes",Rushville,2,Poorly drained,,,,,,,,,,,FIELD_0009
869177,"Keomah silt loam, 0 to 2 percent slopes",Denny,2,Poorly drained,0.0,23.0,2.5,6.2,0.23,23.0,4.0,73.0,1.35,19.3,FIELD_0009
2215574,"Senachwine silt loam, 5 to 10 percent slopes, eroded",Fincastle,2,Somewhat poorly drained,0.0,25.0,2.3,5.6,0.22,19.0,8.0,73.0,1.45,16.4,FIELD_0009
2215574,"Senachwine silt loam, 5 to 10 percent slopes, eroded",Sabina,2,Somewhat poorly drained,0.0,20.0,2.0,6.3,0.2,18.0,9.0,73.0,1.45,14.0,FIELD_0009
2215574,"Senachwine silt loam, 5 to 10 percent slopes, eroded",Sabina,2,Somewhat poorly drained,20.0,30.0,0.7,6.2,0.19,21.0,5.0,74.0,1.45,15.0,FIELD_0009
869177,"Keomah silt loam, 0 to 2 percent slopes",Denny,2,Poorly drained,23.0,41.0,0.5,6.0,0.19,18.0,4.0,78.0,1.46,14.8,FIELD_0009
2215574,"Senachwine silt loam, 5 to 10 percent slopes, eroded",Fincastle,2,Somewhat poorly drained,25.0,36.0,0.8,5.2,0.21,20.0,8.0,72.0,1.5,16.4,FIELD_0009
869178,"Keomah silt loam, 2 to 5 percent slopes, eroded",Rushville,1,Poorly drained,,,,,,,,,,,FIELD_0009
869177,"Keomah silt loam, 0 to 2 percent slopes",Sable,1,Poorly drained,0.0,58.0,4.5,6.0,0.19,32.0,1.7,66.3,1.3,26.9,FIELD_0009
2024905,Water,Water,100,,,,,,,,,,,,FIELD_0010
1902261,"Hoyleton silt loam, 0 to 2 percent slopes",Hoyleton,90,Somewhat poorly drained,0.0,20.0,3.0,6.0,0.22,14.9,8.0,77.1,1.4,13.3,FIELD_0010
1902644,"Ava silt loam, 2 to 5 percent slopes",Ava,90,Moderately well drained,0.0,15.0,2.0,6.3,0.22,15.0,7.0,78.0,1.45,8.2,FIELD_0010
1906356,"Passport silt loam, 5 to 10 percent slopes, eroded",Passport,90,Somewhat poorly drained,0.0,10.0,1.6,7.0,0.2,17.0,17.0,66.0,1.5,9.2,FIELD_0010
1906358,"Blair silt loam, 5 to 10 percent slopes, eroded",Blair,90,Somewhat poorly drained,0.0,13.0,1.5,6.2,0.2,23.0,5.0,72.0,1.36,19.1,FIELD_0010
1906363,"Wynoose silt loam, 0 to 2 percent slopes",Wynoose,90,Poorly drained,0.0,18.0,1.5,6.6,0.22,16.0,8.0,76.0,1.4,13.9,FIELD_0010
1906364,"Bluford silt loam, 0 to 2 percent slopes",Bluford,90,Somewhat poorly drained,0.0,18.0,1.75,6.6,0.22,15.0,8.0,77.0,1.4,13.2,FIELD_0010
1906366,"Bluford silt loam, 2 to 5 percent slopes",Bluford,90,Somewhat poorly drained,0.0,18.0,1.75,6.6,0.22,15.0,8.0,77.0,1.4,13.2,FIELD_0010
1906367,"Bluford silt loam, 2 to 5 percent slopes, eroded",Bluford,90,Somewhat poorly drained,0.0,15.0,1.75,6.6,0.22,15.0,8.0,77.0,1.4,13.2,FIELD_0010
2024117,"Ava silt loam, 5 to 10 percent slopes, eroded",Ava,90,Moderately well drained,0.0,23.0,1.25,5.9,0.22,18.0,5.0,77.0,1.5,9.7,FIELD_0010
2025098,"Belknap silt loam, 0 to 2 percent slopes, frequently flooded",Belknap,90,Somewhat poorly drained,0.0,18.0,2.5,5.9,0.23,16.0,5.0,79.0,1.44,8.7,FIELD_0010
2025099,"Piopolis silty clay loam, 0 to 2 percent slopes, frequently flooded",Piopolis,90,Poorly drained,0.0,18.0,2.0,6.2,0.17,31.0,6.0,63.0,1.4,16.7,FIELD_0010
2027464,"Creal silt loam, 0 to 2 percent slopes, rarely flooded",Creal,90,Somewhat poorly drained,0.0,20.0,2.0,6.2,0.21,22.0,5.0,73.0,1.4,18.6,FIELD_0010
2231394,"Bonnie silt loam, sodic, 0 to 2 percent slopes, frequently flooded",Bonnie,90,Poorly drained,0.0,30.0,1.5,6.7,0.21,20.0,9.0,71.0,1.4,10.8,FIELD_0010
3210775,"Hoyleton silt loam, bench, 2 to 5 percent slopes",Hoyleton,90,Somewhat poorly drained,0.0,20.0,3.0,6.0,0.22,15.0,8.0,77.0,1.35,13.4,FIELD_0010
1906356,"Passport silt loam, 5 to 10 percent slopes, eroded",Passport,90,Somewhat poorly drained,10.0,97.0,0.35,5.9,0.13,28.0,27.0,45.0,1.6,14.7,FIELD_0010
1906358,"Blair silt loam, 5 to 10 percent slopes, eroded",Blair,90,Somewhat poorly drained,13.0,30.0,0.5,5.3,0.19,31.0,5.0,64.0,1.48,,FIELD_0010
1902644,"Ava silt loam, 2 to 5 percent slopes",Ava,90,Moderately well drained,15.0,36.0,0.7,5.3,0.22,17.0,5.0,78.0,1.45,,FIELD_0010
1906367,"Bluford silt loam, 2 to 5 percent slopes, eroded",Bluford,90,Somewhat poorly drained,15.0,23.0,0.65,5.0,0.22,19.0,7.0,74.0,1.48,,FIELD_0010
1906363,"Wynoose silt loam, 0 to 2 percent slopes",Wynoose,90,Poorly drained,18.0,49.0,0.65,4.7,0.22,16.0,8.0,76.0,1.4,,FIELD_0010
1906364,"Bluford silt loam, 0 to 2 percent slopes",Bluford,90,Somewhat poorly drained,18.0,49.0,0.65,5.0,0.22,19.0,7.0,74.0,1.48,,FIELD_0010
1906366,"Bluford silt loam, 2 to 5 percent slopes",Bluford,90,Somewhat poorly drained,18.0,49.0,0.65,5.0,0.22,19.0,7.0,74.0,1.48,,FIELD_0010
2025098,"Belknap silt loam, 0 to 2 percent slopes, frequently flooded",Belknap,90,Somewhat poorly drained,18.0,150.0,1.0,5.2,0.21,16.0,5.0,79.0,1.48,,FIELD_0010
2025099,"Piopolis silty clay loam, 0 to 2 percent slopes, frequently flooded",Piopolis,90,Poorly drained,18.0,94.0,1.0,5.1,0.16,31.0,5.0,64.0,1.4,,FIELD_0010
1902261,"Hoyleton silt loam, 0 to 2 percent slopes",Hoyleton,90,Somewhat poorly drained,20.0,28.0,0.6,5.5,0.19,21.0,5.0,74.0,1.4,17.0,FIELD_0010
2027464,"Creal silt loam, 0 to 2 percent slopes, rarely flooded",Creal,90,Somewhat poorly drained,20.0,74.0,0.4,5.5,0.2,22.0,5.0,73.0,1.5,17.4,FIELD_0010
3210775,"Hoyleton silt loam, bench, 2 to 5 percent slopes",Hoyleton,90,Somewhat poorly drained,20.0,28.0,0.6,5.5,0.19,19.0,5.0,76.0,1.5,,FIELD_0010
1906367,"Bluford silt loam, 2 to 5 percent slopes, eroded",Bluford,90,Somewhat poorly drained,23.0,81.0,0.35,4.7,0.14,41.0,3.0,56.0,1.4,,FIELD_0010
2024117,"Ava silt loam, 5 to 10 percent slopes, eroded",Ava,90,Moderately well drained,23.0,71.0,0.5,5.0,0.17,31.0,3.0,66.0,1.5,,FIELD_0010
1902261,"Hoyleton silt loam, 0 to 2 percent slopes",Hoyleton,90,Somewhat poorly drained,28.0,99.0,0.3,5.1,0.14,39.0,3.0,58.0,1.4,,FIELD_0010
3210775,"Hoyleton silt loam, bench, 2 to 5 percent slopes",Hoyleton,90,Somewhat poorly drained,28.0,99.0,0.3,5.1,0.14,39.0,3.0,58.0,1.41,,FIELD_0010
3210773,"Cisne silt loam, bench, 0 to 2 percent slopes",Cisne,88,Poorly drained,0.0,20.0,1.75,5.8,0.22,15.0,6.0,79.0,1.4,13.2,FIELD_0010
3210773,"Cisne silt loam, bench, 0 to 2 percent slopes",Cisne,88,Poorly drained,20.0,43.0,0.5,5.5,0.21,14.0,6.0,80.0,1.5,,FIELD_0010
3210772,"Bluford silt loam, bench, 2 to 5 percent slopes, eroded",Bluford,85,Somewhat poorly drained,0.0,15.0,1.75,6.6,0.22,15.0,8.0,77.0,1.48,13.2,FIELD_0010
3210772,"Bluford silt loam, bench, 2 to 5 percent slopes, eroded",Bluford,85,Somewhat poorly drained,15.0,45.0,0.65,5.0,0.22,19.0,7.0,74.0,1.47,,FIELD_0010
3210771,"Bluford silt loam, bench, 2 to 5 percent slopes",Bluford,83,Somewhat poorly drained,0.0,18.0,1.75,6.6,0.22,15.0,8.0,77.0,1.48,13.2,FIELD_0010
3210771,"Bluford silt loam, bench, 2 to 5 percent slopes",Bluford,83,Somewhat poorly drained,18.0,49.0,0.65,5.0,0.22,19.0,7.0,74.0,1.47,,FIELD_0010
3210776,"Wynoose silt loam, bench, 0 to 2 percent slopes",Wynoose,80,Poorly drained,0.0,18.0,1.5,6.6,0.22,16.0,8.0,76.0,1.45,13.9,FIELD_0010
3210776,"Wynoose silt loam, bench, 0 to 2 percent slopes",Wynoose,80,Poorly drained,18.0,49.0,0.65,4.7,0.22,16.0,8.0,76.0,1.46,,FIELD_0010
2024913,"Hickory-Passport silt loams, 10 to 18 percent slopes, eroded",Hickory,45,Well drained,0.0,25.0,1.75,6.6,0.16,21.0,20.0,59.0,1.5,11.3,FIELD_0010
2024914,"Hickory-Passport clay loams, 10 to 18 percent slopes, severely eroded",Hickory,45,Well drained,0.0,25.0,0.75,6.6,0.12,31.0,30.0,39.0,1.55,17.5,FIELD_0010
2024913,"Hickory-Passport silt loams, 10 to 18 percent slopes, eroded",Hickory,45,Well drained,25.0,114.0,0.2,5.3,0.12,31.0,33.0,36.0,1.6,16.1,FIELD_0010
2024914,"Hickory-Passport clay loams, 10 to 18 percent slopes, severely eroded",Hickory,45,Well drained,25.0,114.0,0.2,5.3,0.12,31.0,33.0,36.0,1.6,16.1,FIELD_0010
2024913,"Hickory-Passport silt loams, 10 to 18 percent slopes, eroded",Passport,40,Somewhat poorly drained,0.0,10.0,1.6,7.0,0.2,17.0,17.0,66.0,1.5,9.2,FIELD_0010
2024914,"Hickory-Passport clay loams, 10 to 18 percent slopes, severely eroded",Passport,40,Somewhat poorly drained,0.0,10.0,0.75,7.0,0.13,31.0,30.0,39.0,1.55,16.5,FIELD_0010
2024913,"Hickory-Passport silt loams, 10 to 18 percent slopes, eroded",Passport,40,Somewhat poorly drained,10.0,81.0,0.35,5.9,0.13,28.0,27.0,45.0,1.6,14.7,FIELD_0010
2024914,"Hickory-Passport clay loams, 10 to 18 percent slopes, severely eroded",Passport,40,Somewhat poorly drained,10.0,81.0,0.35,5.9,0.13,28.0,27.0,45.0,1.6,14.7,FIELD_0010
2231394,"Bonnie silt loam, sodic, 0 to 2 percent slopes, frequently flooded",Belknap,10,Somewhat poorly drained,,,,,,,,,,,FIELD_0010
1902644,"Ava silt loam, 2 to 5 percent slopes",Bluford,10,Somewhat poorly drained,0.0,18.0,1.75,6.6,0.22,15.0,8.0,77.0,1.4,13.2,FIELD_0010
1906363,"Wynoose silt loam, 0 to 2 percent slopes",Bluford,10,Somewhat poorly drained,0.0,18.0,1.75,6.6,0.22,15.0,8.0,77.0,1.4,13.2,FIELD_0010
1906364,"Bluford silt loam, 0 to 2 percent slopes",Wynoose,10,Poorly drained,0.0,18.0,1.5,6.6,0.22,16.0,8.0,76.0,1.4,13.9,FIELD_0010
2024117,"Ava silt loam, 5 to 10 percent slopes, eroded",Bluford,10,Somewhat poorly drained,0.0,15.0,1.75,6.6,0.22,15.0,8.0,77.0,1.4,13.2,FIELD_0010
2025099,"Piopolis silty clay loam, 0 to 2 percent slopes, frequently flooded",Belknap,10,Somewhat poorly drained,0.0,18.0,2.5,5.9,0.23,16.0,5.0,79.0,1.43,8.7,FIELD_0010
3210771,"Bluford silt loam, bench, 2 to 5 percent slopes",Rend,10,Moderately well drained,0.0,15.0,1.5,5.9,0.23,17.0,5.0,78.0,1.45,9.2,FIELD_0010
3210772,"Bluford silt loam, bench, 2 to 5 percent slopes, eroded",Rend,10,Moderately well drained,0.0,15.0,1.5,5.9,0.23,17.0,5.0,78.0,1.45,9.2,FIELD_0010
3210773,"Cisne silt loam, bench, 0 to 2 percent slopes",Hoyleton,10,Somewhat poorly drained,0.0,20.0,3.0,6.0,0.22,15.0,8.0,77.0,1.35,13.4,FIELD_0010
3210776,"Wynoose silt loam, bench, 0 to 2 percent slopes",Bluford,10,Somewhat poorly drained,0.0,18.0,1.75,6.6,0.22,15.0,8.0,77.0,1.48,13.2,FIELD_0010
2024117,"Ava silt loam, 5 to 10 percent slopes, eroded",Bluford,10,Somewhat poorly drained,15.0,23.0,0.65,5.0,0.22,19.0,7.0,74.0,1.48,,FIELD_0010
3210771,"Bluford silt loam, bench, 2 to 5 percent slopes",Rend,10,Moderately well drained,15.0,58.0,0.5,5.0,0.22,31.0,3.0,66.0,1.43,,FIELD_0010
3210772,"Bluford silt loam, bench, 2 to 5 percent slopes, eroded",Rend,10,Moderately well drained,15.0,58.0,0.5,5.0,0.22,31.0,3.0,66.0,1.43,,FIELD_0010
1902644,"Ava silt loam, 2 to 5 percent slopes",Bluford,10,Somewhat poorly drained,18.0,49.0,0.65,5.0,0.22,19.0,7.0,74.0,1.48,,FIELD_0010
1906363,"Wynoose silt loam, 0 to 2 percent slopes",Bluford,10,Somewhat poorly drained,18.0,49.0,0.65,5.0,0.22,19.0,7.0,74.0,1.48,,FIELD_0010
1906364,"Bluford silt loam, 0 to 2 percent slopes",Wynoose,10,Poorly drained,18.0,49.0,0.65,4.7,0.22,16.0,8.0,76.0,1.4,,FIELD_0010
2025099,"Piopolis silty clay loam, 0 to 2 percent slopes, frequently flooded",Belknap,10,Somewhat poorly drained,18.0,150.0,1.0,5.2,0.21,16.0,5.0,79.0,1.48,,FIELD_0010
3210776,"Wynoose silt loam, bench, 0 to 2 percent slopes",Bluford,10,Somewhat poorly drained,18.0,49.0,0.65,5.0,0.22,19.0,7.0,74.0,1.47,,FIELD_0010
3210773,"Cisne silt loam, bench, 0 to 2 percent slopes",Hoyleton,10,Somewhat poorly drained,20.0,28.0,0.6,5.5,0.19,19.0,5.0,76.0,1.5,,FIELD_0010
2024117,"Ava silt loam, 5 to 10 percent slopes, eroded",Bluford,10,Somewhat poorly drained,23.0,81.0,0.35,4.7,0.14,41.0,3.0,56.0,1.4,,FIELD_0010
3210773,"Cisne silt loam, bench, 0 to 2 percent slopes",Hoyleton,10,Somewhat poorly drained,28.0,99.0,0.3,5.1,0.14,39.0,3.0,58.0,1.41,,FIELD_0010
2025098,"Belknap silt loam, 0 to 2 percent slopes, frequently flooded",Bonnie,5,Poorly drained,,,,,,,,,,,FIELD_0010
2025098,"Belknap silt loam, 0 to 2 percent slopes, frequently flooded",Piopolis,5,Poorly drained,,,,,,,,,,,FIELD_0010
1906366,"Bluford silt loam, 2 to 5 percent slopes",Ava,5,Moderately well drained,0.0,15.0,2.0,6.3,0.22,15.0,7.0,78.0,1.45,8.2,FIELD_0010
1906366,"Bluford silt loam, 2 to 5 percent slopes",Wynoose,5,Poorly drained,0.0,18.0,1.5,6.6,0.22,16.0,8.0,76.0,1.4,13.9,FIELD_0010
1906367,"Bluford silt loam, 2 to 5 percent slopes, eroded",Ava,5,Moderately well drained,0.0,15.0,2.0,6.3,0.22,15.0,7.0,78.0,1.45,8.2,FIELD_0010
1906367,"Bluford silt loam, 2 to 5 percent slopes, eroded",Wynoose,5,Poorly drained,0.0,18.0,1.5,6.6,0.22,16.0,8.0,76.0,1.4,13.9,FIELD_0010
3210771,"Bluford silt loam, bench, 2 to 5 percent slopes",Wynoose,5,Poorly drained,0.0,18.0,1.5,6.6,0.22,16.0,8.0,76.0,1.45,13.9,FIELD_0010
3210775,"Hoyleton silt loam, bench, 2 to 5 percent slopes",Rend,5,Moderately well drained,0.0,15.0,1.5,5.9,0.23,17.0,5.0,78.0,1.45,9.2,FIELD_0010
3210776,"Wynoose silt loam, bench, 0 to 2 percent slopes",Bonnie,5,Poorly drained,0.0,25.0,2.0,6.0,0.24,20.0,8.0,72.0,1.41,10.8,FIELD_0010
3210776,"Wynoose silt loam, bench, 0 to 2 percent slopes",Racoon,5,Poorly drained,0.0,15.0,2.0,7.0,0.22,18.0,6.0,76.0,1.4,15.5,FIELD_0010
1906366,"Bluford silt loam, 2 to 5 percent slopes",Ava,5,Moderately well drained,15.0,36.0,0.7,5.3,0.22,17.0,5.0,78.0,1.45,,FIELD_0010
1906367,"Bluford silt loam, 2 to 5 percent slopes, eroded",Ava,5,Moderately well drained,15.0,36.0,0.7,5.3,0.22,17.0,5.0,78.0,1.45,,FIELD_0010
3210775,"Hoyleton silt loam, bench, 2 to 5 percent slopes",Rend,5,Moderately well drained,15.0,58.0,0.5,5.0,0.22,31.0,3.0,66.0,1.43,,FIELD_0010
3210776,"Wynoose silt loam, bench, 0 to 2 percent slopes",Racoon,5,Poorly drained,15.0,76.0,0.5,5.2,0.2,20.0,7.0,73.0,1.49,,FIELD_0010
1906366,"Bluford silt loam, 2 to 5 percent slopes",Wynoose,5,Poorly drained,18.0,49.0,0.65,4.7,0.22,16.0,8.0,76.0,1.4,,FIELD_0010
1906367,"Bluford silt loam, 2 to 5 percent slopes, eroded",Wynoose,5,Poorly drained,18.0,49.0,0.65,4.7,0.22,16.0,8.0,76.0,1.4,,FIELD_0010
3210771,"Bluford silt loam, bench, 2 to 5 percent slopes",Wynoose,5,Poorly drained,18.0,49.0,0.65,4.7,0.22,16.0,8.0,76.0,1.46,,FIELD_0010
3210776,"Wynoose silt loam, bench, 0 to 2 percent slopes",Bonnie,5,Poorly drained,25.0,69.0,0.5,5.5,0.23,23.0,8.0,69.0,1.37,,FIELD_0010
1906356,"Passport silt loam, 5 to 10 percent slopes, eroded",Ava,4,Moderately well drained,0.0,23.0,1.25,5.9,0.22,18.0,5.0,77.0,1.5,9.7,FIELD_0010
1906358,"Blair silt loam, 5 to 10 percent slopes, eroded",Ava,4,Moderately well drained,0.0,23.0,1.25,5.9,0.22,18.0,5.0,77.0,1.5,9.7,FIELD_0010
1906358,"Blair silt loam, 5 to 10 percent slopes, eroded",Darmstadt,4,Somewhat poorly drained,0.0,13.0,1.25,7.3,0.21,21.0,5.0,74.0,1.5,17.5,FIELD_0010
1906358,"Blair silt loam, 5 to 10 percent slopes, eroded",Darmstadt,4,Somewhat poorly drained,13.0,53.0,0.3,7.7,0.16,33.0,4.0,63.0,1.4,24.9,FIELD_0010
1906356,"Passport silt loam, 5 to 10 percent slopes, eroded",Ava,4,Moderately well drained,23.0,71.0,0.5,5.0,0.17,31.0,3.0,66.0,1.5,,FIELD_0010
1906358,"Blair silt loam, 5 to 10 percent slopes, eroded",Ava,4,Moderately well drained,23.0,71.0,0.5,5.0,0.17,31.0,3.0,66.0,1.5,,FIELD_0010
1906356,"Passport silt loam, 5 to 10 percent slopes, eroded",Grantfork,3,Somewhat poorly drained,,,,,,,,,,,FIELD_0010
1906356,"Passport silt loam, 5 to 10 percent slopes, eroded",Hickory,3,Well drained,0.0,15.0,1.5,6.2,0.2,20.0,25.0,55.0,1.51,10.8,FIELD_0010
3210772,"Bluford silt loam, bench, 2 to 5 percent slopes, eroded",Wynoose,3,Poorly drained,0.0,18.0,1.5,6.6,0.22,16.0,8.0,76.0,1.45,13.9,FIELD_0010
3210775,"Hoyleton silt loam, bench, 2 to 5 percent slopes",Wynoose,3,Poorly drained,0.0,18.0,1.5,6.6,0.22,16.0,8.0,76.0,1.45,13.9,FIELD_0010
1906356,"Passport silt loam, 5 to 10 percent slopes, eroded",Hickory,3,Well drained,15.0,67.0,0.6,5.9,0.18,30.0,33.0,37.0,1.5,15.9,FIELD_0010
3210772,"Bluford silt loam, bench, 2 to 5 percent slopes, eroded",Wynoose,3,Poorly drained,18.0,49.0,0.65,4.7,0.22,16.0,8.0,76.0,1.46,,FIELD_0010
3210775,"Hoyleton silt loam, bench, 2 to 5 percent slopes",Wynoose,3,Poorly drained,18.0,49.0,0.65,4.7,0.22,16.0,8.0,76.0,1.46,,FIELD_0010
1902261,"Hoyleton silt loam, 0 to 2 percent slopes",Cisne,2,Poorly drained,,,,,,,,,,,FIELD_0010
1902261,"Hoyleton silt loam, 0 to 2 percent slopes",Cowden,2,Poorly drained,,,,,,,,,,,FIELD_0010
1902261,"Hoyleton silt loam, 0 to 2 percent slopes",Huey,2,Poorly drained,,,,,,,,,,,FIELD_0010
1902261,"Hoyleton silt loam, 0 to 2 percent slopes",Newberry,2,Poorly drained,,,,,,,,,,,FIELD_0010
1902261,"Hoyleton silt loam, 0 to 2 percent slopes",Virden,2,Poorly drained,,,,,,,,,,,FIELD_0010
1906358,"Blair silt loam, 5 to 10 percent slopes, eroded",Wakeland,2,Somewhat poorly drained,,,,,,,,,,,FIELD_0010
2027464,"Creal silt loam, 0 to 2 percent slopes, rarely flooded",Racoon,2,Poorly drained,0.0,15.0,2.0,7.0,0.22,18.0,6.0,76.0,1.4,15.5,FIELD_0010
3210771,"Bluford silt loam, bench, 2 to 5 percent slopes",Bonnie,2,Poorly drained,0.0,25.0,2.0,6.0,0.24,20.0,8.0,72.0,1.41,10.8,FIELD_0010
3210772,"Bluford silt loam, bench, 2 to 5 percent slopes, eroded",Bonnie,2,Poorly drained,0.0,25.0,2.0,6.0,0.24,20.0,8.0,72.0,1.41,10.8,FIELD_0010
3210773,"Cisne silt loam, bench, 0 to 2 percent slopes",Bonnie,2,Poorly drained,0.0,25.0,2.0,6.0,0.24,20.0,8.0,72.0,1.41,10.8,FIELD_0010
3210775,"Hoyleton silt loam, bench, 2 to 5 percent slopes",Bonnie,2,Poorly drained,0.0,25.0,2.0,6.0,0.24,20.0,8.0,72.0,1.41,10.8,FIELD_0010
2027464,"Creal silt loam, 0 to 2 percent slopes, rarely flooded",Racoon,2,Poorly drained,15.0,76.0,0.5,5.2,0.2,20.0,7.0,73.0,1.45,16.2,FIELD_0010
3210771,"Bluford silt loam, bench, 2 to 5 percent slopes",Bonnie,2,Poorly drained,25.0,69.0,0.5,5.5,0.23,23.0,8.0,69.0,1.37,,FIELD_0010
3210772,"Bluford silt loam, bench, 2 to 5 percent slopes, eroded",Bonnie,2,Poorly drained,25.0,69.0,0.5,5.5,0.23,23.0,8.0,69.0,1.37,,FIELD_0010
3210773,"Cisne silt loam, bench, 0 to 2 percent slopes",Bonnie,2,Poorly drained,25.0,69.0,0.5,5.5,0.23,23.0,8.0,69.0,1.37,,FIELD_0010
3210775,"Hoyleton silt loam, bench, 2 to 5 percent slopes",Bonnie,2,Poorly drained,25.0,69.0,0.5,5.5,0.23,23.0,8.0,69.0,1.37,,FIELD_0010
1692095,Water,Water,100,,,,,,,,,,,,FIELD_0011
2559462,"Crete silt loam, 0 to 1 percent slopes",Crete,90,Moderately well drained,0.0,16.0,3.0,5.7,0.22,24.0,7.0,69.0,1.37,20.0,FIELD_0011
2605839,"Massie silty clay loam, frequently ponded",Massie,90,Very poorly drained,0.0,4.0,85.0,5.6,0.3,30.0,6.0,64.0,0.5,115.0,FIELD_0011
2605839,"Massie silty clay loam, frequently ponded",Massie,90,Very poorly drained,4.0,20.0,6.0,5.8,0.23,30.0,6.0,64.0,1.2,24.9,FIELD_0011
2559462,"Crete silt loam, 0 to 1 percent slopes",Crete,90,Moderately well drained,16.0,38.0,2.5,6.1,0.19,36.0,5.0,59.0,1.38,27.0,FIELD_0011
2605839,"Massie silty clay loam, frequently ponded",Massie,90,Very poorly drained,20.0,27.0,1.5,6.0,0.22,17.0,10.0,73.0,1.45,14.6,FIELD_0011
2605839,"Massie silty clay loam, frequently ponded",Massie,90,Very poorly drained,27.0,136.0,1.0,6.8,0.14,42.0,5.0,53.0,1.45,31.4,FIELD_0011
2605852,"Scott silt loam, frequently ponded",Scott,85,Poorly drained,0.0,12.0,6.0,5.6,0.24,25.0,6.0,69.0,1.1,21.3,FIELD_0011
2605888,"Butler silt loam, 0 to 1 percent slopes",Butler,85,Somewhat poorly drained,0.0,22.0,3.0,6.2,0.24,22.0,6.0,72.0,1.35,18.6,FIELD_0011
2605903,"Fillmore silt loam, frequently ponded",Fillmore,85,Somewhat poorly drained,0.0,23.0,3.5,5.5,0.24,23.0,8.0,69.0,1.2,19.5,FIELD_0011
2605852,"Scott silt loam, frequently ponded",Scott,85,Poorly drained,12.0,19.0,2.5,5.8,0.22,17.0,10.0,73.0,1.35,14.8,FIELD_0011
2605852,"Scott silt loam, frequently ponded",Scott,85,Poorly drained,19.0,96.0,1.0,6.8,0.14,42.0,5.0,53.0,1.45,31.4,FIELD_0011
2605888,"Butler silt loam, 0 to 1 percent slopes",Butler,85,Somewhat poorly drained,22.0,32.0,1.5,6.5,0.21,21.0,7.0,72.0,1.35,17.5,FIELD_0011
2605903,"Fillmore silt loam, frequently ponded",Fillmore,85,Somewhat poorly drained,23.0,35.0,1.0,5.8,0.22,16.0,9.0,75.0,1.45,13.7,FIELD_0011
2605888,"Butler silt loam, 0 to 1 percent slopes",Fillmore,8,Somewhat poorly drained,0.0,23.0,3.5,5.5,0.24,23.0,8.0,69.0,1.2,19.5,FIELD_0011
2605903,"Fillmore silt loam, frequently ponded",Butler,8,Somewhat poorly drained,0.0,22.0,3.0,6.2,0.24,22.0,6.0,72.0,1.35,18.6,FIELD_0011
2605903,"Fillmore silt loam, frequently ponded",Butler,8,Somewhat poorly drained,22.0,32.0,1.5,6.5,0.21,21.0,7.0,72.0,1.35,17.5,FIELD_0011
2605888,"Butler silt loam, 0 to 1 percent slopes",Fillmore,8,Somewhat poorly drained,23.0,35.0,1.0,5.8,0.22,16.0,9.0,75.0,1.45,13.7,FIELD_0011
2605839,"Massie silty clay loam, frequently ponded",Scott,7,Poorly drained,0.0,12.0,6.0,5.6,0.24,25.0,6.0,69.0,1.1,21.3,FIELD_0011
2605852,"Scott silt loam, frequently ponded",Fillmore,7,Somewhat poorly drained,0.0,23.0,3.5,5.5,0.24,23.0,8.0,69.0,1.2,19.5,FIELD_0011
2605839,"Massie silty clay loam, frequently ponded",Scott,7,Poorly drained,12.0,19.0,2.5,5.8,0.22,17.0,10.0,73.0,1.35,14.8,FIELD_0011
2605839,"Massie silty clay loam, frequently ponded",Scott,7,Poorly drained,19.0,96.0,1.0,6.8,0.14,42.0,5.0,53.0,1.45,31.4,FIELD_0011
2605852,"Scott silt loam, frequently ponded",Fillmore,7,Somewhat poorly drained,23.0,35.0,1.0,5.8,0.22,16.0,9.0,75.0,1.45,13.7,FIELD_0011
2605888,"Butler silt loam, 0 to 1 percent slopes",Crete,6,Moderately well drained,0.0,22.0,3.0,5.7,0.25,26.0,7.0,67.0,1.39,21.5,FIELD_0011
2605888,"Butler silt loam, 0 to 1 percent slopes",Crete,6,Moderately well drained,22.0,36.0,2.0,6.2,0.2,36.0,5.0,59.0,1.39,28.1,FIELD_0011
2605852,"Scott silt loam, frequently ponded",Butler,5,Somewhat poorly drained,0.0,22.0,3.0,6.2,0.24,22.0,6.0,72.0,1.35,18.6,FIELD_0011
2605903,"Fillmore silt loam, frequently ponded",Scott,5,Poorly drained,0.0,12.0,6.0,5.6,0.24,25.0,6.0,69.0,1.1,21.3,FIELD_0011
2605903,"Fillmore silt loam, frequently ponded",Scott,5,Poorly drained,12.0,19.0,2.5,5.8,0.22,17.0,10.0,73.0,1.35,14.8,FIELD_0011
2605903,"Fillmore silt loam, frequently ponded",Scott,5,Poorly drained,19.0,96.0,1.0,6.8,0.14,42.0,5.0,53.0,1.45,31.4,FIELD_0011
2605852,"Scott silt loam, frequently ponded",Butler,5,Somewhat poorly drained,22.0,32.0,1.5,6.5,0.21,21.0,7.0,72.0,1.35,17.5,FIELD_0011
2559462,"Crete silt loam, 0 to 1 percent slopes",Hastings,4,Well drained,0.0,16.0,3.0,5.8,0.22,24.0,13.0,63.0,1.4,19.0,FIELD_0011
2559462,"Crete silt loam, 0 to 1 percent slopes",Hastings,4,Well drained,16.0,25.0,2.5,5.9,0.22,31.0,10.0,59.0,1.36,23.0,FIELD_0011
2559462,"Crete silt loam, 0 to 1 percent slopes",Hastings,4,Well drained,25.0,36.0,1.5,6.3,0.17,36.0,8.0,56.0,1.36,25.0,FIELD_0011
2559462,"Crete silt loam, 0 to 1 percent slopes",Butler,3,Somewhat poorly drained,0.0,22.0,3.0,6.2,0.22,22.0,6.0,72.0,1.37,18.0,FIELD_0011
2605839,"Massie silty clay loam, frequently ponded",Fillmore,3,Somewhat poorly drained,0.0,23.0,3.5,5.5,0.24,23.0,8.0,69.0,1.2,19.5,FIELD_0011
2605852,"Scott silt loam, frequently ponded",Massie,3,Very poorly drained,0.0,4.0,85.0,5.6,0.3,30.0,6.0,64.0,0.5,115.0,FIELD_0011
2605852,"Scott silt loam, frequently ponded",Massie,3,Very poorly drained,4.0,20.0,6.0,5.8,0.23,30.0,6.0,64.0,1.2,24.9,FIELD_0011
2605852,"Scott silt loam, frequently ponded",Massie,3,Very poorly drained,20.0,27.0,1.5,6.0,0.22,17.0,10.0,73.0,1.45,14.6,FIELD_0011
2559462,"Crete silt loam, 0 to 1 percent slopes",Butler,3,Somewhat poorly drained,22.0,32.0,1.5,6.5,0.22,21.0,7.0,72.0,1.42,12.0,FIELD_0011
2605839,"Massie silty clay loam, frequently ponded",Fillmore,3,Somewhat poorly drained,23.0,35.0,1.0,5.8,0.22,16.0,9.0,75.0,1.45,13.7,FIELD_0011
2605852,"Scott silt loam, frequently ponded",Massie,3,Very poorly drained,27.0,136.0,1.0,6.8,0.14,42.0,5.0,53.0,1.45,31.4,FIELD_0011
2559462,"Crete silt loam, 0 to 1 percent slopes",Fillmore,2,Somewhat poorly drained,0.0,23.0,3.5,5.6,0.22,23.0,8.0,69.0,1.2,20.0,FIELD_0011
2605903,"Fillmore silt loam, frequently ponded",Crete,2,Moderately well drained,0.0,22.0,3.0,5.7,0.25,26.0,7.0,67.0,1.39,21.5,FIELD_0011
2605903,"Fillmore silt loam, frequently ponded",Crete,2,Moderately well drained,22.0,36.0,2.0,6.2,0.2,36.0,5.0,59.0,1.39,28.1,FIELD_0011
2559462,"Crete silt loam, 0 to 1 percent slopes",Fillmore,2,Somewhat poorly drained,23.0,35.0,1.0,5.8,0.22,16.0,9.0,75.0,1.45,10.0,FIELD_0011
2559462,"Crete silt loam, 0 to 1 percent slopes",Olbut,1,Somewhat poorly drained,0.0,18.0,3.0,6.5,0.21,22.0,8.0,70.0,1.35,18.6,FIELD_0011
2605888,"Butler silt loam, 0 to 1 percent slopes",Olbut,1,Somewhat poorly drained,0.0,18.0,3.0,6.5,0.21,22.0,8.0,70.0,1.4,18.6,FIELD_0011
2559462,"Crete silt loam, 0 to 1 percent slopes",Olbut,1,Somewhat poorly drained,18.0,48.0,1.5,7.2,0.13,50.0,4.0,46.0,1.35,37.0,FIELD_0011
2605888,"Butler silt loam, 0 to 1 percent slopes",Olbut,1,Somewhat poorly drained,18.0,48.0,1.5,7.2,0.11,50.0,4.0,46.0,1.35,37.0,FIELD_0011
1691403,"Wymore silty clay loam, 1 to 3 percent slopes",Wymore,90,Moderately well drained,0.0,15.0,3.0,6.0,0.22,35.0,4.0,61.0,1.3,27.8,FIELD_0012
1691406,"Otoe silty clay, 6 to 11 percent slopes, eroded",Otoe,90,Moderately well drained,0.0,15.0,3.0,5.9,0.19,42.0,5.0,53.0,1.38,29.9,FIELD_0012
1691403,"Wymore silty clay loam, 1 to 3 percent slopes",Wymore,90,Moderately well drained,15.0,28.0,2.5,6.0,0.19,38.0,3.0,59.0,1.35,29.7,FIELD_0012
1691406,"Otoe silty clay, 6 to 11 percent slopes, eroded",Otoe,90,Moderately well drained,15.0,45.0,1.4,6.6,0.13,45.0,2.0,53.0,1.37,33.7,FIELD_0012
1691403,"Wymore silty clay loam, 1 to 3 percent slopes",Wymore,90,Moderately well drained,28.0,45.0,1.0,6.4,0.14,46.0,2.0,52.0,1.4,33.9,FIELD_0012
1691377,"Pawnee clay loam, 6 to 11 percent slopes, eroded",Pawnee,85,Moderately well drained,0.0,15.0,2.0,5.6,0.18,35.0,23.0,42.0,1.4,27.4,FIELD_0012
1691390,"Steinauer loam, 11 to 30 percent slopes",Steinauer,85,Well drained,0.0,13.0,3.5,7.9,0.21,25.0,41.0,34.0,1.45,22.8,FIELD_0012
1691404,"Wymore silty clay loam, 3 to 6 percent slopes, eroded",Wymore,85,Moderately well drained,0.0,15.0,3.0,6.0,0.22,38.0,4.0,58.0,1.3,27.8,FIELD_0012
2505137,"Pawnee clay loam, 4 to 8 percent slopes, eroded",Pawnee,85,Moderately well drained,0.0,15.0,2.0,5.6,0.18,31.0,23.0,46.0,1.33,24.7,FIELD_0012
1691390,"Steinauer loam, 11 to 30 percent slopes",Steinauer,85,Well drained,13.0,38.0,0.5,8.2,0.18,28.0,35.0,37.0,1.4,21.2,FIELD_0012
1691377,"Pawnee clay loam, 6 to 11 percent slopes, eroded",Pawnee,85,Moderately well drained,15.0,22.0,2.0,5.6,0.18,35.0,23.0,42.0,1.4,27.4,FIELD_0012
1691404,"Wymore silty clay loam, 3 to 6 percent slopes, eroded",Wymore,85,Moderately well drained,15.0,27.0,0.75,6.4,0.14,46.0,2.0,52.0,1.4,33.6,FIELD_0012
2505137,"Pawnee clay loam, 4 to 8 percent slopes, eroded",Pawnee,85,Moderately well drained,15.0,22.0,2.0,5.6,0.18,33.0,23.0,44.0,1.35,26.1,FIELD_0012
1691377,"Pawnee clay loam, 6 to 11 percent slopes, eroded",Pawnee,85,Moderately well drained,22.0,29.0,1.0,6.9,0.12,44.0,23.0,33.0,1.45,32.7,FIELD_0012
2505137,"Pawnee clay loam, 4 to 8 percent slopes, eroded",Pawnee,85,Moderately well drained,22.0,31.0,1.0,6.9,0.12,44.0,23.0,33.0,1.45,32.7,FIELD_0012
1691404,"Wymore silty clay loam, 3 to 6 percent slopes, eroded",Wymore,85,Moderately well drained,27.0,102.0,0.5,6.9,0.17,39.0,2.0,59.0,1.4,28.8,FIELD_0012
1691377,"Pawnee clay loam, 6 to 11 percent slopes, eroded",Pawnee,85,Moderately well drained,29.0,85.0,0.5,7.8,0.12,40.0,26.0,34.0,1.55,29.4,FIELD_0012
1691406,"Otoe silty clay, 6 to 11 percent slopes, eroded",Pawnee,9,Moderately well drained,0.0,15.0,2.0,5.6,0.18,35.0,23.0,42.0,1.33,27.4,FIELD_0012
1691406,"Otoe silty clay, 6 to 11 percent slopes, eroded",Pawnee,9,Moderately well drained,15.0,25.0,2.0,5.6,0.18,35.0,23.0,42.0,1.33,27.4,FIELD_0012
1691406,"Otoe silty clay, 6 to 11 percent slopes, eroded",Pawnee,9,Moderately well drained,25.0,35.0,1.0,6.9,0.12,44.0,23.0,33.0,1.39,32.7,FIELD_0012
1691403,"Wymore silty clay loam, 1 to 3 percent slopes",Baileyville,7,Moderately well drained,0.0,15.0,2.5,6.5,0.13,40.0,2.0,58.0,1.37,31.0,FIELD_0012
1691403,"Wymore silty clay loam, 1 to 3 percent slopes",Baileyville,7,Moderately well drained,15.0,48.0,1.5,6.0,0.12,47.0,1.0,52.0,1.35,35.0,FIELD_0012
1691377,"Pawnee clay loam, 6 to 11 percent slopes, eroded",Burchard,5,Well drained,0.0,15.0,2.0,6.7,0.16,27.0,37.0,36.0,1.2,22.3,FIELD_0012
1691377,"Pawnee clay loam, 6 to 11 percent slopes, eroded",Steinauer,5,Well drained,0.0,15.0,3.5,7.9,0.21,28.0,41.0,31.0,1.4,22.8,FIELD_0012
1691377,"Pawnee clay loam, 6 to 11 percent slopes, eroded",Wymore,5,Moderately well drained,0.0,20.0,3.0,6.1,0.22,34.0,3.0,63.0,1.32,27.1,FIELD_0012
1691390,"Steinauer loam, 11 to 30 percent slopes",Dickinson,5,Somewhat excessively drained,0.0,15.0,2.0,5.8,0.17,14.0,66.0,20.0,1.53,13.0,FIELD_0012
1691390,"Steinauer loam, 11 to 30 percent slopes",Malcolm,5,Well drained,0.0,15.0,4.0,6.1,0.18,21.0,33.0,46.0,1.36,19.1,FIELD_0012
1691390,"Steinauer loam, 11 to 30 percent slopes",Shelby,5,Well drained,0.0,15.0,3.0,6.5,0.17,29.0,37.0,34.0,1.45,24.2,FIELD_0012
1691404,"Wymore silty clay loam, 3 to 6 percent slopes, eroded",Baileyville,5,Moderately well drained,0.0,15.0,2.5,6.5,0.13,40.0,2.0,58.0,1.37,31.0,FIELD_0012
1691404,"Wymore silty clay loam, 3 to 6 percent slopes, eroded",Pawnee,5,Moderately well drained,0.0,18.0,2.0,5.6,0.18,35.0,23.0,42.0,1.4,27.4,FIELD_0012
2505137,"Pawnee clay loam, 4 to 8 percent slopes, eroded",Morrill,5,Well drained,0.0,15.0,2.0,5.8,0.14,27.0,33.0,40.0,1.39,22.3,FIELD_0012
1691377,"Pawnee clay loam, 6 to 11 percent slopes, eroded",Burchard,5,Well drained,15.0,24.0,2.0,6.7,0.11,27.0,37.0,36.0,1.3,22.3,FIELD_0012
1691377,"Pawnee clay loam, 6 to 11 percent slopes, eroded",Steinauer,5,Well drained,15.0,38.0,0.5,8.2,0.18,28.0,35.0,37.0,1.4,21.2,FIELD_0012
1691390,"Steinauer loam, 11 to 30 percent slopes",Dickinson,5,Somewhat excessively drained,15.0,30.0,2.0,5.8,0.17,14.0,66.0,20.0,1.53,13.0,FIELD_0012
1691390,"Steinauer loam, 11 to 30 percent slopes",Malcolm,5,Well drained,15.0,30.0,3.0,6.1,0.18,22.0,32.0,46.0,1.36,18.9,FIELD_0012
1691390,"Steinauer loam, 11 to 30 percent slopes",Shelby,5,Well drained,15.0,25.0,2.5,6.5,0.15,30.0,37.0,33.0,1.45,24.8,FIELD_0012
1691404,"Wymore silty clay loam, 3 to 6 percent slopes, eroded",Baileyville,5,Moderately well drained,15.0,48.0,1.5,6.0,0.12,47.0,1.0,52.0,1.35,35.0,FIELD_0012
2505137,"Pawnee clay loam, 4 to 8 percent slopes, eroded",Morrill,5,Well drained,15.0,36.0,2.0,5.8,0.15,28.0,32.0,40.0,1.36,23.1,FIELD_0012
1691404,"Wymore silty clay loam, 3 to 6 percent slopes, eroded",Pawnee,5,Moderately well drained,18.0,25.0,2.0,5.6,0.18,35.0,23.0,42.0,1.4,27.4,FIELD_0012
1691377,"Pawnee clay loam, 6 to 11 percent slopes, eroded",Wymore,5,Moderately well drained,20.0,28.0,2.0,6.6,0.21,38.0,3.0,59.0,1.32,29.5,FIELD_0012
1691377,"Pawnee clay loam, 6 to 11 percent slopes, eroded",Burchard,5,Well drained,24.0,32.0,1.0,6.8,0.13,30.0,32.0,38.0,1.3,23.9,FIELD_0012
1691390,"Steinauer loam, 11 to 30 percent slopes",Shelby,5,Well drained,25.0,40.0,0.8,6.5,0.14,33.0,36.0,31.0,1.5,25.8,FIELD_0012
1691404,"Wymore silty clay loam, 3 to 6 percent slopes, eroded",Pawnee,5,Moderately well drained,25.0,54.0,0.75,6.9,0.12,44.0,23.0,33.0,1.45,32.4,FIELD_0012
1691377,"Pawnee clay loam, 6 to 11 percent slopes, eroded",Wymore,5,Moderately well drained,28.0,39.0,1.5,6.6,0.12,48.0,3.0,49.0,1.28,35.7,FIELD_0012
1691404,"Wymore silty clay loam, 3 to 6 percent slopes, eroded",Irwin,4,Moderately well drained,0.0,28.0,3.0,6.5,0.21,33.0,8.0,59.0,1.3,27.2,FIELD_0012
2505137,"Pawnee clay loam, 4 to 8 percent slopes, eroded",Shelby,4,Well drained,0.0,15.0,3.0,6.5,0.17,29.0,37.0,34.0,1.45,24.2,FIELD_0012
2505137,"Pawnee clay loam, 4 to 8 percent slopes, eroded",Shelby,4,Well drained,15.0,22.0,2.5,6.5,0.16,30.0,37.0,33.0,1.45,24.8,FIELD_0012
2505137,"Pawnee clay loam, 4 to 8 percent slopes, eroded",Shelby,4,Well drained,22.0,30.0,0.8,6.5,0.14,33.0,36.0,31.0,1.5,25.8,FIELD_0012
1691404,"Wymore silty clay loam, 3 to 6 percent slopes, eroded",Irwin,4,Moderately well drained,28.0,76.0,1.0,7.2,0.15,45.0,5.0,50.0,1.35,34.5,FIELD_0012
2505137,"Pawnee clay loam, 4 to 8 percent slopes, eroded",Grundy,3,Somewhat poorly drained,0.0,15.0,3.0,6.1,0.15,32.0,3.0,65.0,1.32,25.7,FIELD_0012
2505137,"Pawnee clay loam, 4 to 8 percent slopes, eroded",Grundy,3,Somewhat poorly drained,15.0,29.0,2.0,6.5,0.13,38.0,2.0,60.0,1.32,29.5,FIELD_0012
2505137,"Pawnee clay loam, 4 to 8 percent slopes, eroded",Grundy,3,Somewhat poorly drained,29.0,43.0,0.7,6.5,0.11,42.0,2.0,56.0,1.35,31.0,FIELD_0012
1691403,"Wymore silty clay loam, 1 to 3 percent slopes",Pawnee,2,Moderately well drained,0.0,18.0,2.0,5.6,0.18,35.0,23.0,42.0,1.4,27.4,FIELD_0012
2505137,"Pawnee clay loam, 4 to 8 percent slopes, eroded",Wymore,2,Moderately well drained,0.0,15.0,3.0,6.0,0.22,35.0,4.0,61.0,1.3,27.8,FIELD_0012
2505137,"Pawnee clay loam, 4 to 8 percent slopes, eroded",Wymore,2,Moderately well drained,15.0,25.0,2.5,6.0,0.19,38.0,3.0,59.0,1.35,29.7,FIELD_0012
1691403,"Wymore silty clay loam, 1 to 3 percent slopes",Pawnee,2,Moderately well drained,18.0,25.0,2.0,5.6,0.18,35.0,23.0,42.0,1.4,27.4,FIELD_0012
1691403,"Wymore silty clay loam, 1 to 3 percent slopes",Pawnee,2,Moderately well drained,25.0,54.0,0.75,6.9,0.12,44.0,23.0,33.0,1.45,32.4,FIELD_0012
2505137,"Pawnee clay loam, 4 to 8 percent slopes, eroded",Wymore,2,Moderately well drained,25.0,35.0,1.2,6.4,0.14,46.0,2.0,52.0,1.4,34.1,FIELD_0012
1691403,"Wymore silty clay loam, 1 to 3 percent slopes",Benfield,1,Well drained,0.0,25.0,4.0,7.0,0.21,34.0,5.0,61.0,1.25,28.3,FIELD_0012
1691404,"Wymore silty clay loam, 3 to 6 percent slopes, eroded",Aquolls,1,Poorly drained,0.0,15.0,3.0,5.8,0.22,30.0,4.0,66.0,1.28,24.4,FIELD_0012
1691406,"Otoe silty clay, 6 to 11 percent slopes, eroded",Colo,1,Poorly drained,0.0,18.0,3.0,6.5,0.22,29.0,3.0,68.0,1.37,24.2,FIELD_0012
2505137,"Pawnee clay loam, 4 to 8 percent slopes, eroded",Typic epiaquoll,1,Poorly drained,0.0,15.0,3.0,5.8,0.22,30.0,4.0,66.0,1.28,24.4,FIELD_0012
1691404,"Wymore silty clay loam, 3 to 6 percent slopes, eroded",Aquolls,1,Poorly drained,15.0,35.0,2.5,5.9,0.22,33.0,4.0,63.0,1.28,26.3,FIELD_0012
2505137,"Pawnee clay loam, 4 to 8 percent slopes, eroded",Typic epiaquoll,1,Poorly drained,15.0,35.0,2.5,5.9,0.2,33.0,4.0,63.0,1.28,26.3,FIELD_0012
1691406,"Otoe silty clay, 6 to 11 percent slopes, eroded",Colo,1,Poorly drained,18.0,41.0,2.9,6.5,0.22,28.0,3.0,69.0,1.33,23.4,FIELD_0012
1691403,"Wymore silty clay loam, 1 to 3 percent slopes",Benfield,1,Well drained,25.0,48.0,1.5,7.7,0.14,49.0,4.0,47.0,1.35,37.8,FIELD_0012
2533293,"Winfield silt loam, 5 to 10 percent slopes, eroded",Winfield,100,Moderately well drained,0.0,15.0,2.5,5.6,0.2,14.3,3.0,82.7,1.38,12.7,FIELD_0013
2533293,"Winfield silt loam, 5 to 10 percent slopes, eroded",Winfield,100,Moderately well drained,15.0,25.0,0.8,5.6,0.19,17.7,3.0,79.3,1.43,14.7,FIELD_0013
2533293,"Winfield silt loam, 5 to 10 percent slopes, eroded",Winfield,100,Moderately well drained,25.0,102.0,0.4,5.5,0.19,28.6,5.0,66.4,1.44,,FIELD_0013
888061,"Minden silt loam, 1 to 5 percent slopes",Minden,96,Somewhat poorly drained,0.0,51.0,2.0,6.7,0.22,24.0,21.2,54.8,1.28,33.0,FIELD_0013
2521082,"Higginsville silt loam, 9 to 14 percent slopes, eroded",Higginsville,96,Somewhat poorly drained,0.0,25.0,2.7,7.1,0.23,20.8,4.7,74.5,1.4,16.5,FIELD_0013
2521082,"Higginsville silt loam, 9 to 14 percent slopes, eroded",Higginsville,96,Somewhat poorly drained,25.0,221.0,1.4,5.9,0.19,28.6,5.0,66.4,1.35,20.0,FIELD_0013
888076,"Bendena silty clay loam, 5 to 14 percent slopes",Bendena,95,Somewhat excessively drained,0.0,13.0,3.0,7.7,0.22,29.7,9.0,61.3,1.4,22.5,FIELD_0013
2521076,"Higginsville silt loam, 5 to 9 percent slopes, eroded",Higginsville,95,Somewhat poorly drained,0.0,30.0,2.6,6.5,0.23,24.8,4.3,70.9,1.32,18.9,FIELD_0013
888076,"Bendena silty clay loam, 5 to 14 percent slopes",Bendena,95,Somewhat excessively drained,13.0,152.0,,,,,,,,,FIELD_0013
2532979,"Winfield silt loam, 9 to 14 percent slopes, eroded",Winfield,90,Moderately well drained,0.0,15.0,2.5,5.6,0.2,14.3,6.8,78.9,1.4,12.7,FIELD_0013
2532979,"Winfield silt loam, 9 to 14 percent slopes, eroded",Winfield,90,Moderately well drained,15.0,25.0,0.8,5.6,0.19,17.7,7.2,75.1,1.4,14.7,FIELD_0013
2532979,"Winfield silt loam, 9 to 14 percent slopes, eroded",Winfield,90,Moderately well drained,25.0,102.0,0.4,5.5,0.19,28.6,6.9,64.5,1.4,22.1,FIELD_0013
2532979,"Winfield silt loam, 9 to 14 percent slopes, eroded",Goss,10,Well drained,0.0,8.0,4.0,5.8,0.16,10.0,19.0,71.0,1.2,5.5,FIELD_0013
2532979,"Winfield silt loam, 9 to 14 percent slopes, eroded",Goss,10,Well drained,8.0,46.0,0.96,5.8,0.11,10.0,16.0,74.0,1.4,5.4,FIELD_0013
888076,"Bendena silty clay loam, 5 to 14 percent slopes",Rock outcrop,5,,0.0,200.0,0.0,,0.0,0.0,,,,,FIELD_0013
2521076,"Higginsville silt loam, 5 to 9 percent slopes, eroded",Sibley,3,Well drained,0.0,23.0,2.8,6.6,0.23,23.5,6.8,69.7,1.3,16.7,FIELD_0013
2521076,"Higginsville silt loam, 5 to 9 percent slopes, eroded",Sibley,3,Well drained,23.0,132.0,1.2,6.5,0.19,33.7,4.1,62.2,1.45,22.6,FIELD_0013
888061,"Minden silt loam, 1 to 5 percent slopes",Higginsville,2,Somewhat poorly drained,0.0,30.0,2.6,6.5,0.23,25.0,4.0,71.0,1.4,20.7,FIELD_0013
888061,"Minden silt loam, 1 to 5 percent slopes",Macksburg,2,Somewhat poorly drained,0.0,15.0,5.0,5.9,0.22,32.0,2.0,66.0,1.32,26.2,FIELD_0013
2521076,"Higginsville silt loam, 5 to 9 percent slopes, eroded",Sampsel,2,Poorly drained,0.0,25.0,2.9,5.9,0.22,28.0,17.0,55.0,1.36,22.9,FIELD_0013
2521082,"Higginsville silt loam, 9 to 14 percent slopes, eroded",Sampsel,2,Poorly drained,0.0,20.0,4.8,5.9,0.23,31.6,3.9,64.5,1.4,29.4,FIELD_0013
2521082,"Higginsville silt loam, 9 to 14 percent slopes, eroded",Sibley,2,Well drained,0.0,23.0,2.8,6.6,0.23,23.5,6.8,69.7,1.3,16.7,FIELD_0013
888061,"Minden silt loam, 1 to 5 percent slopes",Macksburg,2,Somewhat poorly drained,15.0,61.0,4.0,5.7,0.22,35.0,2.0,63.0,1.29,28.1,FIELD_0013
2521082,"Higginsville silt loam, 9 to 14 percent slopes, eroded",Sampsel,2,Poorly drained,20.0,152.0,0.86,7.1,0.12,39.2,3.2,57.6,1.5,27.7,FIELD_0013
2521082,"Higginsville silt loam, 9 to 14 percent slopes, eroded",Sibley,2,Well drained,23.0,132.0,1.2,6.5,0.19,33.7,4.1,62.2,1.45,22.6,FIELD_0013
2521076,"Higginsville silt loam, 5 to 9 percent slopes, eroded",Sampsel,2,Poorly drained,25.0,35.0,1.0,5.9,0.12,35.0,15.0,50.0,1.4,26.8,FIELD_0013
2533046,"Bevier silty clay loam, 3 to 8 percent slopes, moderately eroded",Bevier,95,Somewhat poorly drained,0.0,15.0,3.0,6.2,0.22,30.0,6.0,64.0,1.04,24.4,FIELD_0014
2533235,"Purdin clay loam, 20 to 35 percent slopes, eroded",Purdin,95,Moderately well drained,0.0,15.0,3.4,5.9,0.18,28.6,42.3,29.1,1.23,20.2,FIELD_0014
2533046,"Bevier silty clay loam, 3 to 8 percent slopes, moderately eroded",Bevier,95,Somewhat poorly drained,15.0,56.0,1.0,5.2,0.12,42.0,2.0,56.0,1.38,,FIELD_0014
2533235,"Purdin clay loam, 20 to 35 percent slopes, eroded",Purdin,95,Moderately well drained,15.0,69.0,0.7,7.2,0.16,35.6,30.9,33.5,1.4,22.4,FIELD_0014
2528591,"Armstrong clay loam, 9 to 14 percent slopes, severely eroded",Armstrong,90,Somewhat poorly drained,0.0,10.0,1.5,6.5,0.16,31.0,35.0,34.0,1.42,24.5,FIELD_0014
2531024,"Armstrong loam, 9 to 14 percent slopes, eroded",Armstrong,90,Somewhat poorly drained,0.0,20.0,2.0,6.8,0.2,24.0,34.0,42.0,1.42,19.8,FIELD_0014
2532619,"Winnegan loam, 20 to 35 percent slopes",Winnegan,90,Moderately well drained,0.0,5.0,6.0,5.9,0.19,22.2,35.2,42.6,1.3,35.0,FIELD_0014
2533240,"Purdin loam, 14 to 20 percent slopes, eroded",Purdin,90,Moderately well drained,0.0,13.0,3.6,7.1,0.21,19.5,49.7,30.8,1.25,20.0,FIELD_0014
2533611,"Wilbur silt loam, 0 to 2 percent slopes, frequently flooded",Wilbur,90,Moderately well drained,0.0,18.0,2.0,6.5,0.22,14.0,10.0,76.0,1.43,12.4,FIELD_0014
2607683,"Zook silty clay loam, 1 to 5 percent slopes, frequently flooded",Zook,90,Poorly drained,0.0,10.0,4.3,5.7,0.22,32.4,15.5,52.1,1.21,28.4,FIELD_0014
2532619,"Winnegan loam, 20 to 35 percent slopes",Winnegan,90,Moderately well drained,5.0,18.0,1.5,5.5,0.17,13.4,39.2,47.4,1.45,13.0,FIELD_0014
2528591,"Armstrong clay loam, 9 to 14 percent slopes, severely eroded",Armstrong,90,Somewhat poorly drained,10.0,28.0,1.2,5.5,0.15,37.0,22.0,41.0,1.4,,FIELD_0014
2607683,"Zook silty clay loam, 1 to 5 percent slopes, frequently flooded",Zook,90,Poorly drained,10.0,102.0,2.6,6.6,0.19,35.4,16.1,48.5,1.31,30.8,FIELD_0014
2533240,"Purdin loam, 14 to 20 percent slopes, eroded",Purdin,90,Moderately well drained,13.0,64.0,0.5,7.3,0.16,39.1,31.6,29.3,1.41,23.3,FIELD_0014
2532619,"Winnegan loam, 20 to 35 percent slopes",Winnegan,90,Moderately well drained,18.0,94.0,1.4,4.7,0.16,38.2,29.1,32.7,1.45,26.0,FIELD_0014
2533611,"Wilbur silt loam, 0 to 2 percent slopes, frequently flooded",Wilbur,90,Moderately well drained,18.0,104.0,0.5,6.7,0.22,14.0,10.0,76.0,1.44,11.7,FIELD_0014
2531024,"Armstrong loam, 9 to 14 percent slopes, eroded",Armstrong,90,Somewhat poorly drained,20.0,28.0,0.75,6.8,0.2,18.0,50.0,32.0,1.51,15.0,FIELD_0014
2528591,"Armstrong clay loam, 9 to 14 percent slopes, severely eroded",Armstrong,90,Somewhat poorly drained,28.0,101.0,0.51,5.5,0.14,44.0,17.0,39.0,1.46,,FIELD_0014
2531024,"Armstrong loam, 9 to 14 percent slopes, eroded",Armstrong,90,Somewhat poorly drained,28.0,36.0,0.5,5.5,0.15,30.0,37.0,33.0,1.5,,FIELD_0014
2532574,"Armstrong loam, 5 to 9 percent slopes, eroded",Armstrong,85,Somewhat poorly drained,0.0,20.0,2.0,6.8,0.2,24.0,34.0,42.0,1.42,19.8,FIELD_0014
2532574,"Armstrong loam, 5 to 9 percent slopes, eroded",Armstrong,85,Somewhat poorly drained,20.0,28.0,0.75,6.8,0.2,18.0,50.0,32.0,1.51,15.0,FIELD_0014
2532574,"Armstrong loam, 5 to 9 percent slopes, eroded",Armstrong,85,Somewhat poorly drained,28.0,36.0,0.5,5.5,0.15,30.0,37.0,33.0,1.5,,FIELD_0014
2531024,"Armstrong loam, 9 to 14 percent slopes, eroded",Lindley,10,Well drained,0.0,12.0,1.7,5.5,0.21,11.0,45.0,44.0,1.46,,FIELD_0014
2533611,"Wilbur silt loam, 0 to 2 percent slopes, frequently flooded",Birds,10,Poorly drained,0.0,23.0,3.0,6.5,0.23,21.0,11.0,68.0,1.31,18.1,FIELD_0014
2531024,"Armstrong loam, 9 to 14 percent slopes, eroded",Lindley,10,Well drained,12.0,20.0,1.0,5.5,0.2,10.0,44.0,46.0,1.59,,FIELD_0014
2531024,"Armstrong loam, 9 to 14 percent slopes, eroded",Lindley,10,Well drained,20.0,76.0,0.4,5.7,0.16,33.0,38.0,29.0,1.45,25.3,FIELD_0014
2533611,"Wilbur silt loam, 0 to 2 percent slopes, frequently flooded",Birds,10,Poorly drained,23.0,94.0,0.75,6.7,0.22,24.0,10.0,66.0,1.39,19.3,FIELD_0014
2528591,"Armstrong clay loam, 9 to 14 percent slopes, severely eroded",Bucknell,5,Somewhat poorly drained,0.0,18.0,2.5,5.7,0.22,29.0,18.0,53.0,1.4,23.5,FIELD_0014
2528591,"Armstrong clay loam, 9 to 14 percent slopes, severely eroded",Gara,5,Well drained,0.0,18.0,2.5,6.8,0.2,24.0,34.0,42.0,1.4,20.3,FIELD_0014
2532574,"Armstrong loam, 5 to 9 percent slopes, eroded",Keswick,5,Moderately well drained,0.0,18.0,2.4,5.7,0.21,23.0,25.0,52.0,1.46,19.2,FIELD_0014
2532574,"Armstrong loam, 5 to 9 percent slopes, eroded",Leonard,5,Poorly drained,0.0,20.0,2.7,6.6,0.21,25.0,5.0,70.0,1.38,20.7,FIELD_0014
2532574,"Armstrong loam, 5 to 9 percent slopes, eroded",Lindley,5,Well drained,0.0,12.0,1.7,5.5,0.21,11.0,45.0,44.0,1.46,,FIELD_0014
2532619,"Winnegan loam, 20 to 35 percent slopes",Keswick,5,Somewhat poorly drained,0.0,30.0,2.5,5.9,0.2,25.0,38.0,37.0,1.43,20.5,FIELD_0014
2532619,"Winnegan loam, 20 to 35 percent slopes",Vanmeter,5,Moderately well drained,0.0,10.0,4.0,6.7,0.19,20.0,20.0,60.0,1.28,14.2,FIELD_0014
2533240,"Purdin loam, 14 to 20 percent slopes, eroded",Armstrong,5,Somewhat poorly drained,0.0,10.0,1.5,6.5,0.16,31.0,35.0,34.0,1.42,24.5,FIELD_0014
2533240,"Purdin loam, 14 to 20 percent slopes, eroded",Zook,5,Poorly drained,0.0,10.0,4.3,5.7,0.22,32.4,15.5,52.1,1.21,28.4,FIELD_0014
2532619,"Winnegan loam, 20 to 35 percent slopes",Vanmeter,5,Moderately well drained,10.0,33.0,1.05,8.1,0.2,37.0,5.0,58.0,1.36,14.5,FIELD_0014
2533240,"Purdin loam, 14 to 20 percent slopes, eroded",Armstrong,5,Somewhat poorly drained,10.0,28.0,1.2,5.5,0.15,37.0,22.0,41.0,1.4,,FIELD_0014
2533240,"Purdin loam, 14 to 20 percent slopes, eroded",Zook,5,Poorly drained,10.0,102.0,2.6,6.6,0.19,35.4,16.1,48.5,1.31,30.8,FIELD_0014
2532574,"Armstrong loam, 5 to 9 percent slopes, eroded",Lindley,5,Well drained,12.0,20.0,1.0,5.5,0.2,10.0,44.0,46.0,1.59,,FIELD_0014
2528591,"Armstrong clay loam, 9 to 14 percent slopes, severely eroded",Bucknell,5,Somewhat poorly drained,18.0,22.0,0.5,5.7,0.22,29.0,18.0,53.0,1.46,22.3,FIELD_0014
2528591,"Armstrong clay loam, 9 to 14 percent slopes, severely eroded",Gara,5,Well drained,18.0,79.0,0.5,6.1,0.13,33.0,34.0,33.0,1.45,25.4,FIELD_0014
2532574,"Armstrong loam, 5 to 9 percent slopes, eroded",Keswick,5,Moderately well drained,18.0,51.0,1.0,5.5,0.1,44.0,25.0,31.0,1.41,,FIELD_0014
2532574,"Armstrong loam, 5 to 9 percent slopes, eroded",Leonard,5,Poorly drained,20.0,66.0,1.5,5.5,0.12,46.0,3.0,51.0,1.36,,FIELD_0014
2532574,"Armstrong loam, 5 to 9 percent slopes, eroded",Lindley,5,Well drained,20.0,76.0,0.4,5.7,0.16,33.0,38.0,29.0,1.45,25.3,FIELD_0014
2528591,"Armstrong clay loam, 9 to 14 percent slopes, severely eroded",Bucknell,5,Somewhat poorly drained,22.0,46.0,0.25,5.8,0.15,49.0,11.0,40.0,1.44,34.2,FIELD_0014
2533240,"Purdin loam, 14 to 20 percent slopes, eroded",Armstrong,5,Somewhat poorly drained,28.0,101.0,0.51,5.5,0.14,44.0,17.0,39.0,1.46,,FIELD_0014
2533046,"Bevier silty clay loam, 3 to 8 percent slopes, moderately eroded",Armstrong,3,Somewhat poorly drained,0.0,20.0,2.0,6.8,0.2,24.0,34.0,42.0,1.37,19.8,FIELD_0014
2533046,"Bevier silty clay loam, 3 to 8 percent slopes, moderately eroded",Armstrong,3,Somewhat poorly drained,20.0,28.0,0.75,6.8,0.2,18.0,50.0,32.0,1.44,15.0,FIELD_0014
2533046,"Bevier silty clay loam, 3 to 8 percent slopes, moderately eroded",Armstrong,3,Somewhat poorly drained,28.0,36.0,0.75,5.5,0.15,30.0,38.0,32.0,1.44,,FIELD_0014
2533046,"Bevier silty clay loam, 3 to 8 percent slopes, moderately eroded",Purdin,2,Moderately well drained,0.0,13.0,2.4,5.9,0.18,29.0,42.0,29.0,1.23,24.0,FIELD_0014
2533235,"Purdin clay loam, 20 to 35 percent slopes, eroded",Excello,2,Poorly drained,0.0,33.0,4.3,6.7,0.23,19.1,30.8,50.1,1.21,22.3,FIELD_0014
2533235,"Purdin clay loam, 20 to 35 percent slopes, eroded",Zook,2,Poorly drained,0.0,10.0,4.3,5.7,0.22,32.4,15.5,52.1,1.21,28.4,FIELD_0014
2607683,"Zook silty clay loam, 1 to 5 percent slopes, frequently flooded",Arbela,2,Poorly drained,0.0,25.0,3.1,5.4,0.22,32.5,5.6,61.9,1.4,24.9,FIELD_0014
2607683,"Zook silty clay loam, 1 to 5 percent slopes, frequently flooded",Landes,2,Well drained,0.0,20.0,3.0,6.5,0.21,18.5,43.0,38.5,1.29,16.1,FIELD_0014
2607683,"Zook silty clay loam, 1 to 5 percent slopes, frequently flooded",Nodaway,2,Moderately well drained,0.0,20.0,2.5,6.7,0.22,17.0,14.8,68.2,1.3,14.9,FIELD_0014
2607683,"Zook silty clay loam, 1 to 5 percent slopes, frequently flooded",Wabash,2,Poorly drained,0.0,25.0,3.0,6.2,0.22,31.0,20.0,49.0,1.29,29.6,FIELD_0014
2607683,"Zook silty clay loam, 1 to 5 percent slopes, frequently flooded",Zook,2,Poorly drained,0.0,10.0,4.3,5.7,0.22,32.4,15.5,52.1,1.21,28.4,FIELD_0014
2533235,"Purdin clay loam, 20 to 35 percent slopes, eroded",Zook,2,Poorly drained,10.0,102.0,2.6,6.6,0.19,35.4,16.1,48.5,1.31,30.8,FIELD_0014
2607683,"Zook silty clay loam, 1 to 5 percent slopes, frequently flooded",Zook,2,Poorly drained,10.0,102.0,2.6,6.6,0.19,35.4,16.1,48.5,1.31,30.8,FIELD_0014
2533046,"Bevier silty clay loam, 3 to 8 percent slopes, moderately eroded",Purdin,2,Moderately well drained,13.0,94.0,0.7,7.2,0.16,36.0,31.0,33.0,1.4,27.8,FIELD_0014
2607683,"Zook silty clay loam, 1 to 5 percent slopes, frequently flooded",Landes,2,Well drained,20.0,102.0,0.5,7.3,0.15,9.3,61.0,29.7,1.55,8.1,FIELD_0014
2607683,"Zook silty clay loam, 1 to 5 percent slopes, frequently flooded",Nodaway,2,Moderately well drained,20.0,152.0,0.25,6.7,0.22,21.6,3.6,74.8,1.3,16.8,FIELD_0014
2607683,"Zook silty clay loam, 1 to 5 percent slopes, frequently flooded",Arbela,2,Poorly drained,25.0,51.0,1.0,4.7,0.19,29.9,6.6,63.5,1.42,17.3,FIELD_0014
2607683,"Zook silty clay loam, 1 to 5 percent slopes, frequently flooded",Wabash,2,Poorly drained,25.0,203.0,1.5,6.5,0.11,50.0,5.3,44.7,1.34,35.5,FIELD_0014
2533235,"Purdin clay loam, 20 to 35 percent slopes, eroded",Purdin,1,Moderately well drained,0.0,15.0,3.4,5.9,0.18,28.6,42.3,29.1,1.23,20.2,FIELD_0014
2533235,"Purdin clay loam, 20 to 35 percent slopes, eroded",Purdin,1,Moderately well drained,15.0,69.0,0.7,7.2,0.16,35.6,30.9,33.5,1.4,22.4,FIELD_0014
1406223,Water,Water,100,,,,,,,,,,,,FIELD_0015
1403671,"Hoyleton silt loam, 2 to 5 percent slopes",Hoyleton,95,Somewhat poorly drained,0.0,20.0,3.0,6.0,0.22,14.9,8.0,77.1,1.4,13.3,FIELD_0015
1403671,"Hoyleton silt loam, 2 to 5 percent slopes",Hoyleton,95,Somewhat poorly drained,20.0,28.0,0.6,5.5,0.19,21.0,5.0,74.0,1.4,17.0,FIELD_0015
1403671,"Hoyleton silt loam, 2 to 5 percent slopes",Hoyleton,95,Somewhat poorly drained,28.0,99.0,0.3,5.1,0.14,39.0,3.0,58.0,1.4,,FIELD_0015
1403668,"Cisne silt loam, 0 to 2 percent slopes",Cisne,90,Poorly drained,0.0,20.0,1.75,5.8,0.22,15.0,6.0,79.0,1.4,13.2,FIELD_0015
1405435,"Oconee silt loam, 0 to 2 percent slopes",Oconee,90,Somewhat poorly drained,0.0,20.0,2.5,6.7,0.23,24.0,4.0,72.0,1.25,20.0,FIELD_0015
1405442,"Stoy silt loam, 0 to 2 percent slopes",Stoy,90,Somewhat poorly drained,0.0,33.0,1.5,6.0,0.23,19.0,3.0,78.0,1.37,16.1,FIELD_0015
1405916,"Belknap silt loam, 0 to 2 percent slopes, frequently flooded",Belknap,90,Somewhat poorly drained,0.0,18.0,2.5,5.9,0.23,16.0,5.0,79.0,1.44,8.7,FIELD_0015
1405916,"Belknap silt loam, 0 to 2 percent slopes, frequently flooded",Belknap,90,Somewhat poorly drained,18.0,150.0,1.0,5.2,0.21,16.0,5.0,79.0,1.48,,FIELD_0015
1403668,"Cisne silt loam, 0 to 2 percent slopes",Cisne,90,Poorly drained,20.0,43.0,0.5,5.5,0.21,14.0,6.0,80.0,1.5,11.9,FIELD_0015
1405435,"Oconee silt loam, 0 to 2 percent slopes",Oconee,90,Somewhat poorly drained,20.0,41.0,0.75,5.9,0.21,22.0,4.0,74.0,1.38,17.8,FIELD_0015
1405979,"Hoyleton-Darmstadt silt loams, 2 to 5 percent slopes, eroded",Hoyleton,55,Somewhat poorly drained,0.0,18.0,3.0,6.0,0.22,14.9,8.0,77.1,1.4,13.3,FIELD_0015
1406147,"Cisne-Huey silt loams, 0 to 2 percent slopes",Cisne,55,Poorly drained,0.0,20.0,1.75,5.8,0.22,15.0,6.0,79.0,1.4,13.2,FIELD_0015
1405979,"Hoyleton-Darmstadt silt loams, 2 to 5 percent slopes, eroded",Hoyleton,55,Somewhat poorly drained,18.0,99.0,0.3,5.1,0.14,39.0,3.0,58.0,1.4,,FIELD_0015
1406147,"Cisne-Huey silt loams, 0 to 2 percent slopes",Cisne,55,Poorly drained,20.0,43.0,0.5,5.5,0.21,14.0,6.0,80.0,1.5,11.9,FIELD_0015
1405979,"Hoyleton-Darmstadt silt loams, 2 to 5 percent slopes, eroded",Darmstadt,45,Somewhat poorly drained,0.0,13.0,1.25,7.3,0.21,21.0,5.0,74.0,1.5,17.5,FIELD_0015
1406147,"Cisne-Huey silt loams, 0 to 2 percent slopes",Huey,45,Poorly drained,0.0,20.0,1.75,7.0,0.22,15.0,6.0,79.0,1.44,13.1,FIELD_0015
1405979,"Hoyleton-Darmstadt silt loams, 2 to 5 percent slopes, eroded",Darmstadt,45,Somewhat poorly drained,13.0,53.0,0.3,7.7,0.16,33.0,4.0,63.0,1.4,24.9,FIELD_0015
1406147,"Cisne-Huey silt loams, 0 to 2 percent slopes",Huey,45,Poorly drained,20.0,25.0,0.65,5.8,0.21,14.0,6.0,80.0,1.46,11.8,FIELD_0015
1406147,"Cisne-Huey silt loams, 0 to 2 percent slopes",Huey,45,Poorly drained,25.0,38.0,0.35,7.0,0.16,32.0,4.0,64.0,1.45,24.3,FIELD_0015
1600597,"Oconee-Darmstadt-Coulterville silt loams, 0 to 2 percent slopes",Oconee,35,Somewhat poorly drained,0.0,20.0,2.5,6.7,0.23,24.0,4.0,72.0,1.25,20.0,FIELD_0015
1600597,"Oconee-Darmstadt-Coulterville silt loams, 0 to 2 percent slopes",Oconee,35,Somewhat poorly drained,20.0,41.0,0.75,5.9,0.21,22.0,4.0,74.0,1.38,17.8,FIELD_0015
1600597,"Oconee-Darmstadt-Coulterville silt loams, 0 to 2 percent slopes",Darmstadt,30,Somewhat poorly drained,0.0,15.0,1.25,7.0,0.21,17.0,5.0,78.0,1.5,14.5,FIELD_0015
1600597,"Oconee-Darmstadt-Coulterville silt loams, 0 to 2 percent slopes",Darmstadt,30,Somewhat poorly drained,15.0,36.0,0.5,6.7,0.2,16.0,5.0,79.0,1.5,13.2,FIELD_0015
1600597,"Oconee-Darmstadt-Coulterville silt loams, 0 to 2 percent slopes",Coulterville,25,Somewhat poorly drained,0.0,18.0,2.0,6.7,0.23,21.0,4.0,75.0,1.5,17.8,FIELD_0015
1600597,"Oconee-Darmstadt-Coulterville silt loams, 0 to 2 percent slopes",Coulterville,25,Somewhat poorly drained,18.0,58.0,0.5,6.2,0.19,31.0,4.0,65.0,1.5,24.0,FIELD_0015
1403668,"Cisne silt loam, 0 to 2 percent slopes",Huey,10,Poorly drained,,,,,,,,,,,FIELD_0015
1405435,"Oconee silt loam, 0 to 2 percent slopes",Cowden,10,Poorly drained,,,,,,,,,,,FIELD_0015
1405442,"Stoy silt loam, 0 to 2 percent slopes",Weir,10,Poorly drained,0.0,20.0,1.5,5.9,0.23,15.0,8.0,77.0,1.4,13.1,FIELD_0015
1405442,"Stoy silt loam, 0 to 2 percent slopes",Weir,10,Poorly drained,20.0,43.0,0.2,5.9,0.19,15.0,8.0,77.0,1.48,12.3,FIELD_0015
1403671,"Hoyleton silt loam, 2 to 5 percent slopes",Huey,5,Poorly drained,,,,,,,,,,,FIELD_0015
1405916,"Belknap silt loam, 0 to 2 percent slopes, frequently flooded",Bonnie,5,Poorly drained,,,,,,,,,,,FIELD_0015
1405916,"Belknap silt loam, 0 to 2 percent slopes, frequently flooded",Piopolis,5,Poorly drained,,,,,,,,,,,FIELD_0015
1600597,"Oconee-Darmstadt-Coulterville silt loams, 0 to 2 percent slopes",Cowden,5,Poorly drained,0.0,20.0,1.75,5.8,0.2,17.0,6.0,77.0,1.4,13.2,FIELD_0015
1600597,"Oconee-Darmstadt-Coulterville silt loams, 0 to 2 percent slopes",Piasa,5,Poorly drained,0.0,20.0,3.0,6.7,0.23,22.0,4.0,74.0,1.38,18.6,FIELD_0015
1600597,"Oconee-Darmstadt-Coulterville silt loams, 0 to 2 percent slopes",Cowden,5,Poorly drained,20.0,48.0,0.65,5.3,0.2,22.0,6.0,72.0,1.45,,FIELD_0015
1600597,"Oconee-Darmstadt-Coulterville silt loams, 0 to 2 percent slopes",Piasa,5,Poorly drained,20.0,30.0,0.5,6.7,0.19,22.0,4.0,74.0,1.46,17.6,FIELD_0015
451002,"Orwood silt loam, 2 to 5 percent slopes",Orwood,100,Well drained,0.0,20.0,3.0,6.5,0.21,21.0,26.3,52.7,1.38,18.1,FIELD_0016
451003,"Orwood silt loam, 5 to 9 percent slopes, moderately eroded",Orwood,100,Well drained,0.0,20.0,2.5,6.5,0.21,17.0,29.3,53.7,1.38,14.9,FIELD_0016
451002,"Orwood silt loam, 2 to 5 percent slopes",Orwood,100,Well drained,20.0,25.0,1.5,6.5,0.21,20.0,25.0,55.0,1.38,17.6,FIELD_0016
451003,"Orwood silt loam, 5 to 9 percent slopes, moderately eroded",Orwood,100,Well drained,20.0,56.0,1.5,6.5,0.21,21.0,26.3,52.7,1.38,17.6,FIELD_0016
451002,"Orwood silt loam, 2 to 5 percent slopes",Orwood,100,Well drained,25.0,56.0,1.5,6.5,0.21,23.0,26.0,51.0,1.38,17.6,FIELD_0016
437401,"Dickinson fine sandy loam, 2 to 5 percent slopes",Dickinson,95,Well drained,0.0,23.0,2.0,6.3,0.15,10.0,65.0,25.0,1.53,9.1,FIELD_0016
450123,"Floyd loam, 1 to 4 percent slopes",Floyd,95,Somewhat poorly drained,0.0,41.0,4.0,6.7,0.21,23.0,30.0,47.0,1.35,21.0,FIELD_0016
451039,"Terril loam, 2 to 5 percent slopes",Terril,95,Moderately well drained,0.0,20.0,3.5,6.2,0.21,22.0,33.0,45.0,1.33,19.0,FIELD_0016
766671,"Ossian silt loam, 0 to 3 percent slopes, occasionally flooded",Ossian,95,Poorly drained,0.0,20.0,6.0,7.0,0.23,24.5,9.2,66.3,1.28,21.4,FIELD_0016
1429111,"Kasson loam, 5 to 9 percent slopes",Kasson,95,Moderately well drained,0.0,20.0,2.5,6.2,0.14,22.0,41.0,37.0,1.42,18.7,FIELD_0016
451039,"Terril loam, 2 to 5 percent slopes",Terril,95,Moderately well drained,20.0,58.0,3.0,6.3,0.21,24.0,30.0,46.0,1.35,20.4,FIELD_0016
766671,"Ossian silt loam, 0 to 3 percent slopes, occasionally flooded",Ossian,95,Poorly drained,20.0,38.0,6.0,7.0,0.23,24.5,9.2,66.3,1.28,21.4,FIELD_0016
1429111,"Kasson loam, 5 to 9 percent slopes",Kasson,95,Moderately well drained,20.0,28.0,0.65,6.2,0.15,23.0,29.0,48.0,1.42,18.5,FIELD_0016
437401,"Dickinson fine sandy loam, 2 to 5 percent slopes",Dickinson,95,Well drained,23.0,46.0,1.5,6.2,0.15,10.0,65.0,25.0,1.5,9.0,FIELD_0016
1429111,"Kasson loam, 5 to 9 percent slopes",Kasson,95,Moderately well drained,28.0,51.0,0.4,5.9,0.15,24.0,36.0,40.0,1.5,18.9,FIELD_0016
437366,"Marlean loam, 2 to 5 percent slopes",Marlean,90,Well drained,0.0,18.0,3.5,6.7,0.21,21.0,41.6,37.4,1.43,18.2,FIELD_0016
1008428,"Klossner muck, 1 to 4 percent slopes",Klossner,90,Very poorly drained,0.0,25.0,75.0,,0.38,,,,0.26,161.6,FIELD_0016
1429110,"Kasson loam, 2 to 5 percent slopes",Kasson,90,Moderately well drained,0.0,20.0,2.5,6.2,0.14,22.0,41.0,37.0,1.42,18.7,FIELD_0016
1429112,"Kasson loam, 5 to 9 percent slopes, eroded",Kasson,90,Moderately well drained,0.0,18.0,1.9,6.2,0.14,22.0,41.0,37.0,1.42,18.5,FIELD_0016
437366,"Marlean loam, 2 to 5 percent slopes",Marlean,90,Well drained,18.0,23.0,2.5,6.7,0.21,21.0,41.6,37.4,1.43,18.2,FIELD_0016
1429112,"Kasson loam, 5 to 9 percent slopes, eroded",Kasson,90,Moderately well drained,18.0,28.0,0.65,6.2,0.15,23.0,29.0,48.0,1.42,18.5,FIELD_0016
1429110,"Kasson loam, 2 to 5 percent slopes",Kasson,90,Moderately well drained,20.0,28.0,0.65,6.2,0.15,23.0,29.0,48.0,1.42,18.5,FIELD_0016
437366,"Marlean loam, 2 to 5 percent slopes",Marlean,90,Well drained,23.0,30.0,0.5,6.7,0.2,24.0,39.1,36.9,1.48,19.0,FIELD_0016
1008428,"Klossner muck, 1 to 4 percent slopes",Klossner,90,Very poorly drained,25.0,66.0,80.0,,0.42,,,,0.23,174.2,FIELD_0016
1429110,"Kasson loam, 2 to 5 percent slopes",Kasson,90,Moderately well drained,28.0,51.0,0.4,5.9,0.15,24.0,36.0,40.0,1.5,18.9,FIELD_0016
1429112,"Kasson loam, 5 to 9 percent slopes, eroded",Kasson,90,Moderately well drained,28.0,51.0,0.4,5.9,0.15,24.0,36.0,40.0,1.5,18.9,FIELD_0016
437375,"Racine loam, 2 to 5 percent slopes",Racine,85,Well drained,0.0,20.0,2.5,6.8,0.15,17.0,36.0,47.0,1.43,14.9,FIELD_0016
451004,"Orwood silt loam, 9 to 14 percent slopes, moderately eroded",Orwood,85,Well drained,0.0,20.0,2.5,6.5,0.21,17.0,29.3,53.7,1.38,14.9,FIELD_0016
451005,"Orwood silt loam, 14 to 18 percent slopes, moderately eroded",Orwood,85,Well drained,0.0,20.0,2.5,6.5,0.21,17.0,29.3,53.7,1.38,14.9,FIELD_0016
451061,"Winneshiek loam, 2 to 5 percent slopes",Winneshiek,85,Well drained,0.0,20.0,3.0,6.5,0.2,21.0,41.6,37.4,1.48,18.1,FIELD_0016
622331,"Rockton loam, 2 to 5 percent slopes",Rockton,85,Well drained,0.0,20.0,3.5,6.2,0.21,22.5,39.8,37.7,1.35,19.4,FIELD_0016
622384,"Rockton loam, 5 to 9 percent slopes",Rockton,85,Well drained,0.0,20.0,3.5,6.2,0.21,22.5,39.8,37.7,1.35,19.4,FIELD_0016
1399086,"Coland clay loam, 0 to 2 percent slopes, occasionally flooded",Coland,85,Poorly drained,0.0,20.0,6.0,6.3,0.11,30.0,28.0,42.0,1.31,25.6,FIELD_0016
437375,"Racine loam, 2 to 5 percent slopes",Racine,85,Well drained,20.0,30.0,0.9,6.4,0.15,19.0,36.0,45.0,1.42,15.8,FIELD_0016
451004,"Orwood silt loam, 9 to 14 percent slopes, moderately eroded",Orwood,85,Well drained,20.0,56.0,1.5,6.5,0.21,21.0,26.3,52.7,1.38,17.6,FIELD_0016
451005,"Orwood silt loam, 14 to 18 percent slopes, moderately eroded",Orwood,85,Well drained,20.0,56.0,1.5,6.5,0.21,21.0,26.3,52.7,1.38,17.6,FIELD_0016
451061,"Winneshiek loam, 2 to 5 percent slopes",Winneshiek,85,Well drained,20.0,28.0,1.0,6.5,0.18,24.0,39.1,36.9,1.6,19.6,FIELD_0016
622331,"Rockton loam, 2 to 5 percent slopes",Rockton,85,Well drained,20.0,38.0,3.5,6.2,0.21,22.5,39.8,37.7,1.35,19.4,FIELD_0016
622384,"Rockton loam, 5 to 9 percent slopes",Rockton,85,Well drained,20.0,38.0,3.5,6.2,0.21,22.5,39.8,37.7,1.35,19.4,FIELD_0016
1399086,"Coland clay loam, 0 to 2 percent slopes, occasionally flooded",Coland,85,Poorly drained,20.0,81.0,4.5,6.3,0.12,30.0,28.0,42.0,1.25,25.4,FIELD_0016
451061,"Winneshiek loam, 2 to 5 percent slopes",Winneshiek,85,Well drained,28.0,41.0,1.0,6.5,0.18,24.0,39.1,36.9,1.6,19.6,FIELD_0016
450540,"Jacwin loam, 0 to 2 percent slopes",Jacwin,80,Somewhat poorly drained,0.0,20.0,5.5,6.7,0.21,26.5,28.2,45.3,1.4,22.9,FIELD_0016
450993,"Marlean loam, 14 to 18 percent slopes, moderately eroded",Marlean,80,Well drained,0.0,20.0,3.0,6.7,0.21,21.0,41.6,37.4,1.43,18.1,FIELD_0016
451019,"Renova loam, 9 to 14 percent slopes, moderately eroded",Renova,80,Well drained,0.0,20.0,2.0,6.1,0.23,23.5,39.2,37.3,1.35,19.7,FIELD_0016
451064,"Winneshiek loam, 9 to 14 percent slopes",Winneshiek,80,Well drained,0.0,20.0,3.0,6.5,0.2,21.0,41.6,37.4,1.48,18.1,FIELD_0016
450540,"Jacwin loam, 0 to 2 percent slopes",Jacwin,80,Somewhat poorly drained,20.0,33.0,5.5,6.7,0.21,26.0,28.7,45.3,1.4,22.5,FIELD_0016
450993,"Marlean loam, 14 to 18 percent slopes, moderately eroded",Marlean,80,Well drained,20.0,30.0,0.5,6.7,0.2,24.0,39.1,36.9,1.48,19.0,FIELD_0016
451019,"Renova loam, 9 to 14 percent slopes, moderately eroded",Renova,80,Well drained,20.0,48.0,0.25,5.3,0.21,28.0,17.8,54.2,1.4,,FIELD_0016
451064,"Winneshiek loam, 9 to 14 percent slopes",Winneshiek,80,Well drained,20.0,41.0,1.0,6.5,0.18,24.0,39.1,36.9,1.6,19.6,FIELD_0016
437364,"Backbone sandy loam, 5 to 9 percent slopes",Backbone,75,Well drained,0.0,20.0,1.5,6.8,0.14,8.0,70.0,22.0,1.62,7.4,FIELD_0016
437367,"Marlean loam, 5 to 9 percent slopes",Marlean,75,Well drained,0.0,20.0,3.5,6.7,0.21,21.0,41.6,37.4,1.43,18.2,FIELD_0016
437368,"Marlean loam, 5 to 9 percent slopes, moderately eroded",Marlean,75,Well drained,0.0,20.0,3.0,6.7,0.21,21.0,41.6,37.4,1.43,18.1,FIELD_0016
437397,"Clyde silt loam, 0 to 3 percent slopes",Clyde,75,Poorly drained,0.0,43.0,7.5,6.7,0.15,25.0,18.0,57.0,1.21,21.9,FIELD_0016
450541,"Jacwin loam, 2 to 5 percent slopes",Jacwin,75,Somewhat poorly drained,0.0,20.0,5.5,6.7,0.21,26.5,28.2,45.3,1.4,22.9,FIELD_0016
450991,"Marlean loam, 9 to 14 percent slopes, moderately eroded",Marlean,75,Well drained,0.0,20.0,3.0,6.7,0.21,21.0,41.6,37.4,1.43,18.1,FIELD_0016
451062,"Winneshiek loam, 5 to 9 percent slopes",Winneshiek,75,Well drained,0.0,20.0,3.0,6.5,0.2,21.0,41.6,37.4,1.48,18.1,FIELD_0016
622385,"Rockton loam, 9 to 14 percent slopes",Rockton,75,Well drained,0.0,20.0,3.5,6.2,0.21,22.5,39.8,37.7,1.35,19.4,FIELD_0016
756308,"Marshan loam, 0 to 2 percent slopes, rarely flooded",Marshan,75,Poorly drained,0.0,20.0,5.5,6.5,0.21,30.0,21.0,49.0,1.35,25.6,FIELD_0016
437364,"Backbone sandy loam, 5 to 9 percent slopes",Backbone,75,Well drained,20.0,43.0,0.75,6.7,0.12,10.0,64.0,26.0,1.54,8.8,FIELD_0016
437367,"Marlean loam, 5 to 9 percent slopes",Marlean,75,Well drained,20.0,30.0,0.5,6.7,0.2,24.0,39.1,36.9,1.48,19.0,FIELD_0016
437368,"Marlean loam, 5 to 9 percent slopes, moderately eroded",Marlean,75,Well drained,20.0,30.0,0.5,6.7,0.2,24.0,39.1,36.9,1.48,19.0,FIELD_0016
450541,"Jacwin loam, 2 to 5 percent slopes",Jacwin,75,Somewhat poorly drained,20.0,33.0,5.5,6.7,0.21,26.0,28.7,45.3,1.4,22.5,FIELD_0016
450991,"Marlean loam, 9 to 14 percent slopes, moderately eroded",Marlean,75,Well drained,20.0,30.0,0.5,6.7,0.2,24.0,39.1,36.9,1.48,19.0,FIELD_0016
451062,"Winneshiek loam, 5 to 9 percent slopes",Winneshiek,75,Well drained,20.0,41.0,1.0,6.5,0.18,24.0,39.1,36.9,1.6,19.6,FIELD_0016
622385,"Rockton loam, 9 to 14 percent slopes",Rockton,75,Well drained,20.0,38.0,3.5,6.2,0.21,22.5,39.8,37.7,1.35,19.4,FIELD_0016
756308,"Marshan loam, 0 to 2 percent slopes, rarely flooded",Marshan,75,Poorly drained,20.0,36.0,3.5,6.5,0.21,30.0,18.0,52.0,1.35,25.1,FIELD_0016
1008304,"Lilah-Dickinson complex, 2 to 5 percent slopes",Lilah,70,Excessively drained,0.0,20.0,1.5,5.6,0.12,9.0,67.0,24.0,1.53,7.1,FIELD_0016
1008304,"Lilah-Dickinson complex, 2 to 5 percent slopes",Lilah,70,Excessively drained,20.0,38.0,0.25,5.3,0.11,12.0,68.0,20.0,1.6,,FIELD_0016
1008306,"Lilah-Dickinson complex, 5 to 9 percent slopes",Lilah,60,Excessively drained,0.0,20.0,1.5,5.6,0.12,9.0,67.0,24.0,1.53,7.1,FIELD_0016
1008306,"Lilah-Dickinson complex, 5 to 9 percent slopes",Lilah,60,Excessively drained,20.0,38.0,0.25,5.3,0.11,12.0,68.0,20.0,1.6,,FIELD_0016
437167,"Atkinson loam, 2 to 5 percent slopes",Atkinson,55,Well drained,0.0,18.0,3.5,6.1,0.21,21.0,42.0,37.0,1.43,18.2,FIELD_0016
1382543,"Lawson-Ossian complex, 0 to 4 percent slopes",Lawson,55,Somewhat poorly drained,0.0,20.0,5.0,7.0,0.23,18.5,11.7,69.8,1.38,16.5,FIELD_0016
437167,"Atkinson loam, 2 to 5 percent slopes",Atkinson,55,Well drained,18.0,33.0,3.0,6.1,0.21,21.0,42.0,37.0,1.43,18.1,FIELD_0016
1382543,"Lawson-Ossian complex, 0 to 4 percent slopes",Lawson,55,Somewhat poorly drained,20.0,76.0,5.0,7.0,0.23,18.5,11.7,69.8,1.38,16.5,FIELD_0016
766669,"Calamine-Jacwin complex, 0 to 3 percent slopes",Calamine,50,Poorly drained,0.0,20.0,5.5,7.0,0.21,29.0,18.0,53.0,1.28,33.0,FIELD_0016
766669,"Calamine-Jacwin complex, 0 to 3 percent slopes",Calamine,50,Poorly drained,20.0,51.0,5.5,7.0,0.21,29.0,18.0,53.0,1.28,33.0,FIELD_0016
1382543,"Lawson-Ossian complex, 0 to 4 percent slopes",Ossian,40,Poorly drained,0.0,20.0,6.0,7.0,0.23,24.5,9.2,66.3,1.28,21.4,FIELD_0016
1382543,"Lawson-Ossian complex, 0 to 4 percent slopes",Ossian,40,Poorly drained,20.0,38.0,6.0,7.0,0.23,24.5,9.2,66.3,1.28,21.4,FIELD_0016
766669,"Calamine-Jacwin complex, 0 to 3 percent slopes",Jacwin,35,Somewhat poorly drained,0.0,20.0,5.5,6.7,0.21,26.5,28.2,45.3,1.4,22.9,FIELD_0016
766669,"Calamine-Jacwin complex, 0 to 3 percent slopes",Jacwin,35,Somewhat poorly drained,20.0,33.0,5.5,6.7,0.21,26.0,28.7,45.3,1.4,22.5,FIELD_0016
437167,"Atkinson loam, 2 to 5 percent slopes",Rockton,30,Well drained,0.0,20.0,3.5,6.2,0.21,22.5,39.8,37.7,1.35,19.4,FIELD_0016
437167,"Atkinson loam, 2 to 5 percent slopes",Rockton,30,Well drained,20.0,38.0,3.5,6.2,0.21,22.5,39.8,37.7,1.35,19.4,FIELD_0016
437364,"Backbone sandy loam, 5 to 9 percent slopes",Dickinson,25,Well drained,0.0,20.0,2.0,6.5,0.14,15.0,65.0,20.0,1.53,13.2,FIELD_0016
437367,"Marlean loam, 5 to 9 percent slopes",Rockton,25,Well drained,0.0,20.0,3.5,6.2,0.21,22.5,39.8,37.7,1.35,19.4,FIELD_0016
437368,"Marlean loam, 5 to 9 percent slopes, moderately eroded",Rockton,25,Well drained,0.0,20.0,3.5,6.2,0.21,22.5,39.8,37.7,1.35,19.4,FIELD_0016
1008306,"Lilah-Dickinson complex, 5 to 9 percent slopes",Dickinson,25,Well drained,0.0,20.0,2.0,6.5,0.14,15.0,65.0,20.0,1.53,13.2,FIELD_0016
437364,"Backbone sandy loam, 5 to 9 percent slopes",Dickinson,25,Well drained,20.0,46.0,1.5,5.8,0.14,14.0,66.0,20.0,1.5,12.2,FIELD_0016
437367,"Marlean loam, 5 to 9 percent slopes",Rockton,25,Well drained,20.0,38.0,3.5,6.2,0.21,22.5,39.8,37.7,1.35,19.4,FIELD_0016
437368,"Marlean loam, 5 to 9 percent slopes, moderately eroded",Rockton,25,Well drained,20.0,38.0,3.5,6.2,0.21,22.5,39.8,37.7,1.35,19.4,FIELD_0016
1008306,"Lilah-Dickinson complex, 5 to 9 percent slopes",Dickinson,25,Well drained,20.0,46.0,1.5,5.8,0.14,14.0,66.0,20.0,1.5,12.2,FIELD_0016
450540,"Jacwin loam, 0 to 2 percent slopes",Calamine,20,Poorly drained,0.0,20.0,5.5,7.0,0.21,29.0,18.0,53.0,1.28,33.0,FIELD_0016
450541,"Jacwin loam, 2 to 5 percent slopes",Rockton,20,Well drained,0.0,20.0,3.5,6.2,0.21,22.5,39.8,37.7,1.35,19.4,FIELD_0016
1008304,"Lilah-Dickinson complex, 2 to 5 percent slopes",Dickinson,20,Well drained,0.0,20.0,2.0,6.5,0.14,15.0,65.0,20.0,1.53,13.2,FIELD_0016
450540,"Jacwin loam, 0 to 2 percent slopes",Calamine,20,Poorly drained,20.0,51.0,5.5,7.0,0.21,29.0,18.0,53.0,1.28,33.0,FIELD_0016
450541,"Jacwin loam, 2 to 5 percent slopes",Rockton,20,Well drained,20.0,38.0,3.5,6.2,0.21,22.5,39.8,37.7,1.35,19.4,FIELD_0016
1008304,"Lilah-Dickinson complex, 2 to 5 percent slopes",Dickinson,20,Well drained,20.0,46.0,1.5,5.8,0.14,14.0,66.0,20.0,1.5,12.2,FIELD_0016
437167,"Atkinson loam, 2 to 5 percent slopes",Kenyon,15,Moderately well drained,0.0,23.0,2.9,5.8,0.19,21.0,36.0,43.0,1.28,18.1,FIELD_0016
437397,"Clyde silt loam, 0 to 3 percent slopes",Floyd,15,Somewhat poorly drained,0.0,41.0,4.0,6.7,0.21,23.0,30.0,47.0,1.35,19.9,FIELD_0016
451004,"Orwood silt loam, 9 to 14 percent slopes, moderately eroded",Orwood,15,Well drained,0.0,20.0,1.5,6.5,0.21,17.0,29.3,53.7,1.38,14.6,FIELD_0016
451061,"Winneshiek loam, 2 to 5 percent slopes",Nordness,15,Well drained,0.0,10.0,2.5,6.5,0.21,21.0,26.3,52.7,1.33,18.0,FIELD_0016
451062,"Winneshiek loam, 5 to 9 percent slopes",Marlean,15,Well drained,0.0,20.0,3.5,6.7,0.21,21.0,41.6,37.4,1.43,18.2,FIELD_0016
622385,"Rockton loam, 9 to 14 percent slopes",Atkinson,15,Well drained,0.0,18.0,3.5,6.1,0.21,21.0,42.0,37.0,1.43,18.2,FIELD_0016
756308,"Marshan loam, 0 to 2 percent slopes, rarely flooded",Lawler,15,Somewhat poorly drained,0.0,20.0,4.5,6.5,0.21,22.0,40.0,38.0,1.43,19.2,FIELD_0016
766669,"Calamine-Jacwin complex, 0 to 3 percent slopes",Lawler,15,Somewhat poorly drained,0.0,20.0,4.5,6.5,0.21,22.0,40.0,38.0,1.43,19.2,FIELD_0016
1008306,"Lilah-Dickinson complex, 5 to 9 percent slopes",Racine,15,Well drained,0.0,20.0,3.0,6.2,0.23,22.5,39.8,37.7,1.4,19.3,FIELD_0016
451061,"Winneshiek loam, 2 to 5 percent slopes",Nordness,15,Well drained,10.0,33.0,0.75,6.5,0.21,25.5,23.8,50.7,1.4,20.4,FIELD_0016
622385,"Rockton loam, 9 to 14 percent slopes",Atkinson,15,Well drained,18.0,33.0,3.0,6.1,0.21,21.0,42.0,37.0,1.43,18.1,FIELD_0016
451004,"Orwood silt loam, 9 to 14 percent slopes, moderately eroded",Orwood,15,Well drained,20.0,114.0,1.0,6.2,0.2,25.0,38.5,36.5,1.43,20.3,FIELD_0016
451062,"Winneshiek loam, 5 to 9 percent slopes",Marlean,15,Well drained,20.0,30.0,0.5,6.7,0.2,24.0,39.1,36.9,1.48,19.0,FIELD_0016
756308,"Marshan loam, 0 to 2 percent slopes, rarely flooded",Lawler,15,Somewhat poorly drained,20.0,48.0,3.5,6.5,0.21,22.0,40.0,38.0,1.43,19.0,FIELD_0016
766669,"Calamine-Jacwin complex, 0 to 3 percent slopes",Lawler,15,Somewhat poorly drained,20.0,38.0,3.5,6.5,0.21,22.0,40.0,38.0,1.43,19.0,FIELD_0016
1008306,"Lilah-Dickinson complex, 5 to 9 percent slopes",Racine,15,Well drained,20.0,30.0,2.0,6.2,0.23,22.5,39.8,37.7,1.4,19.0,FIELD_0016
437167,"Atkinson loam, 2 to 5 percent slopes",Kenyon,15,Moderately well drained,23.0,36.0,2.8,5.5,0.19,21.0,33.0,46.0,1.55,18.0,FIELD_0016
437366,"Marlean loam, 2 to 5 percent slopes",Rockton,10,Well drained,0.0,20.0,3.5,6.2,0.21,22.5,39.8,37.7,1.35,19.4,FIELD_0016
450991,"Marlean loam, 9 to 14 percent slopes, moderately eroded",Marlean,10,Well drained,0.0,15.0,2.0,6.7,0.21,24.0,41.6,34.4,1.43,20.1,FIELD_0016
450991,"Marlean loam, 9 to 14 percent slopes, moderately eroded",Rockton,10,Well drained,0.0,20.0,3.5,6.2,0.21,22.5,39.8,37.7,1.35,19.4,FIELD_0016
450993,"Marlean loam, 14 to 18 percent slopes, moderately eroded",Rockton,10,Well drained,0.0,20.0,3.5,6.2,0.21,22.5,39.8,37.7,1.35,19.4,FIELD_0016
451005,"Orwood silt loam, 14 to 18 percent slopes, moderately eroded",Dubuque,10,Well drained,0.0,20.0,2.0,6.2,0.21,21.0,4.0,75.0,1.33,17.8,FIELD_0016
451019,"Renova loam, 9 to 14 percent slopes, moderately eroded",Lilah,10,Excessively drained,0.0,20.0,1.0,5.6,0.12,9.0,67.0,24.0,1.53,6.7,FIELD_0016
451062,"Winneshiek loam, 5 to 9 percent slopes",Nordness,10,Well drained,0.0,10.0,2.5,6.5,0.21,21.0,26.3,52.7,1.33,18.0,FIELD_0016
451064,"Winneshiek loam, 9 to 14 percent slopes",Backbone,10,Well drained,0.0,20.0,1.5,6.8,0.14,8.0,70.0,22.0,1.62,7.4,FIELD_0016
451064,"Winneshiek loam, 9 to 14 percent slopes",Nordness,10,Well drained,0.0,10.0,2.5,6.5,0.21,21.0,26.3,52.7,1.33,18.0,FIELD_0016
622331,"Rockton loam, 2 to 5 percent slopes",Atkinson,10,Well drained,0.0,18.0,3.5,6.1,0.21,21.0,42.0,37.0,1.43,18.2,FIELD_0016
622384,"Rockton loam, 5 to 9 percent slopes",Atkinson,10,Well drained,0.0,18.0,3.5,6.1,0.21,21.0,42.0,37.0,1.43,18.2,FIELD_0016
622385,"Rockton loam, 9 to 14 percent slopes",Marlean,10,Well drained,0.0,20.0,3.5,6.7,0.21,21.0,41.6,37.4,1.43,18.2,FIELD_0016
1008304,"Lilah-Dickinson complex, 2 to 5 percent slopes",Racine,10,Well drained,0.0,20.0,3.0,6.2,0.23,22.5,39.8,37.7,1.4,19.3,FIELD_0016
1429110,"Kasson loam, 2 to 5 percent slopes",Floyd,10,Somewhat poorly drained,0.0,41.0,4.0,6.7,0.21,23.0,30.0,47.0,1.35,19.9,FIELD_0016
451062,"Winneshiek loam, 5 to 9 percent slopes",Nordness,10,Well drained,10.0,33.0,0.75,6.5,0.21,25.5,23.8,50.7,1.4,20.4,FIELD_0016
451064,"Winneshiek loam, 9 to 14 percent slopes",Nordness,10,Well drained,10.0,33.0,0.75,6.5,0.21,25.5,23.8,50.7,1.4,20.4,FIELD_0016
450991,"Marlean loam, 9 to 14 percent slopes, moderately eroded",Marlean,10,Well drained,15.0,30.0,0.5,6.7,0.2,24.0,39.1,36.9,1.48,19.0,FIELD_0016
622331,"Rockton loam, 2 to 5 percent slopes",Atkinson,10,Well drained,18.0,33.0,3.0,6.1,0.21,21.0,42.0,37.0,1.43,18.1,FIELD_0016
622384,"Rockton loam, 5 to 9 percent slopes",Atkinson,10,Well drained,18.0,33.0,3.0,6.1,0.21,21.0,42.0,37.0,1.43,18.1,FIELD_0016
437366,"Marlean loam, 2 to 5 percent slopes",Rockton,10,Well drained,20.0,38.0,3.5,6.2,0.21,22.5,39.8,37.7,1.35,19.4,FIELD_0016
450991,"Marlean loam, 9 to 14 percent slopes, moderately eroded",Rockton,10,Well drained,20.0,38.0,3.5,6.2,0.21,22.5,39.8,37.7,1.35,19.4,FIELD_0016
450993,"Marlean loam, 14 to 18 percent slopes, moderately eroded",Rockton,10,Well drained,20.0,38.0,3.5,6.2,0.21,22.5,39.8,37.7,1.35,19.4,FIELD_0016
451005,"Orwood silt loam, 14 to 18 percent slopes, moderately eroded",Dubuque,10,Well drained,20.0,41.0,1.0,6.2,0.21,21.0,4.0,75.0,1.33,17.3,FIELD_0016
451019,"Renova loam, 9 to 14 percent slopes, moderately eroded",Lilah,10,Excessively drained,20.0,38.0,0.25,5.3,0.11,12.0,68.0,20.0,1.6,,FIELD_0016
451064,"Winneshiek loam, 9 to 14 percent slopes",Backbone,10,Well drained,20.0,43.0,0.75,6.7,0.12,10.0,64.0,26.0,1.54,8.8,FIELD_0016
622385,"Rockton loam, 9 to 14 percent slopes",Marlean,10,Well drained,20.0,30.0,0.5,6.7,0.2,24.0,39.1,36.9,1.48,19.0,FIELD_0016
1008304,"Lilah-Dickinson complex, 2 to 5 percent slopes",Racine,10,Well drained,20.0,30.0,2.0,6.2,0.23,22.5,39.8,37.7,1.4,19.0,FIELD_0016
437375,"Racine loam, 2 to 5 percent slopes",Lilah,5,Excessively drained,,,,,,,,,,,FIELD_0016
437375,"Racine loam, 2 to 5 percent slopes",Clyde,5,Poorly drained,0.0,20.0,7.5,6.7,0.1,30.0,18.0,52.0,1.35,25.9,FIELD_0016
437375,"Racine loam, 2 to 5 percent slopes",Oran,5,Somewhat poorly drained,0.0,20.0,2.5,6.2,0.14,24.0,35.0,41.0,1.42,20.3,FIELD_0016
437397,"Clyde silt loam, 0 to 3 percent slopes",Clyde,5,Poorly drained,0.0,43.0,7.5,6.7,0.15,25.0,18.0,57.0,1.21,21.9,FIELD_0016
437397,"Clyde silt loam, 0 to 3 percent slopes",Marshan,5,Poorly drained,0.0,20.0,5.5,6.5,0.21,28.0,21.0,51.0,1.35,24.0,FIELD_0016
437401,"Dickinson fine sandy loam, 2 to 5 percent slopes",Sparta,5,Excessively drained,0.0,28.0,1.5,6.2,0.11,6.0,84.0,10.0,1.53,6.5,FIELD_0016
450123,"Floyd loam, 1 to 4 percent slopes",Clyde,5,Poorly drained,0.0,43.0,7.5,6.7,0.22,30.0,18.0,52.0,1.35,25.9,FIELD_0016
450541,"Jacwin loam, 2 to 5 percent slopes",Turlin,5,Somewhat poorly drained,0.0,20.0,5.0,6.7,0.21,22.0,41.1,36.9,1.5,19.3,FIELD_0016
450991,"Marlean loam, 9 to 14 percent slopes, moderately eroded",Brodale,5,Excessively drained,0.0,15.0,2.5,7.5,0.09,11.5,45.3,43.2,1.23,11.4,FIELD_0016
450993,"Marlean loam, 14 to 18 percent slopes, moderately eroded",Brodale,5,Excessively drained,0.0,15.0,2.5,7.5,0.09,11.5,45.3,43.2,1.23,11.4,FIELD_0016
450993,"Marlean loam, 14 to 18 percent slopes, moderately eroded",Marlean,5,Well drained,0.0,15.0,2.0,6.7,0.21,24.0,41.6,34.4,1.43,20.1,FIELD_0016
451005,"Orwood silt loam, 14 to 18 percent slopes, moderately eroded",Orwood,5,Well drained,0.0,20.0,1.5,6.5,0.21,17.0,29.3,53.7,1.38,14.6,FIELD_0016
451019,"Renova loam, 9 to 14 percent slopes, moderately eroded",Fayette,5,Well drained,0.0,20.0,2.0,6.2,0.21,21.0,4.0,75.0,1.33,17.8,FIELD_0016
451019,"Renova loam, 9 to 14 percent slopes, moderately eroded",Whalan,5,Well drained,0.0,15.0,2.0,6.5,0.23,21.0,29.0,50.0,1.38,17.8,FIELD_0016
451039,"Terril loam, 2 to 5 percent slopes",Waukee,5,Well drained,0.0,20.0,3.5,6.1,0.21,21.0,40.0,39.0,1.33,18.2,FIELD_0016
622331,"Rockton loam, 2 to 5 percent slopes",Marlean,5,Well drained,0.0,20.0,3.5,6.7,0.21,21.0,41.6,37.4,1.43,18.2,FIELD_0016
622384,"Rockton loam, 5 to 9 percent slopes",Marlean,5,Well drained,0.0,20.0,3.5,6.7,0.21,21.0,41.6,37.4,1.43,18.2,FIELD_0016
756308,"Marshan loam, 0 to 2 percent slopes, rarely flooded",Selmass,5,Poorly drained,0.0,20.0,5.0,6.6,0.22,22.5,37.5,40.0,1.4,19.6,FIELD_0016
756308,"Marshan loam, 0 to 2 percent slopes, rarely flooded",Shandep,5,Very poorly drained,0.0,20.0,8.0,6.7,0.22,29.5,33.6,36.9,1.38,25.5,FIELD_0016
766671,"Ossian silt loam, 0 to 3 percent slopes, occasionally flooded",Klossner,5,Very poorly drained,0.0,25.0,35.0,,0.4,28.0,19.0,53.0,0.35,65.0,FIELD_0016
1008428,"Klossner muck, 1 to 4 percent slopes",Clyde,5,Poorly drained,0.0,15.0,75.0,,0.38,,,,0.25,161.6,FIELD_0016
1008428,"Klossner muck, 1 to 4 percent slopes",Houghton,5,Very poorly drained,0.0,30.0,75.0,,0.38,,,,0.26,161.6,FIELD_0016
1382543,"Lawson-Ossian complex, 0 to 4 percent slopes",Klossner,5,Very poorly drained,0.0,25.0,35.0,,0.4,28.0,19.0,53.0,0.35,65.0,FIELD_0016
1399086,"Coland clay loam, 0 to 2 percent slopes, occasionally flooded",Hanlon,5,Moderately well drained,0.0,18.0,2.5,6.7,0.09,15.0,65.0,20.0,1.49,13.3,FIELD_0016
1399086,"Coland clay loam, 0 to 2 percent slopes, occasionally flooded",Marshan,5,Poorly drained,0.0,20.0,5.5,6.5,0.12,28.0,21.0,51.0,1.29,24.0,FIELD_0016
1399086,"Coland clay loam, 0 to 2 percent slopes, occasionally flooded",Spillville,5,Somewhat poorly drained,0.0,20.0,4.5,6.7,0.14,22.0,41.0,37.0,1.38,19.2,FIELD_0016
1429111,"Kasson loam, 5 to 9 percent slopes",Floyd,5,Somewhat poorly drained,0.0,41.0,4.0,6.7,0.21,23.0,30.0,47.0,1.35,19.9,FIELD_0016
1429112,"Kasson loam, 5 to 9 percent slopes, eroded",Floyd,5,Somewhat poorly drained,0.0,41.0,4.0,6.7,0.21,23.0,30.0,47.0,1.35,19.9,FIELD_0016
1429112,"Kasson loam, 5 to 9 percent slopes, eroded",Lilah,5,Excessively drained,0.0,20.0,1.5,5.6,0.12,9.0,67.0,24.0,1.58,8.2,FIELD_0016
450991,"Marlean loam, 9 to 14 percent slopes, moderately eroded",Brodale,5,Excessively drained,15.0,127.0,0.25,7.9,0.07,11.5,62.7,25.8,1.28,8.2,FIELD_0016
450993,"Marlean loam, 14 to 18 percent slopes, moderately eroded",Brodale,5,Excessively drained,15.0,127.0,0.25,7.9,0.07,11.5,62.7,25.8,1.28,8.2,FIELD_0016
450993,"Marlean loam, 14 to 18 percent slopes, moderately eroded",Marlean,5,Well drained,15.0,30.0,0.5,6.7,0.2,24.0,39.1,36.9,1.48,19.0,FIELD_0016
451019,"Renova loam, 9 to 14 percent slopes, moderately eroded",Whalan,5,Well drained,15.0,30.0,1.0,5.8,0.18,24.0,38.0,38.0,1.48,19.6,FIELD_0016
1008428,"Klossner muck, 1 to 4 percent slopes",Clyde,5,Poorly drained,15.0,43.0,12.0,6.7,0.16,25.0,30.0,45.0,1.14,21.9,FIELD_0016
1399086,"Coland clay loam, 0 to 2 percent slopes, occasionally flooded",Hanlon,5,Moderately well drained,18.0,127.0,2.5,6.7,0.09,15.0,65.0,20.0,1.44,13.3,FIELD_0016
437375,"Racine loam, 2 to 5 percent slopes",Clyde,5,Poorly drained,20.0,43.0,5.0,6.7,0.1,30.0,18.0,52.0,1.35,25.5,FIELD_0016
437375,"Racine loam, 2 to 5 percent slopes",Oran,5,Somewhat poorly drained,20.0,33.0,0.65,6.2,0.15,20.0,35.0,45.0,1.42,16.3,FIELD_0016
437397,"Clyde silt loam, 0 to 3 percent slopes",Marshan,5,Poorly drained,20.0,36.0,3.5,6.5,0.21,28.0,18.0,54.0,1.35,23.6,FIELD_0016
450541,"Jacwin loam, 2 to 5 percent slopes",Turlin,5,Somewhat poorly drained,20.0,86.0,5.0,6.7,0.21,22.0,41.1,36.9,1.5,19.3,FIELD_0016
451005,"Orwood silt loam, 14 to 18 percent slopes, moderately eroded",Orwood,5,Well drained,20.0,114.0,1.0,6.2,0.2,25.0,38.5,36.5,1.43,20.3,FIELD_0016
451019,"Renova loam, 9 to 14 percent slopes, moderately eroded",Fayette,5,Well drained,20.0,66.0,0.5,5.5,0.19,27.0,4.0,69.0,1.38,21.2,FIELD_0016
451039,"Terril loam, 2 to 5 percent slopes",Waukee,5,Well drained,20.0,46.0,2.5,6.1,0.21,21.0,40.0,39.0,1.39,18.0,FIELD_0016
622331,"Rockton loam, 2 to 5 percent slopes",Marlean,5,Well drained,20.0,30.0,0.5,6.7,0.2,24.0,39.1,36.9,1.48,19.0,FIELD_0016
622384,"Rockton loam, 5 to 9 percent slopes",Marlean,5,Well drained,20.0,30.0,0.5,6.7,0.2,24.0,39.1,36.9,1.48,19.0,FIELD_0016
756308,"Marshan loam, 0 to 2 percent slopes, rarely flooded",Selmass,5,Poorly drained,20.0,38.0,5.0,6.6,0.22,22.5,37.5,40.0,1.4,19.6,FIELD_0016
756308,"Marshan loam, 0 to 2 percent slopes, rarely flooded",Shandep,5,Very poorly drained,20.0,74.0,8.0,6.7,0.22,29.5,33.6,36.9,1.38,25.5,FIELD_0016
1399086,"Coland clay loam, 0 to 2 percent slopes, occasionally flooded",Marshan,5,Poorly drained,20.0,36.0,3.5,6.5,0.13,28.0,18.0,54.0,1.28,23.6,FIELD_0016
1399086,"Coland clay loam, 0 to 2 percent slopes, occasionally flooded",Spillville,5,Somewhat poorly drained,20.0,137.0,3.5,6.7,0.14,22.0,41.0,37.0,1.35,19.0,FIELD_0016
1429112,"Kasson loam, 5 to 9 percent slopes, eroded",Lilah,5,Excessively drained,20.0,38.0,0.25,5.3,0.11,12.0,68.0,20.0,1.64,,FIELD_0016
766671,"Ossian silt loam, 0 to 3 percent slopes, occasionally flooded",Klossner,5,Very poorly drained,25.0,66.0,35.0,,0.4,28.0,19.0,53.0,0.35,65.0,FIELD_0016
1382543,"Lawson-Ossian complex, 0 to 4 percent slopes",Klossner,5,Very poorly drained,25.0,66.0,35.0,,0.4,28.0,19.0,53.0,0.35,65.0,FIELD_0016
437401,"Dickinson fine sandy loam, 2 to 5 percent slopes",Sparta,5,Excessively drained,28.0,38.0,0.75,6.2,0.11,6.0,87.0,7.0,1.58,6.0,FIELD_0016
3051914,Water,Water,100,,,,,,,,,,,,FIELD_0017
409343,"Zook silt loam, overwash, 0 to 2 percent slopes",Zook,100,Poorly drained,0.0,18.0,3.0,6.7,0.23,23.0,12.5,64.5,1.5,19.4,FIELD_0017
409344,"Zook silty clay loam, 2 to 5 percent slopes",Zook,100,Poorly drained,0.0,18.0,6.0,6.7,0.22,34.0,7.5,58.5,1.33,27.8,FIELD_0017
409343,"Zook silt loam, overwash, 0 to 2 percent slopes",Zook,100,Poorly drained,18.0,33.0,3.0,6.7,0.23,23.0,12.5,64.5,1.5,19.4,FIELD_0017
409344,"Zook silty clay loam, 2 to 5 percent slopes",Zook,100,Poorly drained,18.0,51.0,6.0,6.7,0.22,36.0,7.5,56.5,1.33,29.2,FIELD_0017
3051916,"Water, rivers and streams",Water,95,,,,,,,,,,,,FIELD_0017
3051920,"Pits, limestone quarry","Pits, limestone quarry",95,,,,,,,,,,,,FIELD_0017
409290,"Kennebec silt loam, 0 to 2 percent slopes",Kennebec,95,Moderately well drained,0.0,124.0,5.0,6.5,0.23,24.5,9.2,66.3,1.3,33.0,FIELD_0017
409342,"Zook silty clay loam, 0 to 2 percent slopes, occasionally flooded",Zook,95,Poorly drained,0.0,18.0,4.5,6.2,0.11,35.0,3.0,62.0,1.35,28.2,FIELD_0017
409349,"Hedrick silt loam, 5 to 9 percent slopes",Hedrick,95,Moderately well drained,0.0,20.0,3.0,6.5,0.22,21.5,11.2,67.3,1.33,22.5,FIELD_0017
409350,"Hedrick silt loam, 5 to 9 percent slopes, moderately eroded",Hedrick,95,Moderately well drained,0.0,20.0,2.5,6.5,0.22,21.5,11.2,67.3,1.33,22.5,FIELD_0017
409359,"Lindley loam, 18 to 25 percent slopes, moderately eroded",Lindley,95,Well drained,0.0,5.0,0.75,6.3,0.15,22.0,36.0,42.0,1.46,17.9,FIELD_0017
409370,"Ladoga silt loam, 2 to 5 percent slopes",Ladoga,95,Moderately well drained,0.0,18.0,3.0,6.6,0.2,25.0,2.0,73.0,1.33,20.8,FIELD_0017
409376,"Clinton silt loam, 2 to 5 percent slopes",Clinton,95,Moderately well drained,0.0,20.0,2.5,6.3,0.19,22.0,3.0,75.0,1.35,18.5,FIELD_0017
409359,"Lindley loam, 18 to 25 percent slopes, moderately eroded",Lindley,95,Well drained,5.0,15.0,0.5,5.9,0.15,20.0,41.0,39.0,1.47,16.2,FIELD_0017
409359,"Lindley loam, 18 to 25 percent slopes, moderately eroded",Lindley,95,Well drained,15.0,114.0,0.3,6.0,0.13,29.0,41.0,30.0,1.51,22.1,FIELD_0017
409342,"Zook silty clay loam, 0 to 2 percent slopes, occasionally flooded",Zook,95,Poorly drained,18.0,51.0,3.2,6.4,0.11,39.0,4.0,57.0,1.29,30.6,FIELD_0017
409370,"Ladoga silt loam, 2 to 5 percent slopes",Ladoga,95,Moderately well drained,18.0,25.0,2.0,6.1,0.19,24.0,2.0,74.0,1.4,19.8,FIELD_0017
409349,"Hedrick silt loam, 5 to 9 percent slopes",Hedrick,95,Moderately well drained,20.0,135.0,0.5,5.8,0.19,32.0,6.7,61.3,1.38,22.5,FIELD_0017
409350,"Hedrick silt loam, 5 to 9 percent slopes, moderately eroded",Hedrick,95,Moderately well drained,20.0,135.0,0.5,5.8,0.19,32.0,6.7,61.3,1.38,22.5,FIELD_0017
409376,"Clinton silt loam, 2 to 5 percent slopes",Clinton,95,Moderately well drained,20.0,38.0,1.0,5.6,0.18,20.0,3.0,77.0,1.35,16.6,FIELD_0017
409370,"Ladoga silt loam, 2 to 5 percent slopes",Ladoga,95,Moderately well drained,25.0,36.0,1.0,6.0,0.19,28.0,2.0,70.0,1.36,22.1,FIELD_0017
409277,"Colo silty clay loam, 0 to 2 percent slopes, occasionally flooded",Colo,90,Poorly drained,0.0,20.0,5.0,6.5,0.16,30.0,6.0,64.0,1.29,25.5,FIELD_0017
409278,"Colo silt loam, 0 to 2 percent slopes, occasionally flooded, overwash",Colo,90,Poorly drained,0.0,18.0,4.0,6.0,0.22,24.0,7.0,69.0,1.34,20.6,FIELD_0017
409283,"Fayette silt loam, till plain, 9 to 14 percent slopes, eroded",Fayette,90,Well drained,0.0,20.0,2.0,6.2,0.2,20.0,5.0,75.0,1.42,17.0,FIELD_0017
409284,"Fayette silt loam, till plain, 14 to 18 percent slopes, eroded",Fayette,90,Well drained,0.0,20.0,2.0,6.2,0.2,20.0,5.0,75.0,1.42,17.0,FIELD_0017
409289,"Boone fine sandy loam, 18 to 40 percent slopes",Boone,90,Excessively drained,0.0,8.0,1.0,5.5,0.12,3.0,85.0,12.0,1.6,2.7,FIELD_0017
409298,"Humeston silt loam, 0 to 2 percent slopes",Humeston,90,Poorly drained,0.0,20.0,3.5,6.5,0.22,26.0,15.0,59.0,1.4,21.6,FIELD_0017
409335,"Radford silt loam, 0 to 2 percent slopes",Radford,90,Somewhat poorly drained,0.0,30.0,2.0,6.5,0.23,22.5,9.5,68.0,1.5,27.5,FIELD_0017
409336,"Spillville loam, 0 to 2 percent slopes, occasionally flooded",Spillville,90,Somewhat poorly drained,0.0,20.0,5.5,6.7,0.14,22.0,41.0,37.0,1.2,19.3,FIELD_0017
409361,"Seaton silt loam, 14 to 18 percent slopes, moderately eroded",Seaton,90,Well drained,0.0,33.0,2.0,6.5,0.23,18.5,11.7,69.8,1.15,17.5,FIELD_0017
409362,"Seaton silt loam, 18 to 25 percent slopes, moderately eroded",Seaton,90,Well drained,0.0,33.0,2.0,6.5,0.23,18.5,11.7,69.8,1.15,17.5,FIELD_0017
409374,"Ladoga silt loam, 9 to 14 percent slopes, eroded",Ladoga,90,Moderately well drained,0.0,15.0,2.5,6.6,0.2,25.0,2.0,73.0,1.33,20.7,FIELD_0017
409377,"Clinton silt loam, 5 to 9 percent slopes",Clinton,90,Moderately well drained,0.0,20.0,2.5,6.3,0.19,22.0,3.0,75.0,1.35,18.5,FIELD_0017
409378,"Clinton silt loam, 5 to 9 percent slopes, eroded",Clinton,90,Moderately well drained,0.0,15.0,2.0,6.3,0.19,22.0,3.0,75.0,1.35,18.4,FIELD_0017
409385,"Judson silty clay loam, 2 to 5 percent slopes",Judson,90,Well drained,0.0,23.0,3.5,6.5,0.13,30.0,4.0,66.0,1.38,25.1,FIELD_0017
409391,"Amana complex, channeled, 0 to 2 percent slopes",Amana,90,Moderately well drained,0.0,41.0,4.0,6.5,0.23,28.5,7.1,64.4,1.25,27.5,FIELD_0017
409289,"Boone fine sandy loam, 18 to 40 percent slopes",Boone,90,Excessively drained,8.0,20.0,0.25,5.5,0.08,2.0,88.0,10.0,1.63,1.3,FIELD_0017
409374,"Ladoga silt loam, 9 to 14 percent slopes, eroded",Ladoga,90,Moderately well drained,15.0,25.0,1.0,6.0,0.19,28.0,2.0,70.0,1.36,22.1,FIELD_0017
409378,"Clinton silt loam, 5 to 9 percent slopes, eroded",Clinton,90,Moderately well drained,15.0,28.0,1.0,5.6,0.19,28.0,3.0,69.0,1.35,22.1,FIELD_0017
409278,"Colo silt loam, 0 to 2 percent slopes, occasionally flooded, overwash",Colo,90,Poorly drained,18.0,28.0,3.5,6.0,0.22,25.0,3.0,72.0,1.28,21.3,FIELD_0017
409277,"Colo silty clay loam, 0 to 2 percent slopes, occasionally flooded",Colo,90,Poorly drained,20.0,36.0,3.5,6.5,0.17,30.0,6.0,64.0,1.31,25.1,FIELD_0017
409283,"Fayette silt loam, till plain, 9 to 14 percent slopes, eroded",Fayette,90,Well drained,20.0,28.0,0.75,6.2,0.17,25.0,3.0,72.0,1.45,20.1,FIELD_0017
409284,"Fayette silt loam, till plain, 14 to 18 percent slopes, eroded",Fayette,90,Well drained,20.0,28.0,0.75,6.2,0.17,25.0,3.0,72.0,1.45,20.1,FIELD_0017
409289,"Boone fine sandy loam, 18 to 40 percent slopes",Boone,90,Excessively drained,20.0,53.0,0.25,5.5,0.08,1.5,89.0,9.5,1.63,1.3,FIELD_0017
409298,"Humeston silt loam, 0 to 2 percent slopes",Humeston,90,Poorly drained,20.0,33.0,3.5,6.5,0.23,26.0,15.0,59.0,1.5,21.6,FIELD_0017
409336,"Spillville loam, 0 to 2 percent slopes, occasionally flooded",Spillville,90,Somewhat poorly drained,20.0,137.0,3.5,6.7,0.14,22.0,41.0,37.0,1.35,19.0,FIELD_0017
409377,"Clinton silt loam, 5 to 9 percent slopes",Clinton,90,Moderately well drained,20.0,38.0,1.0,5.6,0.18,20.0,3.0,77.0,1.35,16.6,FIELD_0017
409385,"Judson silty clay loam, 2 to 5 percent slopes",Judson,90,Well drained,23.0,56.0,3.5,6.5,0.13,30.0,4.0,66.0,1.32,25.1,FIELD_0017
409374,"Ladoga silt loam, 9 to 14 percent slopes, eroded",Ladoga,90,Moderately well drained,25.0,48.0,0.75,5.7,0.18,33.0,2.0,65.0,1.42,25.3,FIELD_0017
409278,"Colo silt loam, 0 to 2 percent slopes, occasionally flooded, overwash",Colo,90,Poorly drained,28.0,56.0,5.0,6.5,0.16,30.0,6.0,64.0,1.29,25.5,FIELD_0017
409283,"Fayette silt loam, till plain, 9 to 14 percent slopes, eroded",Fayette,90,Well drained,28.0,58.0,0.5,5.5,0.18,31.0,3.0,66.0,1.45,24.0,FIELD_0017
409284,"Fayette silt loam, till plain, 14 to 18 percent slopes, eroded",Fayette,90,Well drained,28.0,58.0,0.5,5.5,0.18,31.0,3.0,66.0,1.45,24.0,FIELD_0017
409378,"Clinton silt loam, 5 to 9 percent slopes, eroded",Clinton,90,Moderately well drained,28.0,41.0,0.75,5.4,0.18,33.0,2.0,65.0,1.4,,FIELD_0017
409279,"Colo silty clay loam, 2 to 5 percent slopes, occasionally flooded",Colo,85,Poorly drained,0.0,20.0,5.0,6.5,0.16,30.0,6.0,64.0,1.29,25.5,FIELD_0017
409288,"Landes fine sandy loam, 0 to 2 percent slopes",Landes,85,Moderately well drained,0.0,36.0,2.0,6.7,0.16,12.5,67.3,20.2,1.5,12.5,FIELD_0017
409291,"Nodaway silt loam, 0 to 2 percent slopes",Nodaway,85,Moderately well drained,0.0,18.0,3.0,6.7,0.22,22.5,7.5,70.0,1.3,22.5,FIELD_0017
409324,"Amana silty clay loam, 0 to 2 percent slopes",Amana,85,Somewhat poorly drained,0.0,41.0,4.0,6.5,0.23,28.5,7.1,64.4,1.25,27.5,FIELD_0017
409337,"Ossian silt loam, 0 to 2 percent slopes",Ossian,85,Poorly drained,0.0,18.0,6.0,7.0,0.23,24.5,9.2,66.3,1.28,33.0,FIELD_0017
409339,"Vesser silt loam, 0 to 2 percent slopes",Vesser,85,Poorly drained,0.0,33.0,3.5,6.5,0.22,23.0,9.5,67.5,1.33,27.5,FIELD_0017
409371,"Ladoga silt loam, 5 to 9 percent slopes",Ladoga,85,Moderately well drained,0.0,18.0,3.0,6.6,0.2,25.0,2.0,73.0,1.33,20.8,FIELD_0017
409372,"Ladoga silt loam, 5 to 9 percent slopes, eroded",Ladoga,85,Moderately well drained,0.0,15.0,2.5,6.6,0.2,25.0,2.0,73.0,1.33,20.7,FIELD_0017
409379,"Clinton silt loam, 9 to 14 percent slopes, eroded",Clinton,85,Moderately well drained,0.0,15.0,2.0,6.3,0.19,22.0,3.0,75.0,1.35,18.4,FIELD_0017
409372,"Ladoga silt loam, 5 to 9 percent slopes, eroded",Ladoga,85,Moderately well drained,15.0,25.0,1.0,6.0,0.19,28.0,2.0,70.0,1.36,22.1,FIELD_0017
409379,"Clinton silt loam, 9 to 14 percent slopes, eroded",Clinton,85,Moderately well drained,15.0,28.0,1.0,5.6,0.19,28.0,3.0,69.0,1.35,22.1,FIELD_0017
409291,"Nodaway silt loam, 0 to 2 percent slopes",Nodaway,85,Moderately well drained,18.0,79.0,0.25,6.7,0.22,23.0,7.0,70.0,1.3,22.5,FIELD_0017
409337,"Ossian silt loam, 0 to 2 percent slopes",Ossian,85,Poorly drained,18.0,152.0,2.5,7.2,0.21,28.0,7.1,64.9,1.35,33.0,FIELD_0017
409371,"Ladoga silt loam, 5 to 9 percent slopes",Ladoga,85,Moderately well drained,18.0,25.0,2.0,6.1,0.19,24.0,2.0,74.0,1.4,19.8,FIELD_0017
409279,"Colo silty clay loam, 2 to 5 percent slopes, occasionally flooded",Colo,85,Poorly drained,20.0,36.0,3.5,6.5,0.17,30.0,6.0,64.0,1.31,25.1,FIELD_0017
409371,"Ladoga silt loam, 5 to 9 percent slopes",Ladoga,85,Moderately well drained,25.0,36.0,1.0,6.0,0.19,28.0,2.0,70.0,1.36,22.1,FIELD_0017
409372,"Ladoga silt loam, 5 to 9 percent slopes, eroded",Ladoga,85,Moderately well drained,25.0,48.0,0.75,5.7,0.18,33.0,2.0,65.0,1.42,25.3,FIELD_0017
409379,"Clinton silt loam, 9 to 14 percent slopes, eroded",Clinton,85,Moderately well drained,28.0,41.0,0.75,5.4,0.18,33.0,2.0,65.0,1.4,,FIELD_0017
409317,"Nodaway-Alluvial land complex, 0 to 2 percent slopes",Nodaway,60,Moderately well drained,0.0,18.0,3.0,6.7,0.22,22.5,7.5,70.0,1.3,22.5,FIELD_0017
409317,"Nodaway-Alluvial land complex, 0 to 2 percent slopes",Nodaway,60,Moderately well drained,18.0,79.0,0.25,6.7,0.22,23.0,7.0,70.0,1.3,22.5,FIELD_0017
409272,"Colo-Ely complex, 0 to 5 percent slopes",Colo,50,Poorly drained,0.0,20.0,5.0,6.5,0.16,30.0,6.0,64.0,1.29,25.5,FIELD_0017
409272,"Colo-Ely complex, 0 to 5 percent slopes",Colo,50,Poorly drained,20.0,36.0,3.5,6.5,0.17,30.0,6.0,64.0,1.31,25.1,FIELD_0017
409272,"Colo-Ely complex, 0 to 5 percent slopes",Ely,40,Somewhat poorly drained,0.0,20.0,5.0,6.5,0.17,28.0,4.0,68.0,1.31,23.9,FIELD_0017
409272,"Colo-Ely complex, 0 to 5 percent slopes",Ely,40,Somewhat poorly drained,20.0,61.0,3.5,6.5,0.17,28.0,4.0,68.0,1.28,23.6,FIELD_0017
409317,"Nodaway-Alluvial land complex, 0 to 2 percent slopes",Alluvial land,30,Excessively drained,0.0,18.0,1.25,6.5,0.08,6.0,92.1,1.9,1.53,7.5,FIELD_0017
409317,"Nodaway-Alluvial land complex, 0 to 2 percent slopes",Alluvial land,30,Excessively drained,18.0,66.0,0.25,6.7,0.16,11.5,90.7,,1.55,12.5,FIELD_0017
409278,"Colo silt loam, 0 to 2 percent slopes, occasionally flooded, overwash",Ackmore,10,Somewhat poorly drained,0.0,20.0,2.0,6.5,0.22,22.5,9.5,68.0,1.28,27.5,FIELD_0017
409279,"Colo silty clay loam, 2 to 5 percent slopes, occasionally flooded",Ely,10,Somewhat poorly drained,0.0,20.0,5.5,6.5,0.22,28.5,7.1,64.4,1.33,33.0,FIELD_0017
409317,"Nodaway-Alluvial land complex, 0 to 2 percent slopes",Aquents,10,Poorly drained,0.0,68.0,6.0,6.5,0.22,31.5,6.8,61.7,1.3,38.5,FIELD_0017
409379,"Clinton silt loam, 9 to 14 percent slopes, eroded",Keswick,10,Somewhat poorly drained,0.0,15.0,2.0,5.9,0.18,27.0,18.9,54.1,1.47,22.1,FIELD_0017
409379,"Clinton silt loam, 9 to 14 percent slopes, eroded",Keswick,10,Somewhat poorly drained,15.0,28.0,1.5,5.9,0.18,27.0,18.9,54.1,1.42,21.9,FIELD_0017
409278,"Colo silt loam, 0 to 2 percent slopes, occasionally flooded, overwash",Ackmore,10,Somewhat poorly drained,20.0,64.0,3.0,6.5,0.22,22.5,9.5,68.0,1.28,27.5,FIELD_0017
409279,"Colo silty clay loam, 2 to 5 percent slopes, occasionally flooded",Ely,10,Somewhat poorly drained,20.0,81.0,5.0,6.5,0.22,28.5,7.1,64.4,1.33,33.0,FIELD_0017
409379,"Clinton silt loam, 9 to 14 percent slopes, eroded",Keswick,10,Somewhat poorly drained,28.0,46.0,0.5,5.9,0.14,33.5,34.2,32.3,1.56,25.2,FIELD_0017
409336,"Spillville loam, 0 to 2 percent slopes, occasionally flooded",Sigglekov,5,Somewhat poorly drained,,,,,,,,,,,FIELD_0017
3051920,"Pits, limestone quarry",Water,5,,,,,,,,,,,,FIELD_0017
409272,"Colo-Ely complex, 0 to 5 percent slopes",Colo,5,Poorly drained,0.0,20.0,5.0,6.5,0.16,30.0,6.0,64.0,1.29,25.5,FIELD_0017
409272,"Colo-Ely complex, 0 to 5 percent slopes",Judson,5,Well drained,0.0,20.0,4.5,6.5,0.22,29.5,7.0,63.5,1.33,27.5,FIELD_0017
409277,"Colo silty clay loam, 0 to 2 percent slopes, occasionally flooded",Ely,5,Somewhat poorly drained,0.0,20.0,5.5,6.5,0.22,28.5,7.1,64.4,1.33,33.0,FIELD_0017
409277,"Colo silty clay loam, 0 to 2 percent slopes, occasionally flooded",Zook,5,Poorly drained,0.0,18.0,3.9,6.1,0.22,36.3,2.4,61.3,1.43,29.7,FIELD_0017
409279,"Colo silty clay loam, 2 to 5 percent slopes, occasionally flooded",Colo,5,Poorly drained,0.0,20.0,5.0,6.5,0.16,30.0,6.0,64.0,1.29,25.5,FIELD_0017
409283,"Fayette silt loam, till plain, 9 to 14 percent slopes, eroded",Keswick,5,Somewhat poorly drained,0.0,10.0,1.5,5.9,0.2,14.8,46.9,38.3,1.39,13.0,FIELD_0017
409283,"Fayette silt loam, till plain, 9 to 14 percent slopes, eroded",Lindley,5,Well drained,0.0,8.0,1.7,4.2,0.21,11.0,45.0,44.0,1.3,,FIELD_0017
409284,"Fayette silt loam, till plain, 14 to 18 percent slopes, eroded",Keswick,5,Somewhat poorly drained,0.0,10.0,1.5,5.9,0.2,14.8,46.9,38.3,1.39,13.0,FIELD_0017
409284,"Fayette silt loam, till plain, 14 to 18 percent slopes, eroded",Lindley,5,Well drained,0.0,8.0,1.7,4.2,0.21,11.0,45.0,44.0,1.3,,FIELD_0017
409288,"Landes fine sandy loam, 0 to 2 percent slopes",Coland,5,Poorly drained,0.0,84.0,6.0,6.5,0.22,31.5,,,1.3,38.5,FIELD_0017
409288,"Landes fine sandy loam, 0 to 2 percent slopes",Nodaway,5,Moderately well drained,0.0,18.0,3.0,6.7,0.22,22.5,7.5,70.0,1.3,22.5,FIELD_0017
409289,"Boone fine sandy loam, 18 to 40 percent slopes",Chelsea,5,Excessively drained,0.0,86.0,1.0,6.5,0.13,11.5,,,1.53,7.5,FIELD_0017
409289,"Boone fine sandy loam, 18 to 40 percent slopes",Munterville,5,Moderately well drained,0.0,10.0,2.5,6.2,0.15,24.0,15.0,61.0,1.35,16.9,FIELD_0017
409290,"Kennebec silt loam, 0 to 2 percent slopes",Colo,5,Poorly drained,0.0,84.0,6.0,6.5,0.22,31.5,,,1.3,38.5,FIELD_0017
409291,"Nodaway silt loam, 0 to 2 percent slopes",Aquents,5,Poorly drained,0.0,68.0,6.0,6.5,0.22,31.5,6.8,61.7,1.3,38.5,FIELD_0017
409291,"Nodaway silt loam, 0 to 2 percent slopes",Colo,5,Poorly drained,0.0,84.0,6.0,6.5,0.22,31.5,,,1.3,38.5,FIELD_0017
409291,"Nodaway silt loam, 0 to 2 percent slopes",Landes,5,Moderately well drained,0.0,36.0,2.0,6.7,0.16,12.5,67.3,20.2,1.5,12.5,FIELD_0017
409298,"Humeston silt loam, 0 to 2 percent slopes",Colo,5,Poorly drained,0.0,84.0,6.0,6.5,0.22,31.5,,,1.3,38.5,FIELD_0017
409298,"Humeston silt loam, 0 to 2 percent slopes",Zook,5,Poorly drained,0.0,53.0,6.0,6.5,0.22,37.5,,,1.33,38.5,FIELD_0017
409324,"Amana silty clay loam, 0 to 2 percent slopes",Colo,5,Poorly drained,0.0,84.0,6.0,6.5,0.22,31.5,,,1.3,38.5,FIELD_0017
409324,"Amana silty clay loam, 0 to 2 percent slopes",Kennebec,5,Moderately well drained,0.0,124.0,5.0,6.5,0.23,24.5,,,1.3,33.0,FIELD_0017
409335,"Radford silt loam, 0 to 2 percent slopes",Colo,5,Poorly drained,0.0,84.0,6.0,6.5,0.22,31.5,,,1.3,38.5,FIELD_0017
409335,"Radford silt loam, 0 to 2 percent slopes",Zook,5,Poorly drained,0.0,53.0,6.0,6.5,0.22,37.5,,,1.33,38.5,FIELD_0017
409336,"Spillville loam, 0 to 2 percent slopes, occasionally flooded",Coland,5,Poorly drained,0.0,20.0,6.0,6.3,0.13,30.0,28.0,42.0,1.17,25.6,FIELD_0017
409337,"Ossian silt loam, 0 to 2 percent slopes",Amana,5,Somewhat poorly drained,0.0,41.0,4.0,6.5,0.23,28.5,,,1.25,27.5,FIELD_0017
409337,"Ossian silt loam, 0 to 2 percent slopes",Colo,5,Poorly drained,0.0,84.0,6.0,6.5,0.22,31.5,,,1.3,38.5,FIELD_0017
409339,"Vesser silt loam, 0 to 2 percent slopes",Colo,5,Poorly drained,0.0,84.0,6.0,6.5,0.22,31.5,,,1.3,38.5,FIELD_0017
409339,"Vesser silt loam, 0 to 2 percent slopes",Humeston,5,Poorly drained,0.0,51.0,3.5,6.2,0.22,25.5,,,1.38,27.5,FIELD_0017
409342,"Zook silty clay loam, 0 to 2 percent slopes, occasionally flooded",Colo,5,Poorly drained,0.0,20.0,5.0,6.5,0.16,30.0,6.0,64.0,1.29,25.5,FIELD_0017
409349,"Hedrick silt loam, 5 to 9 percent slopes",Clinton,5,Moderately well drained,0.0,20.0,2.5,6.2,0.21,21.0,2.5,76.5,1.35,17.8,FIELD_0017
409350,"Hedrick silt loam, 5 to 9 percent slopes, moderately eroded",Clinton,5,Moderately well drained,0.0,20.0,1.5,6.2,0.19,30.5,2.5,67.0,1.35,24.1,FIELD_0017
409359,"Lindley loam, 18 to 25 percent slopes, moderately eroded",Keswick,5,Somewhat poorly drained,0.0,6.0,0.75,5.9,0.15,25.0,24.0,51.0,1.4,19.9,FIELD_0017
409361,"Seaton silt loam, 14 to 18 percent slopes, moderately eroded",Chelsea,5,Excessively drained,0.0,86.0,0.5,6.5,0.13,11.5,,,1.53,7.5,FIELD_0017
409361,"Seaton silt loam, 14 to 18 percent slopes, moderately eroded",Timula,5,,0.0,15.0,2.0,7.3,0.22,14.0,14.2,71.8,1.45,17.5,FIELD_0017
409362,"Seaton silt loam, 18 to 25 percent slopes, moderately eroded",Chelsea,5,Excessively drained,0.0,86.0,0.5,6.5,0.13,11.5,,,1.53,7.5,FIELD_0017
409362,"Seaton silt loam, 18 to 25 percent slopes, moderately eroded",Timula,5,,0.0,15.0,2.0,7.0,0.22,14.0,14.2,71.8,1.45,17.5,FIELD_0017
409370,"Ladoga silt loam, 2 to 5 percent slopes",Givin,5,Somewhat poorly drained,0.0,20.0,2.5,6.5,0.23,22.0,26.0,52.0,1.35,22.5,FIELD_0017
409371,"Ladoga silt loam, 5 to 9 percent slopes",Hedrick,5,Moderately well drained,0.0,20.0,3.0,6.5,0.22,21.5,11.2,67.3,1.33,22.5,FIELD_0017
409371,"Ladoga silt loam, 5 to 9 percent slopes",Ladoga,5,Moderately well drained,0.0,15.0,2.5,6.0,0.19,28.0,2.0,70.0,1.36,22.8,FIELD_0017
409371,"Ladoga silt loam, 5 to 9 percent slopes",Rinda,5,Poorly drained,0.0,33.0,3.0,6.2,0.23,24.5,24.1,51.4,1.48,33.0,FIELD_0017
409372,"Ladoga silt loam, 5 to 9 percent slopes, eroded",Hedrick,5,Moderately well drained,0.0,18.0,2.5,6.5,0.21,30.5,6.9,62.6,1.33,22.5,FIELD_0017
409372,"Ladoga silt loam, 5 to 9 percent slopes, eroded",Ladoga,5,Moderately well drained,0.0,10.0,1.5,6.0,0.19,30.0,2.0,68.0,1.36,23.8,FIELD_0017
409372,"Ladoga silt loam, 5 to 9 percent slopes, eroded",Rinda,5,Poorly drained,0.0,20.0,2.5,6.2,0.19,35.0,5.0,60.0,1.48,27.6,FIELD_0017
409374,"Ladoga silt loam, 9 to 14 percent slopes, eroded",Armstrong,5,Somewhat poorly drained,0.0,15.0,2.5,6.5,0.18,24.0,30.0,46.0,1.48,24.2,FIELD_0017
409374,"Ladoga silt loam, 9 to 14 percent slopes, eroded",Gara,5,Well drained,0.0,15.0,2.5,6.0,0.17,22.1,33.3,44.6,1.53,19.0,FIELD_0017
409376,"Clinton silt loam, 2 to 5 percent slopes",Keomah,5,Somewhat poorly drained,0.0,20.0,2.5,5.9,0.23,21.0,26.3,52.7,1.35,17.8,FIELD_0017
409377,"Clinton silt loam, 5 to 9 percent slopes",Ashgrove,5,Poorly drained,0.0,20.0,2.0,5.9,0.18,24.5,20.9,54.6,1.48,20.2,FIELD_0017
409377,"Clinton silt loam, 5 to 9 percent slopes",Clinton,5,Moderately well drained,0.0,15.0,2.0,6.3,0.19,22.0,3.0,75.0,1.35,18.4,FIELD_0017
409378,"Clinton silt loam, 5 to 9 percent slopes, eroded",Ashgrove,5,Poorly drained,0.0,15.0,1.5,5.9,0.18,24.5,20.9,54.6,1.48,20.0,FIELD_0017
409378,"Clinton silt loam, 5 to 9 percent slopes, eroded",Clinton,5,Moderately well drained,0.0,10.0,1.0,6.3,0.2,32.0,3.0,65.0,1.43,24.8,FIELD_0017
409379,"Clinton silt loam, 9 to 14 percent slopes, eroded",Clinton,5,Moderately well drained,0.0,10.0,1.0,6.3,0.2,32.0,3.0,65.0,1.43,24.8,FIELD_0017
409385,"Judson silty clay loam, 2 to 5 percent slopes",Colo,5,Poorly drained,0.0,20.0,5.0,6.5,0.12,30.0,6.0,64.0,1.31,25.5,FIELD_0017
409385,"Judson silty clay loam, 2 to 5 percent slopes",Ely,5,Somewhat poorly drained,0.0,20.0,5.0,6.5,0.13,28.0,4.0,68.0,1.31,23.9,FIELD_0017
409391,"Amana complex, channeled, 0 to 2 percent slopes",Aquents,5,Poorly drained,0.0,68.0,6.0,6.5,0.22,31.5,6.8,61.7,1.3,38.5,FIELD_0017
409391,"Amana complex, channeled, 0 to 2 percent slopes",Perks,5,Excessively drained,0.0,13.0,1.0,7.5,0.07,3.5,79.9,16.6,1.35,7.5,FIELD_0017
3051916,"Water, rivers and streams",Riverwash,5,Very poorly drained,0.0,200.0,0.25,6.5,0.03,6.0,92.0,1.9,1.63,4.5,FIELD_0017
409359,"Lindley loam, 18 to 25 percent slopes, moderately eroded",Keswick,5,Somewhat poorly drained,6.0,24.0,0.25,5.7,0.14,28.0,26.0,46.0,1.46,21.1,FIELD_0017
409283,"Fayette silt loam, till plain, 9 to 14 percent slopes, eroded",Lindley,5,Well drained,8.0,15.0,1.0,4.4,0.2,9.3,44.3,46.4,1.3,,FIELD_0017
409284,"Fayette silt loam, till plain, 14 to 18 percent slopes, eroded",Lindley,5,Well drained,8.0,15.0,1.0,4.4,0.2,9.3,44.3,46.4,1.3,,FIELD_0017
409283,"Fayette silt loam, till plain, 9 to 14 percent slopes, eroded",Keswick,5,Somewhat poorly drained,10.0,135.0,0.75,4.6,0.12,37.0,26.0,37.0,1.58,,FIELD_0017
409284,"Fayette silt loam, till plain, 14 to 18 percent slopes, eroded",Keswick,5,Somewhat poorly drained,10.0,135.0,0.75,4.6,0.12,37.0,26.0,37.0,1.58,,FIELD_0017
409289,"Boone fine sandy loam, 18 to 40 percent slopes",Munterville,5,Moderately well drained,10.0,20.0,1.5,6.2,0.15,25.0,20.0,55.0,1.35,16.0,FIELD_0017
409372,"Ladoga silt loam, 5 to 9 percent slopes, eroded",Ladoga,5,Moderately well drained,10.0,25.0,0.75,5.7,0.18,33.0,2.0,65.0,1.42,25.3,FIELD_0017
409378,"Clinton silt loam, 5 to 9 percent slopes, eroded",Clinton,5,Moderately well drained,10.0,41.0,0.5,5.4,0.18,33.0,2.0,65.0,1.4,,FIELD_0017
409379,"Clinton silt loam, 9 to 14 percent slopes, eroded",Clinton,5,Moderately well drained,10.0,41.0,0.5,5.4,0.18,33.0,2.0,65.0,1.4,,FIELD_0017
409391,"Amana complex, channeled, 0 to 2 percent slopes",Perks,5,Excessively drained,13.0,152.0,0.75,7.5,0.07,3.5,95.0,1.5,1.35,4.0,FIELD_0017
409283,"Fayette silt loam, till plain, 9 to 14 percent slopes, eroded",Lindley,5,Well drained,15.0,76.0,0.4,5.4,0.16,33.2,38.6,28.2,1.5,,FIELD_0017
409284,"Fayette silt loam, till plain, 14 to 18 percent slopes, eroded",Lindley,5,Well drained,15.0,76.0,0.4,5.4,0.16,33.2,38.6,28.2,1.5,,FIELD_0017
409361,"Seaton silt loam, 14 to 18 percent slopes, moderately eroded",Timula,5,,15.0,152.0,0.35,7.9,0.19,14.0,14.2,71.8,1.5,9.0,FIELD_0017
409362,"Seaton silt loam, 18 to 25 percent slopes, moderately eroded",Timula,5,,15.0,152.0,0.35,7.9,0.19,14.0,14.2,71.8,1.5,9.0,FIELD_0017
409371,"Ladoga silt loam, 5 to 9 percent slopes",Ladoga,5,Moderately well drained,15.0,25.0,1.0,6.0,0.19,28.0,2.0,70.0,1.36,22.1,FIELD_0017
409374,"Ladoga silt loam, 9 to 14 percent slopes, eroded",Armstrong,5,Somewhat poorly drained,15.0,36.0,0.75,5.5,0.15,30.0,37.5,32.5,1.6,24.9,FIELD_0017
409374,"Ladoga silt loam, 9 to 14 percent slopes, eroded",Gara,5,Well drained,15.0,30.0,1.5,5.5,0.17,21.6,39.4,39.0,1.53,18.4,FIELD_0017
409377,"Clinton silt loam, 5 to 9 percent slopes",Clinton,5,Moderately well drained,15.0,28.0,1.0,5.6,0.19,28.0,3.0,69.0,1.35,22.1,FIELD_0017
409378,"Clinton silt loam, 5 to 9 percent slopes, eroded",Ashgrove,5,Poorly drained,15.0,25.0,0.5,5.5,0.18,35.0,8.0,57.0,1.48,26.2,FIELD_0017
409277,"Colo silty clay loam, 0 to 2 percent slopes, occasionally flooded",Zook,5,Poorly drained,18.0,51.0,2.6,6.1,0.22,36.6,3.5,59.9,1.3,28.5,FIELD_0017
409288,"Landes fine sandy loam, 0 to 2 percent slopes",Nodaway,5,Moderately well drained,18.0,79.0,0.25,6.7,0.22,23.0,7.0,70.0,1.3,22.5,FIELD_0017
409372,"Ladoga silt loam, 5 to 9 percent slopes, eroded",Hedrick,5,Moderately well drained,18.0,122.0,0.5,5.8,0.19,32.0,6.7,61.3,1.38,22.5,FIELD_0017
409272,"Colo-Ely complex, 0 to 5 percent slopes",Colo,5,Poorly drained,20.0,36.0,3.5,6.5,0.17,30.0,6.0,64.0,1.31,25.1,FIELD_0017
409272,"Colo-Ely complex, 0 to 5 percent slopes",Judson,5,Well drained,20.0,71.0,3.5,6.5,0.22,29.5,7.0,63.5,1.33,27.5,FIELD_0017
409277,"Colo silty clay loam, 0 to 2 percent slopes, occasionally flooded",Ely,5,Somewhat poorly drained,20.0,81.0,5.0,6.5,0.22,28.5,7.1,64.4,1.33,33.0,FIELD_0017
409279,"Colo silty clay loam, 2 to 5 percent slopes, occasionally flooded",Colo,5,Poorly drained,20.0,36.0,3.5,6.5,0.17,30.0,6.0,64.0,1.31,25.1,FIELD_0017
409289,"Boone fine sandy loam, 18 to 40 percent slopes",Munterville,5,Moderately well drained,20.0,43.0,0.25,6.1,0.13,39.0,15.0,46.0,1.55,17.7,FIELD_0017
409336,"Spillville loam, 0 to 2 percent slopes, occasionally flooded",Coland,5,Poorly drained,20.0,81.0,4.5,6.3,0.13,30.0,28.0,42.0,1.25,25.4,FIELD_0017
409342,"Zook silty clay loam, 0 to 2 percent slopes, occasionally flooded",Colo,5,Poorly drained,20.0,36.0,3.5,6.5,0.17,30.0,6.0,64.0,1.31,25.1,FIELD_0017
409349,"Hedrick silt loam, 5 to 9 percent slopes",Clinton,5,Moderately well drained,20.0,38.0,1.0,6.2,0.21,21.0,2.5,76.5,1.35,17.3,FIELD_0017
409350,"Hedrick silt loam, 5 to 9 percent slopes, moderately eroded",Clinton,5,Moderately well drained,20.0,25.0,0.25,6.2,0.19,30.5,2.5,67.0,1.35,22.8,FIELD_0017
409370,"Ladoga silt loam, 2 to 5 percent slopes",Givin,5,Somewhat poorly drained,20.0,41.0,0.75,6.5,0.23,22.0,26.0,52.0,1.35,22.5,FIELD_0017
409371,"Ladoga silt loam, 5 to 9 percent slopes",Hedrick,5,Moderately well drained,20.0,58.0,0.5,5.8,0.19,32.0,6.7,61.3,1.38,22.5,FIELD_0017
409372,"Ladoga silt loam, 5 to 9 percent slopes, eroded",Rinda,5,Poorly drained,20.0,40.0,0.75,6.2,0.19,35.0,5.0,60.0,1.48,26.6,FIELD_0017
409376,"Clinton silt loam, 2 to 5 percent slopes",Keomah,5,Somewhat poorly drained,20.0,46.0,2.0,5.9,0.19,21.0,26.3,52.7,1.4,17.7,FIELD_0017
409377,"Clinton silt loam, 5 to 9 percent slopes",Ashgrove,5,Poorly drained,20.0,28.0,1.0,5.5,0.18,35.0,8.0,57.0,1.48,26.8,FIELD_0017
409385,"Judson silty clay loam, 2 to 5 percent slopes",Colo,5,Poorly drained,20.0,36.0,3.5,6.5,0.13,30.0,6.0,64.0,1.31,25.1,FIELD_0017
409385,"Judson silty clay loam, 2 to 5 percent slopes",Ely,5,Somewhat poorly drained,20.0,61.0,3.5,6.5,0.14,28.0,4.0,68.0,1.28,23.6,FIELD_0017
409359,"Lindley loam, 18 to 25 percent slopes, moderately eroded",Keswick,5,Somewhat poorly drained,24.0,105.0,0.25,5.6,0.12,41.0,32.0,27.0,1.48,29.4,FIELD_0017
409350,"Hedrick silt loam, 5 to 9 percent slopes, moderately eroded",Clinton,5,Moderately well drained,25.0,168.0,0.25,5.3,0.18,39.0,2.5,58.5,1.4,,FIELD_0017
409371,"Ladoga silt loam, 5 to 9 percent slopes",Ladoga,5,Moderately well drained,25.0,48.0,0.75,5.7,0.18,33.0,2.0,65.0,1.42,25.3,FIELD_0017
409372,"Ladoga silt loam, 5 to 9 percent slopes, eroded",Ladoga,5,Moderately well drained,25.0,64.0,0.75,5.5,0.18,38.0,2.0,60.0,1.42,28.5,FIELD_0017
409378,"Clinton silt loam, 5 to 9 percent slopes, eroded",Ashgrove,5,Poorly drained,25.0,38.0,0.25,5.5,0.17,40.0,8.0,52.0,1.48,28.7,FIELD_0017
409377,"Clinton silt loam, 5 to 9 percent slopes",Ashgrove,5,Poorly drained,28.0,38.0,0.25,5.5,0.17,40.0,8.0,52.0,1.48,28.7,FIELD_0017
409377,"Clinton silt loam, 5 to 9 percent slopes",Clinton,5,Moderately well drained,28.0,41.0,0.75,5.4,0.18,33.0,2.0,65.0,1.4,,FIELD_0017
409288,"Landes fine sandy loam, 0 to 2 percent slopes",Amana,3,Somewhat poorly drained,0.0,41.0,4.0,6.5,0.23,28.5,,,1.25,27.5,FIELD_0017
409324,"Amana silty clay loam, 0 to 2 percent slopes",Zook,3,Poorly drained,0.0,53.0,6.0,6.5,0.22,37.5,,,1.33,38.5,FIELD_0017
409337,"Ossian silt loam, 0 to 2 percent slopes",Zook,3,Poorly drained,0.0,53.0,6.0,6.5,0.22,37.5,,,1.33,38.5,FIELD_0017
409339,"Vesser silt loam, 0 to 2 percent slopes",Amana,3,Somewhat poorly drained,0.0,41.0,4.0,6.5,0.23,28.5,,,1.25,27.5,FIELD_0017
409288,"Landes fine sandy loam, 0 to 2 percent slopes",Flagler,2,Somewhat excessively drained,0.0,56.0,2.5,6.5,0.13,15.0,,,1.53,17.5,FIELD_0017
409324,"Amana silty clay loam, 0 to 2 percent slopes",Ossian,2,Poorly drained,0.0,38.0,4.0,6.5,0.23,23.0,9.5,67.5,1.28,27.5,FIELD_0017
409337,"Ossian silt loam, 0 to 2 percent slopes",Kennebec,2,Moderately well drained,0.0,124.0,5.0,6.5,0.23,24.5,,,1.3,33.0,FIELD_0017
409339,"Vesser silt loam, 0 to 2 percent slopes",Zook,2,Poorly drained,0.0,53.0,6.0,6.5,0.22,37.5,,,1.33,38.5,FIELD_0017
2521252,"Marshall silty clay loam, 2 to 5 percent slopes",Marshall,100,Well drained,0.0,18.0,3.3,5.9,0.22,31.0,3.0,66.0,1.24,22.3,FIELD_0018
2521252,"Marshall silty clay loam, 2 to 5 percent slopes",Marshall,100,Well drained,18.0,56.0,2.7,6.0,0.22,32.0,3.0,65.0,1.22,22.5,FIELD_0018
2521091,"Higginsville silty clay loam, 9 to 14 percent slopes, eroded",Higginsville,90,Somewhat poorly drained,0.0,20.0,1.9,7.3,0.22,32.7,3.1,64.2,1.35,16.5,FIELD_0018
2521097,"Judson silty clay loam, deep loess, 2 to 5 percent slopes",Judson,90,Well drained,0.0,23.0,3.8,5.8,0.22,29.0,4.0,67.0,1.31,24.4,FIELD_0018
2521091,"Higginsville silty clay loam, 9 to 14 percent slopes, eroded",Higginsville,90,Somewhat poorly drained,20.0,114.0,1.0,6.1,0.19,31.8,3.9,64.3,1.35,12.0,FIELD_0018
2521097,"Judson silty clay loam, deep loess, 2 to 5 percent slopes",Judson,90,Well drained,23.0,56.0,2.6,6.1,0.19,30.0,4.0,66.0,1.26,24.8,FIELD_0018
2521267,"Marshall silty clay loam, 5 to 9 percent slopes, eroded",Marshall,80,Well drained,0.0,17.0,3.0,6.0,0.22,33.0,3.0,64.0,1.36,27.2,FIELD_0018
2959500,"Shelby clay loam, deep loess, 9 to 14 percent slopes, eroded",Shelby,80,Well drained,0.0,18.0,2.9,6.2,0.18,30.0,33.0,37.0,1.38,24.9,FIELD_0018
2521267,"Marshall silty clay loam, 5 to 9 percent slopes, eroded",Marshall,80,Well drained,17.0,150.0,0.8,6.3,0.19,29.0,4.0,67.0,1.28,22.4,FIELD_0018
2959500,"Shelby clay loam, deep loess, 9 to 14 percent slopes, eroded",Shelby,80,Well drained,18.0,93.0,1.1,6.1,0.16,34.0,30.0,36.0,1.46,26.9,FIELD_0018
2521271,"Marshall silty clay loam, 9 to 14 percent slopes, eroded",Marshall,75,Well drained,0.0,17.0,3.0,6.0,0.22,33.0,3.0,64.0,1.36,27.2,FIELD_0018
2521271,"Marshall silty clay loam, 9 to 14 percent slopes, eroded",Marshall,75,Well drained,17.0,150.0,0.8,6.3,0.19,29.0,4.0,67.0,1.28,22.4,FIELD_0018
2671841,"Colo, frequently flooded-Judson silty clay loams, 0 to 5 percent slopes",Colo,51,Poorly drained,0.0,20.0,6.0,6.3,0.22,30.0,6.0,64.0,1.27,25.6,FIELD_0018
2671841,"Colo, frequently flooded-Judson silty clay loams, 0 to 5 percent slopes",Colo,51,Poorly drained,20.0,86.0,3.0,6.4,0.19,31.0,6.0,63.0,1.23,25.7,FIELD_0018
2671841,"Colo, frequently flooded-Judson silty clay loams, 0 to 5 percent slopes",Judson,46,Well drained,0.0,23.0,3.8,5.8,0.22,29.0,4.0,67.0,1.31,24.4,FIELD_0018
2671841,"Colo, frequently flooded-Judson silty clay loams, 0 to 5 percent slopes",Judson,46,Well drained,23.0,56.0,2.6,6.1,0.19,30.0,4.0,66.0,1.26,24.8,FIELD_0018
2521267,"Marshall silty clay loam, 5 to 9 percent slopes, eroded",Exira,10,Well drained,0.0,13.0,2.1,5.9,0.22,31.0,3.0,66.0,1.33,25.4,FIELD_0018
2521267,"Marshall silty clay loam, 5 to 9 percent slopes, eroded",Marshall,10,Well drained,0.0,18.0,3.3,5.9,0.22,31.0,3.0,66.0,1.24,22.3,FIELD_0018
2521271,"Marshall silty clay loam, 9 to 14 percent slopes, eroded",Exira,10,Well drained,0.0,13.0,2.1,5.9,0.22,31.0,3.0,66.0,1.33,25.4,FIELD_0018
2521267,"Marshall silty clay loam, 5 to 9 percent slopes, eroded",Exira,10,Well drained,13.0,91.0,0.4,6.8,0.19,27.0,3.0,70.0,1.27,21.0,FIELD_0018
2521271,"Marshall silty clay loam, 9 to 14 percent slopes, eroded",Exira,10,Well drained,13.0,91.0,0.4,6.8,0.19,27.0,3.0,70.0,1.27,21.0,FIELD_0018
2521267,"Marshall silty clay loam, 5 to 9 percent slopes, eroded",Marshall,10,Well drained,18.0,56.0,2.7,6.0,0.22,32.0,3.0,65.0,1.22,22.5,FIELD_0018
2521091,"Higginsville silty clay loam, 9 to 14 percent slopes, eroded",Sampsel,5,Poorly drained,0.0,20.0,4.8,5.9,0.23,31.6,3.9,64.5,1.4,29.4,FIELD_0018
2521091,"Higginsville silty clay loam, 9 to 14 percent slopes, eroded",Sibley,5,Well drained,0.0,23.0,2.8,6.6,0.23,23.5,6.8,69.7,1.3,16.7,FIELD_0018
2521097,"Judson silty clay loam, deep loess, 2 to 5 percent slopes",Ackmore,5,Somewhat poorly drained,0.0,15.0,2.0,5.9,0.22,24.0,5.0,71.0,1.41,20.1,FIELD_0018
2521097,"Judson silty clay loam, deep loess, 2 to 5 percent slopes",Colo,5,Poorly drained,0.0,20.0,6.0,6.3,0.22,30.0,6.0,64.0,1.27,25.6,FIELD_0018
2521271,"Marshall silty clay loam, 9 to 14 percent slopes, eroded",Judson,5,Well drained,0.0,23.0,3.5,5.8,0.22,29.0,6.0,65.0,1.38,24.4,FIELD_0018
2521271,"Marshall silty clay loam, 9 to 14 percent slopes, eroded",Marshall,5,Well drained,0.0,18.0,3.3,5.9,0.22,31.0,3.0,66.0,1.24,22.3,FIELD_0018
2521271,"Marshall silty clay loam, 9 to 14 percent slopes, eroded",Shelby,5,Well drained,0.0,18.0,2.9,6.2,0.18,30.0,33.0,37.0,1.38,24.9,FIELD_0018
2959500,"Shelby clay loam, deep loess, 9 to 14 percent slopes, eroded",Adair,5,Somewhat poorly drained,0.0,18.0,2.7,6.2,0.18,32.0,22.5,45.5,1.5,25.7,FIELD_0018
2959500,"Shelby clay loam, deep loess, 9 to 14 percent slopes, eroded",Burchard,5,Well drained,0.0,8.0,1.5,6.5,0.18,28.0,38.4,33.6,1.5,22.8,FIELD_0018
2959500,"Shelby clay loam, deep loess, 9 to 14 percent slopes, eroded",Exira,5,Well drained,0.0,13.0,2.1,5.9,0.22,31.0,3.0,66.0,1.33,25.4,FIELD_0018
2959500,"Shelby clay loam, deep loess, 9 to 14 percent slopes, eroded",Olmitz,5,Moderately well drained,0.0,18.0,3.5,6.5,0.21,25.5,40.0,34.5,1.53,21.7,FIELD_0018
2959500,"Shelby clay loam, deep loess, 9 to 14 percent slopes, eroded",Burchard,5,Well drained,8.0,33.0,1.5,7.3,0.16,31.0,35.4,33.6,1.5,25.0,FIELD_0018
2959500,"Shelby clay loam, deep loess, 9 to 14 percent slopes, eroded",Exira,5,Well drained,13.0,91.0,0.4,6.8,0.19,27.0,3.0,70.0,1.27,21.0,FIELD_0018
2521097,"Judson silty clay loam, deep loess, 2 to 5 percent slopes",Ackmore,5,Somewhat poorly drained,15.0,64.0,2.0,6.3,0.22,26.0,5.0,69.0,1.36,21.6,FIELD_0018
2521271,"Marshall silty clay loam, 9 to 14 percent slopes, eroded",Marshall,5,Well drained,18.0,56.0,2.7,6.0,0.22,32.0,3.0,65.0,1.22,22.5,FIELD_0018
2521271,"Marshall silty clay loam, 9 to 14 percent slopes, eroded",Shelby,5,Well drained,18.0,93.0,1.1,6.1,0.16,34.0,30.0,36.0,1.46,26.9,FIELD_0018
2959500,"Shelby clay loam, deep loess, 9 to 14 percent slopes, eroded",Adair,5,Somewhat poorly drained,18.0,43.0,0.75,5.8,0.1,49.0,25.0,26.0,1.33,35.5,FIELD_0018
2959500,"Shelby clay loam, deep loess, 9 to 14 percent slopes, eroded",Olmitz,5,Moderately well drained,18.0,76.0,2.5,6.2,0.16,28.0,35.0,37.0,1.45,23.3,FIELD_0018
2521091,"Higginsville silty clay loam, 9 to 14 percent slopes, eroded",Sampsel,5,Poorly drained,20.0,152.0,0.86,7.1,0.12,39.2,3.2,57.6,1.5,27.7,FIELD_0018
2521097,"Judson silty clay loam, deep loess, 2 to 5 percent slopes",Colo,5,Poorly drained,20.0,86.0,3.0,6.4,0.19,31.0,6.0,63.0,1.23,25.7,FIELD_0018
2521091,"Higginsville silty clay loam, 9 to 14 percent slopes, eroded",Sibley,5,Well drained,23.0,132.0,1.2,6.5,0.19,33.7,4.1,62.2,1.45,22.6,FIELD_0018
2521271,"Marshall silty clay loam, 9 to 14 percent slopes, eroded",Judson,5,Well drained,23.0,56.0,2.6,6.2,0.22,29.0,4.0,67.0,1.31,24.1,FIELD_0018
2671841,"Colo, frequently flooded-Judson silty clay loams, 0 to 5 percent slopes",Shelby,3,Well drained,0.0,18.0,3.3,6.0,0.18,26.0,34.0,40.0,1.39,22.0,FIELD_0018
2671841,"Colo, frequently flooded-Judson silty clay loams, 0 to 5 percent slopes",Shelby,3,Well drained,18.0,28.0,2.5,6.1,0.18,33.0,32.0,35.0,1.42,27.0,FIELD_0018
2671841,"Colo, frequently flooded-Judson silty clay loams, 0 to 5 percent slopes",Shelby,3,Well drained,28.0,117.0,1.1,6.1,0.16,34.0,30.0,36.0,1.46,26.9,FIELD_0018
2216760,"Mixed alluvial land, 0 to 6 percent slopes",Mixed alluvial land,95,Poorly drained,,,,,,,,,,,FIELD_0019
2216735,"Fayette silt loam, 2 to 6 percent slopes",Fayette,85,Well drained,0.0,20.0,2.0,6.2,0.21,21.0,4.0,75.0,1.42,17.8,FIELD_0019
2216736,"Fayette silt loam, 12 to 20 percent slopes, moderately eroded",Fayette,85,Well drained,0.0,20.0,2.0,6.2,0.21,21.0,4.0,75.0,1.42,17.8,FIELD_0019
2216738,"Fayette silt loam, 6 to 12 percent slopes, moderately eroded",Fayette,85,Well drained,0.0,20.0,2.0,6.2,0.21,21.0,4.0,75.0,1.42,17.8,FIELD_0019
2216741,"Fayette silt loam, 18 to 35 percent slopes, moderately eroded",Fayette,85,Well drained,0.0,8.0,2.5,6.2,0.21,21.0,4.0,75.0,1.3,18.0,FIELD_0019
2216741,"Fayette silt loam, 18 to 35 percent slopes, moderately eroded",Fayette,85,Well drained,8.0,28.0,0.5,6.2,0.21,21.0,4.0,75.0,1.5,16.9,FIELD_0019
2216735,"Fayette silt loam, 2 to 6 percent slopes",Fayette,85,Well drained,20.0,28.0,0.5,6.2,0.21,24.0,4.0,72.0,1.4,19.0,FIELD_0019
2216736,"Fayette silt loam, 12 to 20 percent slopes, moderately eroded",Fayette,85,Well drained,20.0,28.0,0.5,6.2,0.21,24.0,4.0,72.0,1.4,19.0,FIELD_0019
2216738,"Fayette silt loam, 6 to 12 percent slopes, moderately eroded",Fayette,85,Well drained,20.0,28.0,0.5,6.2,0.21,24.0,4.0,72.0,1.4,19.0,FIELD_0019
2216735,"Fayette silt loam, 2 to 6 percent slopes",Fayette,85,Well drained,28.0,58.0,0.5,5.8,0.19,27.0,4.0,69.0,1.41,21.2,FIELD_0019
2216736,"Fayette silt loam, 12 to 20 percent slopes, moderately eroded",Fayette,85,Well drained,28.0,58.0,0.5,5.8,0.19,27.0,4.0,69.0,1.41,21.2,FIELD_0019
2216738,"Fayette silt loam, 6 to 12 percent slopes, moderately eroded",Fayette,85,Well drained,28.0,58.0,0.5,5.8,0.19,27.0,4.0,69.0,1.41,21.2,FIELD_0019
2216741,"Fayette silt loam, 18 to 35 percent slopes, moderately eroded",Fayette,85,Well drained,28.0,36.0,0.5,6.2,0.21,24.0,4.0,72.0,1.4,19.0,FIELD_0019
2216792,"Tama-Downs complex, driftless, 18 to 35 percent slopes, moderately eroded",Tama,65,Well drained,0.0,15.0,3.5,6.2,0.23,25.5,6.9,67.6,1.36,21.7,FIELD_0019
2216793,"Tama-Downs complex, driftless, 2 to 6 percent slopes",Tama,65,Well drained,0.0,15.0,3.5,6.2,0.23,25.5,6.9,67.6,1.36,21.7,FIELD_0019
2216795,"Tama-Downs complex, driftless, 12 to 18 percent slopes, moderately eroded",Tama,65,Well drained,0.0,15.0,3.5,6.2,0.23,25.5,6.9,67.6,1.36,21.7,FIELD_0019
2216797,"Tama-Downs complex, driftless, 6 to 12 percent slopes, moderately eroded",Tama,65,Well drained,0.0,15.0,3.5,6.2,0.23,25.5,6.9,67.6,1.36,21.7,FIELD_0019
2216792,"Tama-Downs complex, driftless, 18 to 35 percent slopes, moderately eroded",Tama,65,Well drained,15.0,22.0,2.0,6.2,0.23,27.0,4.0,69.0,1.3,22.7,FIELD_0019
2216793,"Tama-Downs complex, driftless, 2 to 6 percent slopes",Tama,65,Well drained,15.0,36.0,3.0,6.2,0.23,27.0,4.0,69.0,1.3,22.7,FIELD_0019
2216795,"Tama-Downs complex, driftless, 12 to 18 percent slopes, moderately eroded",Tama,65,Well drained,15.0,22.0,2.0,6.2,0.23,27.0,4.0,69.0,1.3,22.7,FIELD_0019
2216797,"Tama-Downs complex, driftless, 6 to 12 percent slopes, moderately eroded",Tama,65,Well drained,15.0,22.0,2.0,6.2,0.23,27.0,4.0,69.0,1.3,22.7,FIELD_0019
2216792,"Tama-Downs complex, driftless, 18 to 35 percent slopes, moderately eroded",Tama,65,Well drained,22.0,90.0,0.75,5.8,0.19,27.0,4.0,69.0,1.38,22.1,FIELD_0019
2216795,"Tama-Downs complex, driftless, 12 to 18 percent slopes, moderately eroded",Tama,65,Well drained,22.0,90.0,0.75,5.8,0.19,27.0,4.0,69.0,1.38,22.1,FIELD_0019
2216797,"Tama-Downs complex, driftless, 6 to 12 percent slopes, moderately eroded",Tama,65,Well drained,22.0,90.0,0.75,5.8,0.19,27.0,4.0,69.0,1.38,22.1,FIELD_0019
2216705,"Chaseburg and Judson silt loams, 2 to 6 percent slopes",Judson,55,Moderately well drained,0.0,64.0,4.5,6.5,0.22,25.5,9.1,65.4,1.33,27.5,FIELD_0019
2216707,"Chelsea and Boone loamy fine sands, 18 to 35 percent slopes",Chelsea,55,Excessively drained,0.0,20.0,0.75,6.5,0.13,11.5,87.0,1.5,1.53,7.5,FIELD_0019
2216727,"Dubuque and Whalan silt loams, 18 to 45 percent slopes",Dubuque,55,Well drained,0.0,8.0,2.5,6.2,0.21,21.0,11.3,67.7,1.33,17.5,FIELD_0019
2216732,"Dubuque and Whalan silt loams, 12 to 17 percent slopes, moderately eroded",Dubuque,55,Well drained,0.0,8.0,2.0,6.2,0.21,21.0,11.3,67.7,1.33,17.5,FIELD_0019
2216775,"Rockton and Dodgeville silt loams, shallow, 18 to 35 percent slopes",Rockton,55,Well drained,0.0,18.0,2.5,7.3,0.19,23.5,24.5,52.0,1.43,19.0,FIELD_0019
2216727,"Dubuque and Whalan silt loams, 18 to 45 percent slopes",Dubuque,55,Well drained,8.0,30.0,0.5,5.6,0.19,20.0,8.6,71.4,1.38,17.5,FIELD_0019
2216732,"Dubuque and Whalan silt loams, 12 to 17 percent slopes, moderately eroded",Dubuque,55,Well drained,8.0,30.0,0.5,5.6,0.19,20.0,8.6,71.4,1.38,17.5,FIELD_0019
2216775,"Rockton and Dodgeville silt loams, shallow, 18 to 35 percent slopes",Rockton,55,Well drained,18.0,46.0,0.5,7.3,0.19,20.0,25.0,55.0,1.25,19.0,FIELD_0019
2216707,"Chelsea and Boone loamy fine sands, 18 to 35 percent slopes",Chelsea,55,Excessively drained,20.0,152.0,0.25,5.8,0.07,7.5,91.3,1.2,1.63,7.5,FIELD_0019
2216705,"Chaseburg and Judson silt loams, 2 to 6 percent slopes",Chaseburg,45,Well drained,0.0,25.0,2.5,7.0,0.23,14.0,14.2,71.8,1.45,11.2,FIELD_0019
2216707,"Chelsea and Boone loamy fine sands, 18 to 35 percent slopes",Boone,45,Excessively drained,0.0,41.0,2.5,5.4,0.12,6.0,87.3,6.7,1.5,6.9,FIELD_0019
2216727,"Dubuque and Whalan silt loams, 18 to 45 percent slopes",Whalan,45,Well drained,0.0,30.0,1.5,6.5,0.23,21.5,26.1,52.4,1.38,14.4,FIELD_0019
2216732,"Dubuque and Whalan silt loams, 12 to 17 percent slopes, moderately eroded",Whalan,45,Well drained,0.0,30.0,1.0,6.5,0.23,21.5,26.1,52.4,1.38,14.4,FIELD_0019
2216775,"Rockton and Dodgeville silt loams, shallow, 18 to 35 percent slopes",Dodgeville,45,Well drained,0.0,18.0,2.5,7.5,0.17,19.0,27.0,54.0,1.5,17.5,FIELD_0019
2216775,"Rockton and Dodgeville silt loams, shallow, 18 to 35 percent slopes",Dodgeville,45,Well drained,18.0,41.0,0.5,7.3,0.19,20.0,25.0,55.0,1.25,19.0,FIELD_0019
2216705,"Chaseburg and Judson silt loams, 2 to 6 percent slopes",Chaseburg,45,Well drained,25.0,152.0,1.0,6.7,0.2,14.0,14.2,71.8,1.6,10.4,FIELD_0019
2216792,"Tama-Downs complex, driftless, 18 to 35 percent slopes, moderately eroded",Downs,30,Well drained,0.0,20.0,2.5,6.2,0.22,21.0,5.0,74.0,1.28,18.1,FIELD_0019
2216793,"Tama-Downs complex, driftless, 2 to 6 percent slopes",Downs,30,Well drained,0.0,20.0,3.0,6.2,0.22,21.0,5.0,74.0,1.28,18.1,FIELD_0019
2216795,"Tama-Downs complex, driftless, 12 to 18 percent slopes, moderately eroded",Downs,30,Well drained,0.0,20.0,2.5,6.2,0.22,21.0,5.0,74.0,1.28,18.1,FIELD_0019
2216797,"Tama-Downs complex, driftless, 6 to 12 percent slopes, moderately eroded",Downs,30,Well drained,0.0,20.0,2.5,6.2,0.22,21.0,5.0,74.0,1.28,18.1,FIELD_0019
2216792,"Tama-Downs complex, driftless, 18 to 35 percent slopes, moderately eroded",Downs,30,Well drained,20.0,43.0,0.75,6.2,0.22,21.0,5.0,74.0,1.33,17.1,FIELD_0019
2216793,"Tama-Downs complex, driftless, 2 to 6 percent slopes",Downs,30,Well drained,20.0,30.0,0.75,6.2,0.22,21.0,5.0,74.0,1.33,17.1,FIELD_0019
2216795,"Tama-Downs complex, driftless, 12 to 18 percent slopes, moderately eroded",Downs,30,Well drained,20.0,43.0,0.75,6.2,0.22,21.0,5.0,74.0,1.33,17.1,FIELD_0019
2216797,"Tama-Downs complex, driftless, 6 to 12 percent slopes, moderately eroded",Downs,30,Well drained,20.0,43.0,0.75,6.2,0.22,21.0,5.0,74.0,1.33,17.1,FIELD_0019
2216735,"Fayette silt loam, 2 to 6 percent slopes",Downs,5,Well drained,0.0,20.0,3.0,6.2,0.22,21.0,5.0,74.0,1.39,18.1,FIELD_0019
2216735,"Fayette silt loam, 2 to 6 percent slopes",Palsgrove,5,Well drained,0.0,25.0,1.5,6.5,0.23,24.0,9.0,67.0,1.41,19.9,FIELD_0019
2216735,"Fayette silt loam, 2 to 6 percent slopes",Village,5,Well drained,0.0,20.0,2.5,6.2,0.22,22.0,4.0,74.0,1.38,18.0,FIELD_0019
2216736,"Fayette silt loam, 12 to 20 percent slopes, moderately eroded",Dubuque,5,Well drained,0.0,20.0,2.0,6.2,0.21,21.0,4.0,75.0,1.34,17.8,FIELD_0019
2216736,"Fayette silt loam, 12 to 20 percent slopes, moderately eroded",Palsgrove,5,Well drained,0.0,25.0,1.5,6.2,0.23,24.0,9.0,67.0,1.41,19.9,FIELD_0019
2216736,"Fayette silt loam, 12 to 20 percent slopes, moderately eroded",Village,5,Well drained,0.0,20.0,2.5,6.2,0.22,22.0,4.0,74.0,1.38,18.7,FIELD_0019
2216738,"Fayette silt loam, 6 to 12 percent slopes, moderately eroded",Dubuque,5,Well drained,0.0,20.0,2.0,6.2,0.21,21.0,4.0,75.0,1.42,17.8,FIELD_0019
2216738,"Fayette silt loam, 6 to 12 percent slopes, moderately eroded",Palsgrove,5,Well drained,0.0,25.0,1.5,6.5,0.23,24.0,9.0,67.0,1.41,19.9,FIELD_0019
2216738,"Fayette silt loam, 6 to 12 percent slopes, moderately eroded",Village,5,Well drained,0.0,20.0,2.5,6.2,0.22,22.0,4.0,74.0,1.38,18.0,FIELD_0019
2216741,"Fayette silt loam, 18 to 35 percent slopes, moderately eroded",Dubuque,5,Well drained,0.0,8.0,2.0,6.2,0.21,21.0,4.0,75.0,1.34,17.8,FIELD_0019
2216741,"Fayette silt loam, 18 to 35 percent slopes, moderately eroded",Palsgrove,5,Well drained,0.0,8.0,1.5,6.2,0.23,24.0,9.0,67.0,1.37,19.9,FIELD_0019
2216741,"Fayette silt loam, 18 to 35 percent slopes, moderately eroded",Village,5,Well drained,0.0,8.0,2.5,6.2,0.22,22.0,4.0,74.0,1.31,18.7,FIELD_0019
2216760,"Mixed alluvial land, 0 to 6 percent slopes",Chaseburg,5,Well drained,0.0,25.0,2.5,7.0,0.23,14.0,14.2,71.8,1.45,12.5,FIELD_0019
2216792,"Tama-Downs complex, driftless, 18 to 35 percent slopes, moderately eroded",Ashdale,5,Well drained,0.0,38.0,3.0,6.2,0.23,15.0,14.0,71.0,1.3,13.4,FIELD_0019
2216793,"Tama-Downs complex, driftless, 2 to 6 percent slopes",Dinsdale,5,Moderately well drained,0.0,18.0,3.5,6.4,0.22,29.0,8.0,63.0,1.28,24.4,FIELD_0019
2216795,"Tama-Downs complex, driftless, 12 to 18 percent slopes, moderately eroded",Ashdale,5,Well drained,0.0,38.0,3.0,6.2,0.23,15.0,14.0,71.0,1.3,13.4,FIELD_0019
2216797,"Tama-Downs complex, driftless, 6 to 12 percent slopes, moderately eroded",Ashdale,5,Well drained,0.0,38.0,3.0,6.2,0.23,15.0,14.0,71.0,1.3,13.4,FIELD_0019
2216741,"Fayette silt loam, 18 to 35 percent slopes, moderately eroded",Dubuque,5,Well drained,8.0,41.0,1.0,6.2,0.21,21.0,4.0,75.0,1.35,17.3,FIELD_0019
2216741,"Fayette silt loam, 18 to 35 percent slopes, moderately eroded",Palsgrove,5,Well drained,8.0,25.0,0.5,6.2,0.21,21.0,4.0,75.0,1.5,16.9,FIELD_0019
2216741,"Fayette silt loam, 18 to 35 percent slopes, moderately eroded",Village,5,Well drained,8.0,20.0,0.5,6.2,0.21,21.0,4.0,75.0,1.5,16.9,FIELD_0019
2216793,"Tama-Downs complex, driftless, 2 to 6 percent slopes",Dinsdale,5,Moderately well drained,18.0,30.0,2.5,6.2,0.22,31.0,7.0,62.0,1.28,25.5,FIELD_0019
2216735,"Fayette silt loam, 2 to 6 percent slopes",Downs,5,Well drained,20.0,30.0,0.75,6.2,0.22,21.0,5.0,74.0,1.45,17.1,FIELD_0019
2216735,"Fayette silt loam, 2 to 6 percent slopes",Village,5,Well drained,20.0,25.0,0.25,6.2,0.22,22.0,4.0,74.0,1.45,16.4,FIELD_0019
2216736,"Fayette silt loam, 12 to 20 percent slopes, moderately eroded",Dubuque,5,Well drained,20.0,41.0,1.0,6.2,0.21,21.0,4.0,75.0,1.35,17.3,FIELD_0019
2216736,"Fayette silt loam, 12 to 20 percent slopes, moderately eroded",Village,5,Well drained,20.0,25.0,0.25,6.2,0.22,22.0,4.0,74.0,1.45,17.1,FIELD_0019
2216738,"Fayette silt loam, 6 to 12 percent slopes, moderately eroded",Dubuque,5,Well drained,20.0,41.0,1.0,6.2,0.21,21.0,4.0,75.0,1.35,17.3,FIELD_0019
2216738,"Fayette silt loam, 6 to 12 percent slopes, moderately eroded",Village,5,Well drained,20.0,25.0,0.25,6.2,0.22,22.0,4.0,74.0,1.45,16.4,FIELD_0019
2216741,"Fayette silt loam, 18 to 35 percent slopes, moderately eroded",Village,5,Well drained,20.0,25.0,0.25,6.2,0.22,22.0,4.0,74.0,1.45,17.1,FIELD_0019
2216735,"Fayette silt loam, 2 to 6 percent slopes",Palsgrove,5,Well drained,25.0,104.0,0.65,6.2,0.19,30.0,7.0,63.0,1.38,23.5,FIELD_0019
2216735,"Fayette silt loam, 2 to 6 percent slopes",Village,5,Well drained,25.0,79.0,0.25,5.5,0.19,27.0,4.0,69.0,1.47,,FIELD_0019
2216736,"Fayette silt loam, 12 to 20 percent slopes, moderately eroded",Palsgrove,5,Well drained,25.0,104.0,0.65,6.2,0.19,30.0,7.0,63.0,1.38,23.5,FIELD_0019
2216736,"Fayette silt loam, 12 to 20 percent slopes, moderately eroded",Village,5,Well drained,25.0,66.0,0.25,5.5,0.19,27.0,4.0,69.0,1.47,,FIELD_0019
2216738,"Fayette silt loam, 6 to 12 percent slopes, moderately eroded",Palsgrove,5,Well drained,25.0,104.0,0.65,6.2,0.19,30.0,7.0,63.0,1.38,23.5,FIELD_0019
2216738,"Fayette silt loam, 6 to 12 percent slopes, moderately eroded",Village,5,Well drained,25.0,79.0,0.25,5.5,0.19,27.0,4.0,69.0,1.47,,FIELD_0019
2216741,"Fayette silt loam, 18 to 35 percent slopes, moderately eroded",Palsgrove,5,Well drained,25.0,104.0,0.65,6.2,0.19,30.0,7.0,63.0,1.38,23.5,FIELD_0019
2216741,"Fayette silt loam, 18 to 35 percent slopes, moderately eroded",Village,5,Well drained,25.0,66.0,0.25,5.5,0.19,27.0,4.0,69.0,1.47,,FIELD_0019
2216760,"Mixed alluvial land, 0 to 6 percent slopes",Chaseburg,5,Well drained,25.0,152.0,1.0,6.7,0.2,14.0,14.2,71.8,1.6,12.0,FIELD_0019
995959,Water,Water,100,,,,,,,,,,,,FIELD_0020
427074,"Albaton silty clay, rarely flooded",Albaton,100,Poorly drained,0.0,18.0,2.5,7.9,0.12,50.0,5.3,44.7,1.38,38.5,FIELD_0020
427088,"Boyd silty clay, 11 to 15 percent slopes",Boyd,100,Well drained,0.0,18.0,3.0,7.5,0.12,52.5,2.6,44.9,1.23,39.5,FIELD_0020
427100,"Eltree silt loam, 6 to 11 percent slopes",Eltree,100,Well drained,0.0,56.0,2.0,7.5,0.22,21.0,11.6,67.4,1.3,20.0,FIELD_0020
427102,"Gavins silt loam, 6 to 17 percent slopes",Gavins,100,Well drained,0.0,15.0,2.0,7.5,0.17,23.5,24.5,52.0,1.13,20.0,FIELD_0020
427103,"Gavins silt loam, 17 to 30 percent slopes",Gavins,100,Somewhat excessively drained,0.0,13.0,2.0,7.5,0.17,23.5,24.5,52.0,1.13,20.0,FIELD_0020
427104,"Grable silt loam, rarely flooded",Grable,100,Well drained,0.0,18.0,2.0,7.9,0.23,22.5,9.5,68.0,1.23,17.5,FIELD_0020
427128,"Redstoe silt loam, 0 to 2 percent slopes",Redstoe,100,Well drained,0.0,20.0,2.0,7.5,0.21,22.0,11.2,66.8,1.18,15.0,FIELD_0020
427129,"Redstoe silt loam, 2 to 6 percent slopes",Redstoe,100,Well drained,0.0,25.0,2.0,7.5,0.21,22.0,11.2,66.8,1.18,15.0,FIELD_0020
427133,"Shell silt loam, occasionally flooded",Shell,100,Well drained,0.0,20.0,3.0,6.5,0.23,19.0,11.3,69.7,1.25,20.0,FIELD_0020
427103,"Gavins silt loam, 17 to 30 percent slopes",Gavins,100,Somewhat excessively drained,13.0,36.0,0.5,7.5,0.17,25.0,24.0,51.0,1.18,15.0,FIELD_0020
427102,"Gavins silt loam, 6 to 17 percent slopes",Gavins,100,Well drained,15.0,36.0,0.5,7.5,0.17,25.0,24.0,51.0,1.18,15.0,FIELD_0020
427074,"Albaton silty clay, rarely flooded",Albaton,100,Poorly drained,18.0,152.0,0.5,7.9,0.12,55.0,2.5,42.5,1.4,45.5,FIELD_0020
427088,"Boyd silty clay, 11 to 15 percent slopes",Boyd,100,Well drained,18.0,66.0,2.5,7.5,0.1,55.0,2.5,42.5,1.28,41.5,FIELD_0020
427104,"Grable silt loam, rarely flooded",Grable,100,Well drained,18.0,66.0,0.5,7.9,0.21,14.0,14.2,71.8,1.38,17.5,FIELD_0020
427128,"Redstoe silt loam, 0 to 2 percent slopes",Redstoe,100,Well drained,20.0,69.0,2.0,7.5,0.15,26.5,9.0,64.5,1.2,17.5,FIELD_0020
427133,"Shell silt loam, occasionally flooded",Shell,100,Well drained,20.0,84.0,0.75,6.5,0.21,25.0,9.1,65.9,1.25,20.0,FIELD_0020
427129,"Redstoe silt loam, 2 to 6 percent slopes",Redstoe,100,Well drained,25.0,69.0,2.0,7.5,0.15,26.5,9.0,64.5,1.2,17.5,FIELD_0020
427084,"Blake silty clay loam, rarely flooded",Blake,99,Somewhat poorly drained,0.0,20.0,2.0,7.9,0.21,32.5,6.7,60.8,1.28,30.0,FIELD_0020
427126,"Percival silty clay, rarely flooded",Percival,99,Somewhat poorly drained,0.0,48.0,2.0,7.9,0.11,50.0,5.3,44.7,1.33,38.5,FIELD_0020
427132,"Sarpy loamy fine sand, rarely flooded",Sarpy,99,Excessively drained,0.0,20.0,0.75,7.5,0.07,3.5,79.9,16.6,1.35,5.0,FIELD_0020
427084,"Blake silty clay loam, rarely flooded",Blake,99,Somewhat poorly drained,20.0,61.0,0.5,7.9,0.21,28.5,7.1,64.4,1.28,25.0,FIELD_0020
427132,"Sarpy loamy fine sand, rarely flooded",Sarpy,99,Excessively drained,20.0,152.0,0.25,7.5,0.07,3.5,95.9,0.6,1.35,5.0,FIELD_0020
427130,"Redstoe silt loam, 6 to 11 percent slopes",Redstoe,95,Well drained,0.0,15.0,3.0,7.9,0.22,22.0,11.0,67.0,1.4,12.6,FIELD_0020
427130,"Redstoe silt loam, 6 to 11 percent slopes",Redstoe,95,Well drained,15.0,25.0,2.0,7.9,0.22,22.0,11.0,67.0,1.37,12.4,FIELD_0020
427130,"Redstoe silt loam, 6 to 11 percent slopes",Redstoe,95,Well drained,25.0,48.0,1.0,7.9,0.22,25.0,7.0,68.0,1.34,5.5,FIELD_0020
427076,"Alcester silty clay loam, 2 to 6 percent slopes",Alcester,90,Well drained,0.0,20.0,2.75,7.2,0.2,28.0,13.0,59.0,1.35,23.4,FIELD_0020
427076,"Alcester silty clay loam, 2 to 6 percent slopes",Alcester,90,Well drained,20.0,41.0,2.5,7.2,0.19,29.0,12.0,59.0,1.3,24.0,FIELD_0020
427099,"Eltree silt loam, 2 to 6 percent slopes",Eltree,85,Well drained,0.0,25.0,2.0,7.4,0.22,21.0,12.0,67.0,1.45,17.9,FIELD_0020
2712659,"Crofton silt loam, 17 to 30 percent slopes, eroded",Crofton,85,Well drained,0.0,13.0,1.0,7.7,0.22,25.0,12.0,63.0,1.35,20.1,FIELD_0020
2712659,"Crofton silt loam, 17 to 30 percent slopes, eroded",Crofton,85,Well drained,13.0,28.0,0.75,7.9,0.22,25.0,8.0,67.0,1.4,19.3,FIELD_0020
427099,"Eltree silt loam, 2 to 6 percent slopes",Eltree,85,Well drained,25.0,41.0,2.0,7.9,0.22,21.0,12.0,67.0,1.33,17.9,FIELD_0020
2712659,"Crofton silt loam, 17 to 30 percent slopes, eroded",Crofton,85,Well drained,28.0,203.0,0.25,8.2,0.22,24.0,10.0,66.0,1.4,17.7,FIELD_0020
2772036,"Nora silt loam, 6 to 11 percent slopes, eroded",Nora,80,Well drained,0.0,18.0,2.5,6.8,0.21,26.0,12.0,62.0,1.35,22.7,FIELD_0020
2772036,"Nora silt loam, 6 to 11 percent slopes, eroded",Nora,80,Well drained,18.0,44.0,0.75,7.2,0.19,28.0,10.0,62.0,1.25,21.9,FIELD_0020
427093,"Crofton-Gavins silt loams, 30 to 60 percent slopes",Crofton,65,Excessively drained,0.0,13.0,1.25,7.9,0.23,23.5,9.4,67.1,1.25,20.0,FIELD_0020
427093,"Crofton-Gavins silt loams, 30 to 60 percent slopes",Crofton,65,Excessively drained,13.0,152.0,0.25,7.9,0.2,21.0,11.3,67.7,1.15,20.0,FIELD_0020
427092,"Crofton-Alcester silt loams, 20 to 60 percent slopes",Crofton,60,Well drained,0.0,13.0,1.25,7.9,0.23,23.5,9.4,67.1,1.25,20.0,FIELD_0020
427095,"Crofton-Nora complex, 6 to 11 percent slopes, eroded",Crofton,60,Well drained,0.0,16.0,2.0,8.0,0.21,25.0,12.0,63.0,1.4,24.8,FIELD_0020
427092,"Crofton-Alcester silt loams, 20 to 60 percent slopes",Crofton,60,Well drained,13.0,152.0,0.25,7.9,0.2,21.0,11.3,67.7,1.15,20.0,FIELD_0020
427095,"Crofton-Nora complex, 6 to 11 percent slopes, eroded",Crofton,60,Well drained,16.0,36.0,0.5,8.0,0.21,25.0,8.0,67.0,1.4,21.1,FIELD_0020
2742291,"Crofton-Nora complex, 11 to 17 percent slopes, eroded",Crofton,55,Well drained,0.0,16.0,2.0,8.0,0.21,25.0,12.0,63.0,1.4,24.8,FIELD_0020
2742291,"Crofton-Nora complex, 11 to 17 percent slopes, eroded",Crofton,55,Well drained,16.0,35.0,0.5,8.0,0.21,25.0,8.0,67.0,1.4,21.1,FIELD_0020
427092,"Crofton-Alcester silt loams, 20 to 60 percent slopes",Alcester,40,Well drained,0.0,20.0,6.0,6.7,0.21,23.0,9.5,67.5,1.28,27.5,FIELD_0020
2742291,"Crofton-Nora complex, 11 to 17 percent slopes, eroded",Nora,40,Well drained,0.0,18.0,2.5,6.8,0.21,26.0,12.0,62.0,1.35,22.7,FIELD_0020
2742291,"Crofton-Nora complex, 11 to 17 percent slopes, eroded",Nora,40,Well drained,18.0,44.0,0.75,7.2,0.19,28.0,10.0,62.0,1.25,21.9,FIELD_0020
427092,"Crofton-Alcester silt loams, 20 to 60 percent slopes",Alcester,40,Well drained,20.0,119.0,2.5,7.0,0.21,26.0,7.4,66.6,1.28,27.5,FIELD_0020
427093,"Crofton-Gavins silt loams, 30 to 60 percent slopes",Gavins,35,Somewhat excessively drained,0.0,8.0,2.0,7.5,0.17,23.5,24.5,52.0,1.13,20.0,FIELD_0020
427093,"Crofton-Gavins silt loams, 30 to 60 percent slopes",Gavins,35,Somewhat excessively drained,8.0,46.0,0.5,7.5,0.17,25.0,24.0,51.0,1.18,15.0,FIELD_0020
427095,"Crofton-Nora complex, 6 to 11 percent slopes, eroded",Nora,30,Well drained,0.0,18.0,2.5,6.8,0.21,26.0,12.0,62.0,1.35,22.7,FIELD_0020
427095,"Crofton-Nora complex, 6 to 11 percent slopes, eroded",Nora,30,Well drained,18.0,44.0,0.75,7.2,0.19,28.0,10.0,62.0,1.25,21.9,FIELD_0020
2712659,"Crofton silt loam, 17 to 30 percent slopes, eroded",Nora,10,Well drained,0.0,24.0,3.0,6.3,0.21,31.0,11.0,58.0,1.35,25.3,FIELD_0020
2772036,"Nora silt loam, 6 to 11 percent slopes, eroded",Crofton,10,Well drained,0.0,15.0,1.0,7.9,0.21,24.0,6.0,70.0,1.45,19.7,FIELD_0020
2772036,"Nora silt loam, 6 to 11 percent slopes, eroded",Crofton,10,Well drained,15.0,30.0,0.75,7.9,0.21,24.0,6.0,70.0,1.4,19.3,FIELD_0020
2712659,"Crofton silt loam, 17 to 30 percent slopes, eroded",Nora,10,Well drained,24.0,52.0,2.0,6.6,0.19,30.0,11.0,59.0,1.3,23.9,FIELD_0020
427076,"Alcester silty clay loam, 2 to 6 percent slopes",Moody,5,Well drained,0.0,18.0,3.25,6.6,0.22,32.0,7.0,61.0,1.3,24.9,FIELD_0020
427095,"Crofton-Nora complex, 6 to 11 percent slopes, eroded",Alcester,5,Well drained,0.0,22.0,3.0,7.6,0.22,28.0,14.0,58.0,1.4,23.5,FIELD_0020
427099,"Eltree silt loam, 2 to 6 percent slopes",Crofton,5,Well drained,0.0,15.0,1.0,7.7,0.22,25.0,12.0,63.0,1.47,20.1,FIELD_0020
427099,"Eltree silt loam, 2 to 6 percent slopes",Nora,5,Well drained,0.0,20.0,2.75,7.3,0.21,25.0,11.0,64.0,1.43,21.1,FIELD_0020
2772036,"Nora silt loam, 6 to 11 percent slopes, eroded",Alcester,5,Well drained,0.0,38.0,3.0,6.7,0.23,23.0,6.0,71.0,1.3,19.6,FIELD_0020
2772036,"Nora silt loam, 6 to 11 percent slopes, eroded",Nora,5,Well drained,0.0,24.0,3.0,6.3,0.21,31.0,11.0,58.0,1.35,25.4,FIELD_0020
427099,"Eltree silt loam, 2 to 6 percent slopes",Crofton,5,Well drained,15.0,30.0,0.75,7.9,0.22,25.0,8.0,67.0,1.4,19.3,FIELD_0020
427076,"Alcester silty clay loam, 2 to 6 percent slopes",Moody,5,Well drained,18.0,30.0,2.25,6.6,0.19,32.0,6.0,62.0,1.35,22.3,FIELD_0020
427099,"Eltree silt loam, 2 to 6 percent slopes",Nora,5,Well drained,20.0,38.0,1.5,7.5,0.21,24.0,11.0,65.0,1.31,19.9,FIELD_0020
427095,"Crofton-Nora complex, 6 to 11 percent slopes, eroded",Alcester,5,Well drained,22.0,45.0,3.0,7.5,0.22,30.0,11.0,59.0,1.25,25.0,FIELD_0020
2772036,"Nora silt loam, 6 to 11 percent slopes, eroded",Nora,5,Well drained,24.0,52.0,2.0,6.6,0.19,30.0,11.0,59.0,1.3,23.6,FIELD_0020
427099,"Eltree silt loam, 2 to 6 percent slopes",Verdel,4,Well drained,0.0,46.0,3.0,6.3,0.09,48.0,6.0,46.0,1.34,36.5,FIELD_0020
2742291,"Crofton-Nora complex, 11 to 17 percent slopes, eroded",Alcester,4,Well drained,0.0,22.0,3.0,7.6,0.22,28.0,14.0,58.0,1.4,23.5,FIELD_0020
2742291,"Crofton-Nora complex, 11 to 17 percent slopes, eroded",Alcester,4,Well drained,22.0,45.0,3.0,7.5,0.22,30.0,11.0,59.0,1.25,25.0,FIELD_0020
427076,"Alcester silty clay loam, 2 to 6 percent slopes",Crofton,3,Well drained,0.0,16.0,2.0,8.0,0.21,25.0,12.0,63.0,1.4,24.8,FIELD_0020
427095,"Crofton-Nora complex, 6 to 11 percent slopes, eroded",Thurman,3,Excessively drained,0.0,31.0,1.0,6.5,0.08,4.0,91.0,5.0,1.6,4.5,FIELD_0020
2712659,"Crofton silt loam, 17 to 30 percent slopes, eroded",Alcester,3,Well drained,0.0,38.0,3.0,6.7,0.23,23.0,6.0,71.0,1.3,19.6,FIELD_0020
427076,"Alcester silty clay loam, 2 to 6 percent slopes",Crofton,3,Well drained,16.0,36.0,0.5,8.0,0.21,25.0,8.0,67.0,1.4,21.1,FIELD_0020
427095,"Crofton-Nora complex, 6 to 11 percent slopes, eroded",Betts,2,Well drained,0.0,18.0,2.0,7.5,0.17,31.0,35.4,33.6,1.25,20.0,FIELD_0020
427130,"Redstoe silt loam, 6 to 11 percent slopes",Crofton,2,Well drained,0.0,16.0,1.0,7.7,0.22,25.0,12.0,63.0,1.47,20.1,FIELD_0020
427130,"Redstoe silt loam, 6 to 11 percent slopes",Gavins,2,Well drained,0.0,10.0,2.0,7.5,0.22,23.0,24.0,53.0,1.42,19.6,FIELD_0020
2712659,"Crofton silt loam, 17 to 30 percent slopes, eroded",Thurman,2,Excessively drained,0.0,31.0,1.0,6.5,0.08,4.0,91.0,5.0,1.6,4.5,FIELD_0020
427130,"Redstoe silt loam, 6 to 11 percent slopes",Gavins,2,Well drained,10.0,36.0,0.5,7.5,0.22,25.0,24.0,51.0,1.37,4.0,FIELD_0020
427130,"Redstoe silt loam, 6 to 11 percent slopes",Crofton,2,Well drained,16.0,29.0,0.75,7.9,0.22,25.0,8.0,67.0,1.4,19.3,FIELD_0020
427095,"Crofton-Nora complex, 6 to 11 percent slopes, eroded",Betts,2,Well drained,18.0,66.0,0.5,7.9,0.19,27.5,37.2,35.3,1.28,14.0,FIELD_0020
427130,"Redstoe silt loam, 6 to 11 percent slopes",Crofton,2,Well drained,29.0,200.0,0.25,8.2,0.22,24.0,10.0,66.0,1.42,17.7,FIELD_0020
427076,"Alcester silty clay loam, 2 to 6 percent slopes",Kezan,1,Poorly drained,0.0,15.0,3.0,7.2,0.23,24.0,3.0,73.0,1.3,24.0,FIELD_0020
427076,"Alcester silty clay loam, 2 to 6 percent slopes",Thurman,1,Excessively drained,0.0,31.0,1.0,6.5,0.08,4.0,91.0,5.0,1.6,4.5,FIELD_0020
427084,"Blake silty clay loam, rarely flooded",Albaton,1,Very poorly drained,0.0,152.0,2.5,7.9,0.13,57.5,2.3,40.2,1.25,38.5,FIELD_0020
427099,"Eltree silt loam, 2 to 6 percent slopes",Tetonka,1,Poorly drained,0.0,20.0,5.0,6.5,0.23,23.0,13.0,64.0,1.31,19.7,FIELD_0020
427126,"Percival silty clay, rarely flooded",Albaton,1,Very poorly drained,0.0,152.0,2.5,7.9,0.13,57.5,2.3,40.2,1.25,38.5,FIELD_0020
427130,"Redstoe silt loam, 6 to 11 percent slopes",Rock outcrop,1,,0.0,25.0,,8.2,,,,,,,FIELD_0020
427132,"Sarpy loamy fine sand, rarely flooded",Wt at 0-1 foot,1,Poorly drained,0.0,203.0,,,,,,,,,FIELD_0020
2742291,"Crofton-Nora complex, 11 to 17 percent slopes, eroded",Kezan,1,Poorly drained,0.0,15.0,3.0,7.2,0.23,24.0,3.0,73.0,1.3,24.0,FIELD_0020
427076,"Alcester silty clay loam, 2 to 6 percent slopes",Kezan,1,Poorly drained,15.0,33.0,2.0,7.2,0.2,26.0,3.0,71.0,1.3,20.0,FIELD_0020
2742291,"Crofton-Nora complex, 11 to 17 percent slopes, eroded",Kezan,1,Poorly drained,15.0,33.0,2.0,7.2,0.2,26.0,3.0,71.0,1.3,20.0,FIELD_0020
427099,"Eltree silt loam, 2 to 6 percent slopes",Tetonka,1,Poorly drained,20.0,40.0,2.0,6.8,0.2,25.0,11.0,64.0,1.41,20.5,FIELD_0020
2896350,"Sharpsburg silty clay loam, 2 to 5 percent slopes",Sharpsburg,90,Moderately well drained,0.0,20.0,3.8,6.2,0.22,33.0,2.0,65.0,1.31,25.5,FIELD_0021
2896350,"Sharpsburg silty clay loam, 2 to 5 percent slopes",Sharpsburg,90,Moderately well drained,20.0,43.0,3.0,5.8,0.22,35.0,2.0,63.0,1.25,24.2,FIELD_0021
2959546,"Shelby loam, dissected till plain, 5 to 9 percent slopes",Shelby,85,Well drained,0.0,18.0,3.3,6.0,0.18,26.0,34.0,40.0,1.39,22.0,FIELD_0021
2959627,"Shelby clay loam, dissected till plain, 9 to 14 percent slopes, eroded",Shelby,85,Well drained,0.0,18.0,2.9,6.2,0.18,30.0,33.0,37.0,1.38,24.9,FIELD_0021
2959546,"Shelby loam, dissected till plain, 5 to 9 percent slopes",Shelby,85,Well drained,18.0,28.0,2.5,6.1,0.18,33.0,32.0,35.0,1.42,27.0,FIELD_0021
2959627,"Shelby clay loam, dissected till plain, 9 to 14 percent slopes, eroded",Shelby,85,Well drained,18.0,93.0,1.1,6.1,0.16,34.0,30.0,36.0,1.46,26.9,FIELD_0021
2959546,"Shelby loam, dissected till plain, 5 to 9 percent slopes",Shelby,85,Well drained,28.0,117.0,1.1,6.1,0.16,34.0,30.0,36.0,1.46,26.9,FIELD_0021
2896350,"Sharpsburg silty clay loam, 2 to 5 percent slopes",Macksburg,5,Somewhat poorly drained,0.0,15.0,5.0,6.2,0.22,33.5,3.0,63.5,1.35,27.2,FIELD_0021
2896350,"Sharpsburg silty clay loam, 2 to 5 percent slopes",Nira,5,Moderately well drained,0.0,18.0,3.5,6.3,0.22,33.0,2.0,65.0,1.34,27.4,FIELD_0021
2959546,"Shelby loam, dissected till plain, 5 to 9 percent slopes",Adair,5,Somewhat poorly drained,0.0,18.0,3.5,6.2,0.18,32.0,22.5,45.5,1.4,25.9,FIELD_0021
2959546,"Shelby loam, dissected till plain, 5 to 9 percent slopes",Lamoni,5,Somewhat poorly drained,0.0,15.0,3.5,6.4,0.22,32.5,16.0,51.5,1.38,26.2,FIELD_0021
2959627,"Shelby clay loam, dissected till plain, 9 to 14 percent slopes, eroded",Adair,5,Somewhat poorly drained,0.0,18.0,2.7,6.2,0.18,32.0,22.5,45.5,1.5,25.7,FIELD_0021
2959627,"Shelby clay loam, dissected till plain, 9 to 14 percent slopes, eroded",Lamoni,5,Somewhat poorly drained,0.0,15.0,2.7,6.2,0.22,33.5,15.0,51.5,1.4,26.7,FIELD_0021
2959627,"Shelby clay loam, dissected till plain, 9 to 14 percent slopes, eroded",Olmitz,5,Moderately well drained,0.0,18.0,3.5,6.5,0.21,25.5,40.0,34.5,1.53,21.7,FIELD_0021
2896350,"Sharpsburg silty clay loam, 2 to 5 percent slopes",Macksburg,5,Somewhat poorly drained,15.0,61.0,4.0,6.2,0.21,33.5,3.0,63.5,1.35,27.0,FIELD_0021
2959546,"Shelby loam, dissected till plain, 5 to 9 percent slopes",Lamoni,5,Somewhat poorly drained,15.0,28.0,3.5,6.4,0.18,33.5,16.0,50.5,1.24,26.9,FIELD_0021
2959627,"Shelby clay loam, dissected till plain, 9 to 14 percent slopes, eroded",Lamoni,5,Somewhat poorly drained,15.0,58.0,1.25,6.2,0.1,47.5,15.0,37.5,1.4,35.1,FIELD_0021
2896350,"Sharpsburg silty clay loam, 2 to 5 percent slopes",Nira,5,Moderately well drained,18.0,28.0,2.5,6.1,0.22,33.0,2.0,65.0,1.25,27.0,FIELD_0021
2959546,"Shelby loam, dissected till plain, 5 to 9 percent slopes",Adair,5,Somewhat poorly drained,18.0,33.0,2.5,6.2,0.18,32.0,22.5,45.5,1.43,25.6,FIELD_0021
2959627,"Shelby clay loam, dissected till plain, 9 to 14 percent slopes, eroded",Adair,5,Somewhat poorly drained,18.0,43.0,0.75,5.8,0.1,49.0,25.0,26.0,1.33,35.5,FIELD_0021
2959627,"Shelby clay loam, dissected till plain, 9 to 14 percent slopes, eroded",Olmitz,5,Moderately well drained,18.0,76.0,2.5,6.2,0.16,28.0,35.0,37.0,1.45,23.3,FIELD_0021
2896350,"Sharpsburg silty clay loam, 2 to 5 percent slopes",Nira,5,Moderately well drained,28.0,51.0,0.4,6.4,0.19,34.0,2.0,64.0,1.44,25.8,FIELD_0021
2959546,"Shelby loam, dissected till plain, 5 to 9 percent slopes",Lamoni,5,Somewhat poorly drained,28.0,84.0,0.25,5.8,0.1,47.5,24.0,28.5,1.36,33.3,FIELD_0021
2959546,"Shelby loam, dissected till plain, 5 to 9 percent slopes",Sharpsburg,3,Moderately well drained,0.0,20.0,3.8,6.2,0.22,33.0,2.0,65.0,1.31,25.5,FIELD_0021
2959546,"Shelby loam, dissected till plain, 5 to 9 percent slopes",Sharpsburg,3,Moderately well drained,20.0,43.0,3.0,5.8,0.22,35.0,2.0,63.0,1.25,24.2,FIELD_0021
2959546,"Shelby loam, dissected till plain, 5 to 9 percent slopes",Olmitz,2,Moderately well drained,0.0,18.0,3.5,6.5,0.21,25.5,40.0,34.5,1.53,21.7,FIELD_0021
2959546,"Shelby loam, dissected till plain, 5 to 9 percent slopes",Olmitz,2,Moderately well drained,18.0,76.0,2.5,6.2,0.16,28.0,35.0,37.0,1.45,23.3,FIELD_0021
407586,Water,Water,100,,,,,,,,,,,,FIELD_0022
407547,"Chelsea loamy sand, 9 to 14 percent slopes",Chelsea,100,Excessively drained,0.0,15.0,1.0,6.5,0.13,11.5,84.3,4.2,1.53,7.5,FIELD_0022
407548,"Chelsea loamy sand, 14 to 30 percent slopes",Chelsea,100,Excessively drained,0.0,15.0,1.0,6.5,0.13,11.5,84.3,4.2,1.53,7.5,FIELD_0022
407547,"Chelsea loamy sand, 9 to 14 percent slopes",Chelsea,100,Excessively drained,15.0,152.0,0.25,5.8,0.07,7.5,90.7,1.8,1.63,7.5,FIELD_0022
407548,"Chelsea loamy sand, 14 to 30 percent slopes",Chelsea,100,Excessively drained,15.0,152.0,0.25,5.8,0.07,7.5,90.7,1.8,1.63,7.5,FIELD_0022
407523,"Newvienna silt loam, 9 to 14 percent slopes, moderately eroded",Newvienna,95,Moderately well drained,0.0,20.0,2.5,6.5,0.22,22.5,9.5,68.0,1.28,22.5,FIELD_0022
407523,"Newvienna silt loam, 9 to 14 percent slopes, moderately eroded",Newvienna,95,Moderately well drained,20.0,114.0,0.75,5.8,0.19,31.0,6.9,62.1,1.33,27.5,FIELD_0022
407572,"Orion silt loam, 2 to 5 percent slopes, occassionally flooded",Orion,93,Somewhat poorly drained,0.0,20.0,2.0,6.5,0.23,17.0,9.0,74.0,1.43,14.7,FIELD_0022
407572,"Orion silt loam, 2 to 5 percent slopes, occassionally flooded",Orion,93,Somewhat poorly drained,20.0,81.0,0.75,6.5,0.21,17.0,8.0,75.0,1.4,14.2,FIELD_0022
407539,"Rozetta silt loam, 9 to 14 percent slopes, moderately eroded",Rozetta,90,Moderately well drained,0.0,18.0,2.5,6.2,0.23,21.0,11.3,67.7,1.3,17.5,FIELD_0022
407541,"Rozetta silt loam, 14 to 18 percent slopes, moderately eroded",Rozetta,90,Moderately well drained,0.0,18.0,2.5,6.2,0.23,21.0,11.3,67.7,1.3,17.5,FIELD_0022
407539,"Rozetta silt loam, 9 to 14 percent slopes, moderately eroded",Rozetta,90,Moderately well drained,18.0,122.0,0.35,5.3,0.2,29.0,6.9,64.1,1.45,,FIELD_0022
407541,"Rozetta silt loam, 14 to 18 percent slopes, moderately eroded",Rozetta,90,Moderately well drained,18.0,122.0,0.35,5.3,0.2,29.0,6.9,64.1,1.45,,FIELD_0022
407459,"Downs silt loam, 2 to 6 percent slopes, moderately eroded",Downs,85,Well drained,0.0,20.0,2.5,6.2,0.22,21.0,5.0,74.0,1.4,18.0,FIELD_0022
407461,"Downs silt loam, 5 to 9 percent slopes, moderately eroded",Downs,85,Well drained,0.0,20.0,2.5,6.2,0.22,21.0,5.0,74.0,1.28,18.1,FIELD_0022
407468,"Fayette silt loam, 2 to 6 percent slopes",Fayette,85,Well drained,0.0,20.0,2.0,6.2,0.21,21.0,4.0,75.0,1.42,17.8,FIELD_0022
407470,"Fayette silt loam, 5 to 9 percent slopes, moderately eroded",Fayette,85,Well drained,0.0,20.0,2.0,6.2,0.21,21.0,4.0,75.0,1.42,17.8,FIELD_0022
407471,"Fayette silt loam, 9 to 14 percent slopes",Fayette,85,Well drained,0.0,20.0,2.5,6.2,0.21,21.0,4.0,75.0,1.42,17.8,FIELD_0022
407472,"Fayette silt loam, 9 to 14 percent slopes, moderately eroded",Fayette,85,Well drained,0.0,20.0,2.0,6.2,0.21,21.0,4.0,75.0,1.42,17.8,FIELD_0022
407474,"Fayette silt loam, 14 to 18  percent slopes",Fayette,85,Well drained,0.0,20.0,2.5,6.2,0.21,21.0,4.0,75.0,1.42,17.8,FIELD_0022
407475,"Fayette silt loam, 14 to 18  percent slopes, moderately eroded",Fayette,85,Well drained,0.0,20.0,2.0,6.2,0.21,21.0,4.0,75.0,1.42,17.8,FIELD_0022
407478,"Fayette silt loam, 18 to 25 percent slopes, moderately eroded",Fayette,85,Well drained,0.0,20.0,2.0,6.2,0.21,21.0,4.0,75.0,1.42,17.8,FIELD_0022
407480,"Fayette silt loam, 25 to 40 percent slopes",Fayette,85,Well drained,0.0,8.0,2.5,6.2,0.21,21.0,4.0,75.0,1.42,17.8,FIELD_0022
407529,"Nordness silt loam, 5 to 14 percent slopes",Nordness,85,Well drained,0.0,28.0,2.5,6.5,0.21,21.0,26.3,52.7,1.33,17.5,FIELD_0022
407530,"Nordness silt loam, 14 to 35 percent slopes",Nordness,85,Well drained,0.0,28.0,2.5,6.5,0.21,21.0,26.3,52.7,1.33,17.5,FIELD_0022
407480,"Fayette silt loam, 25 to 40 percent slopes",Fayette,85,Well drained,8.0,28.0,0.5,6.2,0.21,21.0,4.0,75.0,1.46,16.9,FIELD_0022
407459,"Downs silt loam, 2 to 6 percent slopes, moderately eroded",Downs,85,Well drained,20.0,43.0,0.75,6.2,0.22,21.0,5.0,74.0,1.38,17.1,FIELD_0022
407461,"Downs silt loam, 5 to 9 percent slopes, moderately eroded",Downs,85,Well drained,20.0,43.0,0.75,6.2,0.22,21.0,5.0,74.0,1.33,17.1,FIELD_0022
407468,"Fayette silt loam, 2 to 6 percent slopes",Fayette,85,Well drained,20.0,28.0,0.5,6.2,0.21,24.0,4.0,72.0,1.4,19.0,FIELD_0022
407470,"Fayette silt loam, 5 to 9 percent slopes, moderately eroded",Fayette,85,Well drained,20.0,28.0,0.5,6.2,0.21,24.0,4.0,72.0,1.38,19.0,FIELD_0022
407471,"Fayette silt loam, 9 to 14 percent slopes",Fayette,85,Well drained,20.0,28.0,0.5,6.2,0.21,21.0,4.0,75.0,1.46,16.9,FIELD_0022
407472,"Fayette silt loam, 9 to 14 percent slopes, moderately eroded",Fayette,85,Well drained,20.0,28.0,0.5,6.2,0.21,24.0,4.0,72.0,1.38,19.0,FIELD_0022
407474,"Fayette silt loam, 14 to 18  percent slopes",Fayette,85,Well drained,20.0,28.0,0.5,6.2,0.21,21.0,4.0,75.0,1.46,16.9,FIELD_0022
407475,"Fayette silt loam, 14 to 18  percent slopes, moderately eroded",Fayette,85,Well drained,20.0,28.0,0.5,6.2,0.21,24.0,4.0,72.0,1.38,19.0,FIELD_0022
407478,"Fayette silt loam, 18 to 25 percent slopes, moderately eroded",Fayette,85,Well drained,20.0,28.0,0.5,6.2,0.21,24.0,4.0,72.0,1.38,19.0,FIELD_0022
407468,"Fayette silt loam, 2 to 6 percent slopes",Fayette,85,Well drained,28.0,58.0,0.5,5.8,0.19,27.0,4.0,69.0,1.41,21.2,FIELD_0022
407470,"Fayette silt loam, 5 to 9 percent slopes, moderately eroded",Fayette,85,Well drained,28.0,58.0,0.5,5.8,0.19,27.0,4.0,69.0,1.4,21.2,FIELD_0022
407471,"Fayette silt loam, 9 to 14 percent slopes",Fayette,85,Well drained,28.0,36.0,0.5,6.2,0.21,24.0,4.0,72.0,1.38,19.0,FIELD_0022
407472,"Fayette silt loam, 9 to 14 percent slopes, moderately eroded",Fayette,85,Well drained,28.0,58.0,0.5,5.8,0.19,27.0,4.0,69.0,1.4,21.2,FIELD_0022
407474,"Fayette silt loam, 14 to 18  percent slopes",Fayette,85,Well drained,28.0,36.0,0.5,6.2,0.21,24.0,4.0,72.0,1.38,19.0,FIELD_0022
407475,"Fayette silt loam, 14 to 18  percent slopes, moderately eroded",Fayette,85,Well drained,28.0,58.0,0.5,5.8,0.19,27.0,4.0,69.0,1.4,21.2,FIELD_0022
407478,"Fayette silt loam, 18 to 25 percent slopes, moderately eroded",Fayette,85,Well drained,28.0,58.0,0.5,5.8,0.19,27.0,4.0,69.0,1.4,21.2,FIELD_0022
407480,"Fayette silt loam, 25 to 40 percent slopes",Fayette,85,Well drained,28.0,36.0,0.5,6.2,0.21,24.0,4.0,72.0,1.38,19.0,FIELD_0022
407529,"Nordness silt loam, 5 to 14 percent slopes",Nordness,85,Well drained,28.0,38.0,0.75,6.5,0.21,28.0,19.9,52.1,1.4,17.5,FIELD_0022
407530,"Nordness silt loam, 14 to 35 percent slopes",Nordness,85,Well drained,28.0,38.0,0.75,6.5,0.21,28.0,19.9,52.1,1.4,17.5,FIELD_0022
407463,"Downs silt loam, 9 to 14 percent slopes, moderately eroded",Downs,80,Well drained,0.0,20.0,2.5,6.2,0.22,21.0,5.0,74.0,1.28,18.1,FIELD_0022
407463,"Downs silt loam, 9 to 14 percent slopes, moderately eroded",Downs,80,Well drained,20.0,43.0,0.75,6.2,0.22,21.0,5.0,74.0,1.33,17.1,FIELD_0022
407552,"Dubuque silt loam, 9 to 14 percent slopes",Dubuque,75,Well drained,0.0,8.0,3.0,6.5,0.21,22.0,11.0,67.0,1.34,18.9,FIELD_0022
407553,"Dubuque silt loam, 9 to 14 percent slopes, moderately eroded",Dubuque,75,Well drained,0.0,20.0,2.0,6.2,0.21,21.0,4.0,75.0,1.42,17.8,FIELD_0022
407555,"Dubuque silt loam, 14 to 18 percent slopes, moderately eroded",Dubuque,75,Well drained,0.0,20.0,2.0,6.2,0.21,21.0,4.0,75.0,1.42,17.8,FIELD_0022
407556,"Dubuque silt loam, 18 to 25 percent slopes",Dubuque,75,Well drained,0.0,8.0,3.0,6.5,0.21,22.0,11.0,67.0,1.34,18.9,FIELD_0022
407552,"Dubuque silt loam, 9 to 14 percent slopes",Dubuque,75,Well drained,8.0,41.0,1.0,6.5,0.21,19.0,8.0,73.0,1.42,15.8,FIELD_0022
407556,"Dubuque silt loam, 18 to 25 percent slopes",Dubuque,75,Well drained,8.0,41.0,1.0,6.5,0.21,19.0,8.0,73.0,1.42,15.8,FIELD_0022
407553,"Dubuque silt loam, 9 to 14 percent slopes, moderately eroded",Dubuque,75,Well drained,20.0,41.0,1.0,6.2,0.21,21.0,4.0,75.0,1.33,17.3,FIELD_0022
407555,"Dubuque silt loam, 14 to 18 percent slopes, moderately eroded",Dubuque,75,Well drained,20.0,41.0,1.0,6.2,0.21,21.0,4.0,75.0,1.33,17.3,FIELD_0022
407514,"Nordness-Rock outcrop complex, 18 to 60 percent slopes",Nordness,50,Well drained,0.0,28.0,2.5,6.5,0.21,21.0,26.3,52.7,1.33,17.5,FIELD_0022
407528,"Volney-Dorchester silt loams, 1 to 7 percent slopes",Dorchester,50,Moderately well drained,0.0,18.0,1.0,7.9,0.21,20.5,15.0,64.5,1.25,17.5,FIELD_0022
407528,"Volney-Dorchester silt loams, 1 to 7 percent slopes",Dorchester,50,Moderately well drained,18.0,74.0,0.25,7.9,0.21,21.0,15.0,64.0,1.25,17.5,FIELD_0022
407514,"Nordness-Rock outcrop complex, 18 to 60 percent slopes",Nordness,50,Well drained,28.0,38.0,0.75,6.5,0.21,28.0,19.9,52.1,1.4,17.5,FIELD_0022
407487,"Fayette-Lamont-Chelsea complex, 5 to 9 percent slopes, moderately eroded",Fayette,45,Well drained,0.0,30.0,2.0,6.2,0.19,26.0,9.1,64.9,1.4,21.5,FIELD_0022
407488,"Fayette-Lamont-Chelsea complex, 9 to 14 percent slopes",Fayette,45,Well drained,0.0,30.0,2.5,6.2,0.21,21.0,11.3,67.7,1.33,17.5,FIELD_0022
407489,"Fayette-Lamont-Chelsea complex, 9 to 14 percent slopes, moderately eroded",Fayette,45,Well drained,0.0,30.0,2.0,6.2,0.19,26.0,9.1,64.9,1.4,21.5,FIELD_0022
407490,"Fayette-Lamont-Chelsea complex, 14 to 18 percent slopes, moderately eroded",Fayette,45,Well drained,0.0,30.0,2.0,6.2,0.19,26.0,9.1,64.9,1.4,21.5,FIELD_0022
407491,"Fayette-Lamont-Chelsea complex, 18 to 25 percent slopes",Fayette,45,Well drained,0.0,30.0,2.5,6.2,0.21,21.0,11.3,67.7,1.33,17.5,FIELD_0022
407493,"Fayette-Lamont-Chelsea complex, 25 to 40 percent slopes",Fayette,45,Well drained,0.0,30.0,2.5,6.2,0.21,21.0,11.3,67.7,1.33,17.5,FIELD_0022
407514,"Nordness-Rock outcrop complex, 18 to 60 percent slopes",Rock Outcrop,40,,0.0,203.0,,,0.0,0.0,,,,,FIELD_0022
407528,"Volney-Dorchester silt loams, 1 to 7 percent slopes",Volney,40,Somewhat excessively drained,0.0,18.0,4.0,8.0,0.15,21.0,25.0,54.0,1.48,18.3,FIELD_0022
407528,"Volney-Dorchester silt loams, 1 to 7 percent slopes",Volney,40,Somewhat excessively drained,18.0,76.0,2.0,8.0,0.15,21.0,25.0,54.0,1.48,18.3,FIELD_0022
407487,"Fayette-Lamont-Chelsea complex, 5 to 9 percent slopes, moderately eroded",Lamont,30,Well drained,0.0,15.0,0.6,6.2,0.17,12.5,67.9,19.6,1.53,12.5,FIELD_0022
407488,"Fayette-Lamont-Chelsea complex, 9 to 14 percent slopes",Lamont,30,Well drained,0.0,20.0,1.0,6.2,0.17,12.5,67.3,20.2,1.53,12.5,FIELD_0022
407489,"Fayette-Lamont-Chelsea complex, 9 to 14 percent slopes, moderately eroded",Lamont,30,Well drained,0.0,15.0,0.6,6.2,0.17,12.5,67.9,19.6,1.53,12.5,FIELD_0022
407490,"Fayette-Lamont-Chelsea complex, 14 to 18 percent slopes, moderately eroded",Lamont,30,Well drained,0.0,15.0,0.6,6.2,0.17,12.5,67.9,19.6,1.53,12.5,FIELD_0022
407491,"Fayette-Lamont-Chelsea complex, 18 to 25 percent slopes",Lamont,30,Well drained,0.0,20.0,1.0,6.2,0.17,12.5,67.3,20.2,1.53,12.5,FIELD_0022
407493,"Fayette-Lamont-Chelsea complex, 25 to 40 percent slopes",Lamont,30,Well drained,0.0,20.0,1.0,6.2,0.17,12.5,67.3,20.2,1.53,12.5,FIELD_0022
407487,"Fayette-Lamont-Chelsea complex, 5 to 9 percent slopes, moderately eroded",Lamont,30,Well drained,15.0,50.0,0.25,6.2,0.15,10.0,63.5,26.5,1.53,12.5,FIELD_0022
407489,"Fayette-Lamont-Chelsea complex, 9 to 14 percent slopes, moderately eroded",Lamont,30,Well drained,15.0,50.0,0.25,6.2,0.15,10.0,63.5,26.5,1.53,12.5,FIELD_0022
407490,"Fayette-Lamont-Chelsea complex, 14 to 18 percent slopes, moderately eroded",Lamont,30,Well drained,15.0,50.0,0.25,6.2,0.15,10.0,63.5,26.5,1.53,12.5,FIELD_0022
407488,"Fayette-Lamont-Chelsea complex, 9 to 14 percent slopes",Lamont,30,Well drained,20.0,58.0,0.25,6.2,0.15,10.0,63.5,26.5,1.53,12.5,FIELD_0022
407491,"Fayette-Lamont-Chelsea complex, 18 to 25 percent slopes",Lamont,30,Well drained,20.0,58.0,0.25,6.2,0.15,10.0,63.5,26.5,1.53,12.5,FIELD_0022
407493,"Fayette-Lamont-Chelsea complex, 25 to 40 percent slopes",Lamont,30,Well drained,20.0,58.0,0.25,6.2,0.15,10.0,63.5,26.5,1.53,12.5,FIELD_0022
407487,"Fayette-Lamont-Chelsea complex, 5 to 9 percent slopes, moderately eroded",Chelsea,20,Excessively drained,0.0,15.0,0.5,6.5,0.13,11.5,84.3,4.2,1.53,7.5,FIELD_0022
407488,"Fayette-Lamont-Chelsea complex, 9 to 14 percent slopes",Chelsea,20,Excessively drained,0.0,15.0,1.0,6.5,0.13,11.5,84.3,4.2,1.53,7.5,FIELD_0022
407489,"Fayette-Lamont-Chelsea complex, 9 to 14 percent slopes, moderately eroded",Chelsea,20,Excessively drained,0.0,15.0,0.5,6.5,0.13,11.5,84.3,4.2,1.53,7.5,FIELD_0022
407490,"Fayette-Lamont-Chelsea complex, 14 to 18 percent slopes, moderately eroded",Chelsea,20,Excessively drained,0.0,15.0,0.5,6.5,0.13,11.5,84.3,4.2,1.53,7.5,FIELD_0022
407491,"Fayette-Lamont-Chelsea complex, 18 to 25 percent slopes",Chelsea,20,Excessively drained,0.0,15.0,1.0,6.5,0.13,11.5,84.3,4.2,1.53,7.5,FIELD_0022
407493,"Fayette-Lamont-Chelsea complex, 25 to 40 percent slopes",Chelsea,20,Excessively drained,0.0,15.0,1.0,6.5,0.13,11.5,84.3,4.2,1.53,7.5,FIELD_0022
407487,"Fayette-Lamont-Chelsea complex, 5 to 9 percent slopes, moderately eroded",Chelsea,20,Excessively drained,15.0,152.0,0.25,5.8,0.07,7.5,90.7,1.8,1.63,7.5,FIELD_0022
407488,"Fayette-Lamont-Chelsea complex, 9 to 14 percent slopes",Chelsea,20,Excessively drained,15.0,152.0,0.25,5.8,0.07,7.5,90.7,1.8,1.63,7.5,FIELD_0022
407489,"Fayette-Lamont-Chelsea complex, 9 to 14 percent slopes, moderately eroded",Chelsea,20,Excessively drained,15.0,152.0,0.25,5.8,0.07,7.5,90.7,1.8,1.63,7.5,FIELD_0022
407490,"Fayette-Lamont-Chelsea complex, 14 to 18 percent slopes, moderately eroded",Chelsea,20,Excessively drained,15.0,152.0,0.25,5.8,0.07,7.5,90.7,1.8,1.63,7.5,FIELD_0022
407491,"Fayette-Lamont-Chelsea complex, 18 to 25 percent slopes",Chelsea,20,Excessively drained,15.0,152.0,0.25,5.8,0.07,7.5,90.7,1.8,1.63,7.5,FIELD_0022
407493,"Fayette-Lamont-Chelsea complex, 25 to 40 percent slopes",Chelsea,20,Excessively drained,15.0,152.0,0.25,5.8,0.07,7.5,90.7,1.8,1.63,7.5,FIELD_0022
407553,"Dubuque silt loam, 9 to 14 percent slopes, moderately eroded",Palsgrove,12,Well drained,0.0,20.0,2.0,6.5,0.23,24.0,9.0,67.0,1.42,20.1,FIELD_0022
407555,"Dubuque silt loam, 14 to 18 percent slopes, moderately eroded",Palsgrove,12,Well drained,0.0,20.0,2.0,6.5,0.23,24.0,9.0,67.0,1.42,20.1,FIELD_0022
407553,"Dubuque silt loam, 9 to 14 percent slopes, moderately eroded",Palsgrove,12,Well drained,20.0,102.0,0.65,6.2,0.19,26.0,9.0,65.0,1.45,20.7,FIELD_0022
407555,"Dubuque silt loam, 14 to 18 percent slopes, moderately eroded",Palsgrove,12,Well drained,20.0,102.0,0.65,6.2,0.19,26.0,9.0,65.0,1.45,20.7,FIELD_0022
407514,"Nordness-Rock outcrop complex, 18 to 60 percent slopes",Dubuque,10,Well drained,0.0,41.0,2.5,6.5,0.21,21.0,,,1.33,17.5,FIELD_0022
407528,"Volney-Dorchester silt loams, 1 to 7 percent slopes",Caneek,10,Poorly drained,0.0,71.0,1.2,8.0,0.21,21.0,,,1.25,22.5,FIELD_0022
407552,"Dubuque silt loam, 9 to 14 percent slopes",Palsgrove,10,Well drained,0.0,20.0,2.0,6.5,0.23,24.0,9.0,67.0,1.42,20.1,FIELD_0022
407556,"Dubuque silt loam, 18 to 25 percent slopes",Palsgrove,10,Well drained,0.0,20.0,2.0,6.5,0.23,24.0,9.0,67.0,1.42,20.1,FIELD_0022
407552,"Dubuque silt loam, 9 to 14 percent slopes",Palsgrove,10,Well drained,20.0,102.0,0.65,6.2,0.19,26.0,9.0,65.0,1.45,20.7,FIELD_0022
407556,"Dubuque silt loam, 18 to 25 percent slopes",Palsgrove,10,Well drained,20.0,102.0,0.65,6.2,0.19,26.0,9.0,65.0,1.45,20.7,FIELD_0022
407553,"Dubuque silt loam, 9 to 14 percent slopes, moderately eroded",Fayette,8,Well drained,0.0,20.0,2.0,6.2,0.21,21.0,11.0,68.0,1.41,17.8,FIELD_0022
407555,"Dubuque silt loam, 14 to 18 percent slopes, moderately eroded",Fayette,8,Well drained,0.0,20.0,2.0,6.2,0.21,21.0,11.0,68.0,1.41,17.8,FIELD_0022
407553,"Dubuque silt loam, 9 to 14 percent slopes, moderately eroded",Fayette,8,Well drained,20.0,86.0,0.5,5.6,0.19,27.0,7.0,66.0,1.46,21.2,FIELD_0022
407555,"Dubuque silt loam, 14 to 18 percent slopes, moderately eroded",Fayette,8,Well drained,20.0,86.0,0.5,5.6,0.19,27.0,7.0,66.0,1.46,21.2,FIELD_0022
407552,"Dubuque silt loam, 9 to 14 percent slopes",Fayette,7,Well drained,0.0,20.0,2.0,6.2,0.21,21.0,11.0,68.0,1.41,17.8,FIELD_0022
407556,"Dubuque silt loam, 18 to 25 percent slopes",Fayette,7,Well drained,0.0,20.0,2.0,6.2,0.21,21.0,11.0,68.0,1.41,17.8,FIELD_0022
407552,"Dubuque silt loam, 9 to 14 percent slopes",Fayette,7,Well drained,20.0,86.0,0.5,5.6,0.19,27.0,7.0,66.0,1.46,21.2,FIELD_0022
407556,"Dubuque silt loam, 18 to 25 percent slopes",Fayette,7,Well drained,20.0,86.0,0.5,5.6,0.19,27.0,7.0,66.0,1.46,21.2,FIELD_0022
407459,"Downs silt loam, 2 to 6 percent slopes, moderately eroded",Fayette,5,Well drained,0.0,20.0,2.0,6.2,0.21,21.0,4.0,75.0,1.42,17.8,FIELD_0022
407459,"Downs silt loam, 2 to 6 percent slopes, moderately eroded",Newvienna,5,Moderately well drained,0.0,18.0,2.5,6.5,0.23,17.0,8.0,75.0,1.43,14.9,FIELD_0022
407459,"Downs silt loam, 2 to 6 percent slopes, moderately eroded",Tama,5,Well drained,0.0,15.0,3.5,6.2,0.23,25.0,7.0,68.0,1.36,21.7,FIELD_0022
407461,"Downs silt loam, 5 to 9 percent slopes, moderately eroded",Downs,5,Well drained,0.0,20.0,3.0,6.2,0.22,21.0,5.0,74.0,1.28,18.1,FIELD_0022
407461,"Downs silt loam, 5 to 9 percent slopes, moderately eroded",Nasset,5,Well drained,0.0,15.0,3.0,6.5,0.23,17.0,8.0,75.0,1.33,15.0,FIELD_0022
407461,"Downs silt loam, 5 to 9 percent slopes, moderately eroded",Newvienna,5,Moderately well drained,0.0,18.0,3.5,6.5,0.23,17.0,8.0,75.0,1.33,15.1,FIELD_0022
407463,"Downs silt loam, 9 to 14 percent slopes, moderately eroded",Downs,5,Well drained,0.0,18.0,1.5,6.2,0.22,29.5,7.0,63.5,1.28,32.5,FIELD_0022
407463,"Downs silt loam, 9 to 14 percent slopes, moderately eroded",Downs,5,Well drained,0.0,20.0,3.0,6.2,0.22,21.0,5.0,74.0,1.28,18.1,FIELD_0022
407463,"Downs silt loam, 9 to 14 percent slopes, moderately eroded",Nasset,5,Well drained,0.0,15.0,3.0,6.5,0.23,17.0,8.0,75.0,1.33,15.0,FIELD_0022
407463,"Downs silt loam, 9 to 14 percent slopes, moderately eroded",Newvienna,5,Moderately well drained,0.0,18.0,3.5,6.5,0.23,17.0,8.0,75.0,1.33,15.1,FIELD_0022
407468,"Fayette silt loam, 2 to 6 percent slopes",Downs,5,Well drained,0.0,20.0,3.0,6.2,0.22,21.0,5.0,74.0,1.39,18.1,FIELD_0022
407468,"Fayette silt loam, 2 to 6 percent slopes",Palsgrove,5,Well drained,0.0,25.0,1.5,6.5,0.23,24.0,9.0,67.0,1.41,19.9,FIELD_0022
407468,"Fayette silt loam, 2 to 6 percent slopes",Village,5,Well drained,0.0,20.0,2.5,6.2,0.22,22.0,4.0,74.0,1.38,18.0,FIELD_0022
407470,"Fayette silt loam, 5 to 9 percent slopes, moderately eroded",Dubuque,5,Well drained,0.0,20.0,2.0,6.2,0.21,21.0,4.0,75.0,1.42,17.8,FIELD_0022
407470,"Fayette silt loam, 5 to 9 percent slopes, moderately eroded",Palsgrove,5,Well drained,0.0,25.0,1.5,6.5,0.23,24.0,9.3,66.7,1.4,19.9,FIELD_0022
407470,"Fayette silt loam, 5 to 9 percent slopes, moderately eroded",Village,5,Well drained,0.0,20.0,2.5,6.2,0.22,21.5,4.0,74.5,1.4,18.4,FIELD_0022
407471,"Fayette silt loam, 9 to 14 percent slopes",Dubuque,5,Well drained,0.0,8.0,3.0,6.5,0.21,22.0,11.0,67.0,1.34,18.9,FIELD_0022
407471,"Fayette silt loam, 9 to 14 percent slopes",Palsgrove,5,Well drained,0.0,25.0,1.5,6.5,0.23,24.0,9.3,66.7,1.4,19.9,FIELD_0022
407471,"Fayette silt loam, 9 to 14 percent slopes",Village,5,Well drained,0.0,20.0,2.5,6.2,0.22,21.5,4.0,74.5,1.4,18.4,FIELD_0022
407472,"Fayette silt loam, 9 to 14 percent slopes, moderately eroded",Dubuque,5,Well drained,0.0,20.0,2.0,6.2,0.21,21.0,4.0,75.0,1.42,17.8,FIELD_0022
407472,"Fayette silt loam, 9 to 14 percent slopes, moderately eroded",Palsgrove,5,Well drained,0.0,25.0,1.5,6.5,0.23,24.0,9.3,66.7,1.4,19.9,FIELD_0022
407472,"Fayette silt loam, 9 to 14 percent slopes, moderately eroded",Village,5,Well drained,0.0,20.0,2.5,6.2,0.22,21.5,4.0,74.5,1.4,18.4,FIELD_0022
407474,"Fayette silt loam, 14 to 18  percent slopes",Dubuque,5,Well drained,0.0,8.0,3.0,6.5,0.21,22.0,11.0,67.0,1.34,18.9,FIELD_0022
407474,"Fayette silt loam, 14 to 18  percent slopes",Palsgrove,5,Well drained,0.0,25.0,1.5,6.5,0.23,24.0,9.3,66.7,1.4,19.9,FIELD_0022
407474,"Fayette silt loam, 14 to 18  percent slopes",Village,5,Well drained,0.0,20.0,2.5,6.2,0.22,21.5,4.0,74.5,1.4,18.4,FIELD_0022
407475,"Fayette silt loam, 14 to 18  percent slopes, moderately eroded",Dubuque,5,Well drained,0.0,20.0,2.0,6.2,0.21,21.0,4.0,75.0,1.42,17.8,FIELD_0022
407475,"Fayette silt loam, 14 to 18  percent slopes, moderately eroded",Palsgrove,5,Well drained,0.0,25.0,1.5,6.5,0.23,24.0,9.3,66.7,1.4,19.9,FIELD_0022
407475,"Fayette silt loam, 14 to 18  percent slopes, moderately eroded",Village,5,Well drained,0.0,20.0,2.5,6.2,0.22,21.5,4.0,74.5,1.4,18.4,FIELD_0022
407478,"Fayette silt loam, 18 to 25 percent slopes, moderately eroded",Dubuque,5,Well drained,0.0,20.0,2.0,6.2,0.21,21.0,4.0,75.0,1.42,17.8,FIELD_0022
407478,"Fayette silt loam, 18 to 25 percent slopes, moderately eroded",Palsgrove,5,Well drained,0.0,25.0,1.5,6.5,0.23,24.0,9.3,66.7,1.4,19.9,FIELD_0022
407478,"Fayette silt loam, 18 to 25 percent slopes, moderately eroded",Village,5,Well drained,0.0,20.0,2.5,6.2,0.22,21.5,4.0,74.5,1.4,18.4,FIELD_0022
407480,"Fayette silt loam, 25 to 40 percent slopes",Dubuque,5,Well drained,0.0,8.0,3.0,6.5,0.21,22.0,11.0,67.0,1.34,18.9,FIELD_0022
407480,"Fayette silt loam, 25 to 40 percent slopes",Nordness,5,Well drained,0.0,10.0,2.5,6.5,0.21,21.0,26.0,53.0,1.4,18.0,FIELD_0022
407480,"Fayette silt loam, 25 to 40 percent slopes",Palsgrove,5,Well drained,0.0,25.0,1.5,6.5,0.23,24.0,9.3,66.7,1.4,19.9,FIELD_0022
407487,"Fayette-Lamont-Chelsea complex, 5 to 9 percent slopes, moderately eroded",Fayette,5,,0.0,30.0,2.0,6.2,0.19,26.0,9.1,64.9,1.4,21.5,FIELD_0022
407488,"Fayette-Lamont-Chelsea complex, 9 to 14 percent slopes",Nordness,5,Well drained,0.0,28.0,2.5,6.5,0.21,21.0,,,1.33,17.5,FIELD_0022
407489,"Fayette-Lamont-Chelsea complex, 9 to 14 percent slopes, moderately eroded",Nordness,5,Well drained,0.0,28.0,2.5,6.5,0.21,21.0,,,1.33,17.5,FIELD_0022
407490,"Fayette-Lamont-Chelsea complex, 14 to 18 percent slopes, moderately eroded",Nordness,5,Well drained,0.0,28.0,2.5,6.5,0.21,21.0,,,1.33,17.5,FIELD_0022
407491,"Fayette-Lamont-Chelsea complex, 18 to 25 percent slopes",Nordness,5,Well drained,0.0,28.0,2.5,6.5,0.21,21.0,,,1.33,17.5,FIELD_0022
407493,"Fayette-Lamont-Chelsea complex, 25 to 40 percent slopes",Nordness,5,Well drained,0.0,28.0,2.5,6.5,0.21,21.0,,,1.33,17.5,FIELD_0022
407523,"Newvienna silt loam, 9 to 14 percent slopes, moderately eroded",Downs,5,Well drained,0.0,30.0,2.5,6.2,0.22,22.0,,,1.28,27.5,FIELD_0022
407529,"Nordness silt loam, 5 to 14 percent slopes",Donatus,5,Well drained,0.0,20.0,2.0,6.7,0.21,19.5,,,1.33,27.5,FIELD_0022
407529,"Nordness silt loam, 5 to 14 percent slopes",Dubuque,5,Well drained,0.0,41.0,2.5,6.5,0.21,21.0,,,1.33,17.5,FIELD_0022
407530,"Nordness silt loam, 14 to 35 percent slopes",Donatus,5,Well drained,0.0,20.0,2.0,6.7,0.21,19.5,,,1.33,27.5,FIELD_0022
407530,"Nordness silt loam, 14 to 35 percent slopes",Dubuque,5,Well drained,0.0,41.0,2.5,6.5,0.21,21.0,,,1.33,17.5,FIELD_0022
407539,"Rozetta silt loam, 9 to 14 percent slopes, moderately eroded",Fayette,5,Well drained,0.0,30.0,2.0,6.2,0.19,26.0,,,1.4,21.5,FIELD_0022
407539,"Rozetta silt loam, 9 to 14 percent slopes, moderately eroded",Rozetta,5,Moderately well drained,0.0,18.0,1.2,6.2,0.2,31.0,,,1.38,21.5,FIELD_0022
407541,"Rozetta silt loam, 14 to 18 percent slopes, moderately eroded",Fayette,5,Well drained,0.0,30.0,2.0,6.2,0.19,26.0,,,1.4,21.5,FIELD_0022
407541,"Rozetta silt loam, 14 to 18 percent slopes, moderately eroded",Rozetta,5,Moderately well drained,0.0,18.0,1.2,6.2,0.2,31.0,,,1.38,21.5,FIELD_0022
407552,"Dubuque silt loam, 9 to 14 percent slopes",Dubuque,5,Well drained,0.0,20.0,2.0,6.2,0.21,21.0,4.0,75.0,1.42,17.8,FIELD_0022
407553,"Dubuque silt loam, 9 to 14 percent slopes, moderately eroded",Nordness,5,Well drained,0.0,10.0,2.5,6.5,0.21,21.0,26.0,53.0,1.4,18.0,FIELD_0022
407555,"Dubuque silt loam, 14 to 18 percent slopes, moderately eroded",Nordness,5,Well drained,0.0,10.0,2.5,6.5,0.21,21.0,26.0,53.0,1.4,18.0,FIELD_0022
407556,"Dubuque silt loam, 18 to 25 percent slopes",Dubuque,5,Well drained,0.0,20.0,2.0,6.2,0.21,21.0,4.0,75.0,1.42,17.8,FIELD_0022
407572,"Orion silt loam, 2 to 5 percent slopes, occassionally flooded",Arenzville,5,Moderately well drained,0.0,25.0,2.0,6.7,0.22,17.0,9.0,74.0,1.38,12.4,FIELD_0022
407471,"Fayette silt loam, 9 to 14 percent slopes",Dubuque,5,Well drained,8.0,41.0,1.0,6.5,0.21,19.0,8.0,73.0,1.42,15.8,FIELD_0022
407474,"Fayette silt loam, 14 to 18  percent slopes",Dubuque,5,Well drained,8.0,41.0,1.0,6.5,0.21,19.0,8.0,73.0,1.42,15.8,FIELD_0022
407480,"Fayette silt loam, 25 to 40 percent slopes",Dubuque,5,Well drained,8.0,41.0,1.0,6.5,0.21,19.0,8.0,73.0,1.42,15.8,FIELD_0022
407480,"Fayette silt loam, 25 to 40 percent slopes",Nordness,5,Well drained,10.0,33.0,0.75,6.5,0.21,26.0,23.0,51.0,1.42,20.8,FIELD_0022
407553,"Dubuque silt loam, 9 to 14 percent slopes, moderately eroded",Nordness,5,Well drained,10.0,33.0,0.75,6.5,0.21,26.0,23.0,51.0,1.42,20.8,FIELD_0022
407555,"Dubuque silt loam, 14 to 18 percent slopes, moderately eroded",Nordness,5,Well drained,10.0,33.0,0.75,6.5,0.21,26.0,23.0,51.0,1.42,20.8,FIELD_0022
407459,"Downs silt loam, 2 to 6 percent slopes, moderately eroded",Tama,5,Well drained,15.0,22.0,2.0,6.2,0.23,27.0,4.0,69.0,1.3,22.3,FIELD_0022
407461,"Downs silt loam, 5 to 9 percent slopes, moderately eroded",Nasset,5,Well drained,15.0,30.0,1.5,6.5,0.21,17.0,8.0,75.0,1.39,14.6,FIELD_0022
407463,"Downs silt loam, 9 to 14 percent slopes, moderately eroded",Nasset,5,Well drained,15.0,30.0,1.5,6.5,0.21,17.0,8.0,75.0,1.39,14.6,FIELD_0022
407459,"Downs silt loam, 2 to 6 percent slopes, moderately eroded",Newvienna,5,Moderately well drained,18.0,94.0,0.75,5.8,0.21,27.0,9.0,64.0,1.46,21.5,FIELD_0022
407461,"Downs silt loam, 5 to 9 percent slopes, moderately eroded",Newvienna,5,Moderately well drained,18.0,94.0,0.5,5.8,0.21,27.0,9.0,64.0,1.48,21.2,FIELD_0022
407463,"Downs silt loam, 9 to 14 percent slopes, moderately eroded",Downs,5,Well drained,18.0,107.0,0.25,6.5,0.19,25.0,5.0,70.0,1.4,19.2,FIELD_0022
407463,"Downs silt loam, 9 to 14 percent slopes, moderately eroded",Newvienna,5,Moderately well drained,18.0,94.0,0.5,5.8,0.21,27.0,9.0,64.0,1.48,21.2,FIELD_0022
407539,"Rozetta silt loam, 9 to 14 percent slopes, moderately eroded",Rozetta,5,Moderately well drained,18.0,114.0,,5.5,0.19,31.0,,,1.43,,FIELD_0022
407541,"Rozetta silt loam, 14 to 18 percent slopes, moderately eroded",Rozetta,5,Moderately well drained,18.0,114.0,,5.5,0.19,31.0,,,1.43,,FIELD_0022
407459,"Downs silt loam, 2 to 6 percent slopes, moderately eroded",Fayette,5,Well drained,20.0,28.0,0.5,6.2,0.21,24.0,4.0,72.0,1.4,19.0,FIELD_0022
407461,"Downs silt loam, 5 to 9 percent slopes, moderately eroded",Downs,5,Well drained,20.0,30.0,0.75,6.2,0.22,21.0,5.0,74.0,1.33,17.1,FIELD_0022
407463,"Downs silt loam, 9 to 14 percent slopes, moderately eroded",Downs,5,Well drained,20.0,30.0,0.75,6.2,0.22,21.0,5.0,74.0,1.33,17.1,FIELD_0022
407468,"Fayette silt loam, 2 to 6 percent slopes",Downs,5,Well drained,20.0,30.0,0.75,6.2,0.22,21.0,5.0,74.0,1.45,17.1,FIELD_0022
407468,"Fayette silt loam, 2 to 6 percent slopes",Village,5,Well drained,20.0,25.0,0.25,6.2,0.22,22.0,4.0,74.0,1.45,16.4,FIELD_0022
407470,"Fayette silt loam, 5 to 9 percent slopes, moderately eroded",Dubuque,5,Well drained,20.0,41.0,1.0,6.2,0.21,21.0,4.0,75.0,1.33,17.3,FIELD_0022
407470,"Fayette silt loam, 5 to 9 percent slopes, moderately eroded",Village,5,Well drained,20.0,25.0,0.25,6.2,0.22,21.5,4.0,74.5,1.42,16.8,FIELD_0022
407471,"Fayette silt loam, 9 to 14 percent slopes",Village,5,Well drained,20.0,25.0,0.25,6.2,0.22,21.5,4.0,74.5,1.42,16.8,FIELD_0022
407472,"Fayette silt loam, 9 to 14 percent slopes, moderately eroded",Dubuque,5,Well drained,20.0,41.0,1.0,6.2,0.21,21.0,4.0,75.0,1.33,17.3,FIELD_0022
407472,"Fayette silt loam, 9 to 14 percent slopes, moderately eroded",Village,5,Well drained,20.0,25.0,0.25,6.2,0.22,21.5,4.0,74.5,1.42,16.8,FIELD_0022
407474,"Fayette silt loam, 14 to 18  percent slopes",Village,5,Well drained,20.0,25.0,0.25,6.2,0.22,21.5,4.0,74.5,1.42,16.8,FIELD_0022
407475,"Fayette silt loam, 14 to 18  percent slopes, moderately eroded",Dubuque,5,Well drained,20.0,41.0,1.0,6.2,0.21,21.0,4.0,75.0,1.33,17.3,FIELD_0022
407475,"Fayette silt loam, 14 to 18  percent slopes, moderately eroded",Village,5,Well drained,20.0,25.0,0.25,6.2,0.22,21.5,4.0,74.5,1.42,16.8,FIELD_0022
407478,"Fayette silt loam, 18 to 25 percent slopes, moderately eroded",Dubuque,5,Well drained,20.0,41.0,1.0,6.2,0.21,21.0,4.0,75.0,1.33,17.3,FIELD_0022
407478,"Fayette silt loam, 18 to 25 percent slopes, moderately eroded",Village,5,Well drained,20.0,25.0,0.25,6.2,0.22,21.5,4.0,74.5,1.42,16.8,FIELD_0022
407529,"Nordness silt loam, 5 to 14 percent slopes",Donatus,5,Well drained,20.0,46.0,5.0,6.2,0.19,25.0,,,1.38,27.5,FIELD_0022
407530,"Nordness silt loam, 14 to 35 percent slopes",Donatus,5,Well drained,20.0,46.0,5.0,6.2,0.19,25.0,,,1.38,27.5,FIELD_0022
407552,"Dubuque silt loam, 9 to 14 percent slopes",Dubuque,5,Well drained,20.0,41.0,1.0,6.2,0.21,21.0,4.0,75.0,1.33,17.3,FIELD_0022
407556,"Dubuque silt loam, 18 to 25 percent slopes",Dubuque,5,Well drained,20.0,41.0,1.0,6.2,0.21,21.0,4.0,75.0,1.33,17.3,FIELD_0022
407459,"Downs silt loam, 2 to 6 percent slopes, moderately eroded",Tama,5,Well drained,22.0,90.0,0.75,5.8,0.19,27.0,4.0,69.0,1.45,21.5,FIELD_0022
407468,"Fayette silt loam, 2 to 6 percent slopes",Palsgrove,5,Well drained,25.0,104.0,0.65,6.2,0.19,30.0,7.0,63.0,1.38,23.5,FIELD_0022
407468,"Fayette silt loam, 2 to 6 percent slopes",Village,5,Well drained,25.0,79.0,0.25,5.5,0.19,27.0,4.0,69.0,1.47,,FIELD_0022
407470,"Fayette silt loam, 5 to 9 percent slopes, moderately eroded",Palsgrove,5,Well drained,25.0,104.0,0.65,6.2,0.19,30.0,6.9,63.1,1.38,23.5,FIELD_0022
407470,"Fayette silt loam, 5 to 9 percent slopes, moderately eroded",Village,5,Well drained,25.0,66.0,0.25,5.5,0.19,27.5,4.0,68.5,1.48,,FIELD_0022
407471,"Fayette silt loam, 9 to 14 percent slopes",Palsgrove,5,Well drained,25.0,104.0,0.65,6.2,0.19,30.0,6.9,63.1,1.38,23.5,FIELD_0022
407471,"Fayette silt loam, 9 to 14 percent slopes",Village,5,Well drained,25.0,66.0,0.25,5.5,0.19,27.5,4.0,68.5,1.48,,FIELD_0022
407472,"Fayette silt loam, 9 to 14 percent slopes, moderately eroded",Palsgrove,5,Well drained,25.0,104.0,0.65,6.2,0.19,30.0,6.9,63.1,1.38,23.5,FIELD_0022
407472,"Fayette silt loam, 9 to 14 percent slopes, moderately eroded",Village,5,Well drained,25.0,66.0,0.25,5.5,0.19,27.5,4.0,68.5,1.48,,FIELD_0022
407474,"Fayette silt loam, 14 to 18  percent slopes",Palsgrove,5,Well drained,25.0,104.0,0.65,6.2,0.19,30.0,6.9,63.1,1.38,23.5,FIELD_0022
407474,"Fayette silt loam, 14 to 18  percent slopes",Village,5,Well drained,25.0,66.0,0.25,5.5,0.19,27.5,4.0,68.5,1.48,,FIELD_0022
407475,"Fayette silt loam, 14 to 18  percent slopes, moderately eroded",Palsgrove,5,Well drained,25.0,104.0,0.65,6.2,0.19,30.0,6.9,63.1,1.38,23.5,FIELD_0022
407475,"Fayette silt loam, 14 to 18  percent slopes, moderately eroded",Village,5,Well drained,25.0,66.0,0.25,5.5,0.19,27.5,4.0,68.5,1.48,,FIELD_0022
407478,"Fayette silt loam, 18 to 25 percent slopes, moderately eroded",Palsgrove,5,Well drained,25.0,104.0,0.65,6.2,0.19,30.0,6.9,63.1,1.38,23.5,FIELD_0022
407478,"Fayette silt loam, 18 to 25 percent slopes, moderately eroded",Village,5,Well drained,25.0,66.0,0.25,5.5,0.19,27.5,4.0,68.5,1.48,,FIELD_0022
407480,"Fayette silt loam, 25 to 40 percent slopes",Palsgrove,5,Well drained,25.0,104.0,0.65,6.2,0.19,30.0,6.9,63.1,1.38,23.5,FIELD_0022
407572,"Orion silt loam, 2 to 5 percent slopes, occassionally flooded",Arenzville,5,Moderately well drained,25.0,64.0,0.75,6.7,0.22,18.0,8.0,74.0,1.38,11.9,FIELD_0022
407459,"Downs silt loam, 2 to 6 percent slopes, moderately eroded",Fayette,5,Well drained,28.0,58.0,0.5,5.8,0.19,27.0,4.0,69.0,1.41,21.2,FIELD_0022
407488,"Fayette-Lamont-Chelsea complex, 9 to 14 percent slopes",Nordness,5,Well drained,28.0,38.0,0.75,6.5,0.21,25.5,,,1.4,17.5,FIELD_0022
407489,"Fayette-Lamont-Chelsea complex, 9 to 14 percent slopes, moderately eroded",Nordness,5,Well drained,28.0,38.0,0.75,6.5,0.21,25.5,,,1.4,17.5,FIELD_0022
407490,"Fayette-Lamont-Chelsea complex, 14 to 18 percent slopes, moderately eroded",Nordness,5,Well drained,28.0,38.0,0.75,6.5,0.21,25.5,,,1.4,17.5,FIELD_0022
407491,"Fayette-Lamont-Chelsea complex, 18 to 25 percent slopes",Nordness,5,Well drained,28.0,38.0,0.75,6.5,0.21,25.5,,,1.4,17.5,FIELD_0022
407493,"Fayette-Lamont-Chelsea complex, 25 to 40 percent slopes",Nordness,5,Well drained,28.0,38.0,0.75,6.5,0.21,25.5,,,1.4,17.5,FIELD_0022
407529,"Nordness silt loam, 5 to 14 percent slopes",Rollingstone,3,Well drained,0.0,15.0,2.0,6.5,0.23,18.5,27.1,54.4,1.38,12.5,FIELD_0022
407530,"Nordness silt loam, 14 to 35 percent slopes",Rollingstone,3,Well drained,0.0,15.0,2.0,6.5,0.23,18.5,27.1,54.4,1.38,12.5,FIELD_0022
407552,"Dubuque silt loam, 9 to 14 percent slopes",Nordness,3,Well drained,0.0,10.0,2.5,6.5,0.21,21.0,26.0,53.0,1.4,18.0,FIELD_0022
407556,"Dubuque silt loam, 18 to 25 percent slopes",Nordness,3,Well drained,0.0,10.0,2.5,6.5,0.21,21.0,26.0,53.0,1.4,18.0,FIELD_0022
407552,"Dubuque silt loam, 9 to 14 percent slopes",Nordness,3,Well drained,10.0,33.0,0.75,6.5,0.21,26.0,23.0,51.0,1.42,20.8,FIELD_0022
407556,"Dubuque silt loam, 18 to 25 percent slopes",Nordness,3,Well drained,10.0,33.0,0.75,6.5,0.21,26.0,23.0,51.0,1.42,20.8,FIELD_0022
407529,"Nordness silt loam, 5 to 14 percent slopes",Rollingstone,3,Well drained,15.0,33.0,0.5,5.8,0.23,21.0,26.3,52.7,1.43,22.5,FIELD_0022
407530,"Nordness silt loam, 14 to 35 percent slopes",Rollingstone,3,Well drained,15.0,33.0,0.5,5.8,0.23,21.0,26.3,52.7,1.43,,FIELD_0022
407529,"Nordness silt loam, 5 to 14 percent slopes",Rock Outcrop,2,,0.0,203.0,,,0.0,0.0,,,,,FIELD_0022
407530,"Nordness silt loam, 14 to 35 percent slopes",Rock Outcrop,2,,0.0,203.0,,,0.0,0.0,,,,,FIELD_0022
407572,"Orion silt loam, 2 to 5 percent slopes, occassionally flooded",Ettrick,2,Poorly drained,0.0,41.0,8.0,6.5,0.22,24.0,3.0,73.0,1.29,21.2,FIELD_0022
398325,Water,Water,100,,,,,,,,,,,,FIELD_0023
398239,"Chaseburg silt loam, channeled, 2 to 6 percent slopes",Chaseburg,90,Well drained,0.0,18.0,2.5,7.0,0.23,14.0,14.2,71.8,1.45,12.0,FIELD_0023
398283,Root silt loam,Root,90,Poorly drained,0.0,30.0,4.0,7.2,0.22,11.5,32.3,56.2,1.35,14.0,FIELD_0023
3386747,"Tama silt loam, driftless, 2 to 6 percent slopes",Tama,90,Well drained,0.0,15.0,3.5,6.2,0.23,25.0,7.0,68.0,1.36,21.7,FIELD_0023
3386748,"Tama silt loam, driftless, 6 to 12 percent slopes, moderately eroded",Tama,90,Well drained,0.0,15.0,3.5,6.2,0.23,25.0,7.0,68.0,1.36,21.7,FIELD_0023
3386747,"Tama silt loam, driftless, 2 to 6 percent slopes",Tama,90,Well drained,15.0,36.0,3.0,6.2,0.23,27.0,4.0,69.0,1.3,22.7,FIELD_0023
3386748,"Tama silt loam, driftless, 6 to 12 percent slopes, moderately eroded",Tama,90,Well drained,15.0,22.0,2.0,6.2,0.23,27.0,4.0,69.0,1.3,22.3,FIELD_0023
398239,"Chaseburg silt loam, channeled, 2 to 6 percent slopes",Chaseburg,90,Well drained,18.0,152.0,2.5,6.7,0.2,14.0,14.2,71.8,1.6,12.0,FIELD_0023
3386748,"Tama silt loam, driftless, 6 to 12 percent slopes, moderately eroded",Tama,90,Well drained,22.0,90.0,0.75,5.8,0.19,27.0,4.0,69.0,1.45,21.5,FIELD_0023
398231,"Eitzen silt loam, occasionally flooded",Eitzen,85,Well drained,0.0,20.0,3.0,6.5,0.23,21.5,11.2,67.3,1.4,17.0,FIELD_0023
398236,"Eitzen silt loam, channeled, 1 to 6 percent slopes",Eitzen,85,Well drained,0.0,20.0,3.0,6.5,0.23,21.5,11.2,67.3,1.4,17.0,FIELD_0023
398264,"Lindstrom silt loam, 2 to 6 percent slopes",Lindstrom,85,Well drained,0.0,23.0,4.0,6.5,0.21,15.0,14.0,71.0,1.38,13.5,FIELD_0023
398281,"Lacrescent cobbly silty clay loam, 45 to 70 percent slopes",Lacrescent,85,Well drained,0.0,43.0,4.0,7.0,0.19,27.5,19.1,53.4,1.33,21.0,FIELD_0023
3386731,"Downs silt loam, 2 to 6 percent slopes, moderately eroded",Downs,85,Well drained,0.0,20.0,2.5,6.2,0.22,21.0,5.0,74.0,1.4,18.0,FIELD_0023
3386732,"Downs silt loam, 6 to 12 percent slopes, moderately eroded",Downs,85,Well drained,0.0,20.0,2.5,6.2,0.22,21.0,5.0,74.0,1.4,18.0,FIELD_0023
3386733,"Downs silt loam, 12 to 18 percent slopes, moderately eroded",Downs,85,Well drained,0.0,20.0,2.5,6.2,0.22,21.0,5.0,74.0,1.4,18.0,FIELD_0023
3386743,"Fayette silt loam, 2 to 6 percent slopes",Fayette,85,Well drained,0.0,20.0,2.0,6.2,0.21,21.0,4.0,75.0,1.42,17.8,FIELD_0023
3386744,"Fayette silt loam, 6 to 12 percent slopes, moderately eroded",Fayette,85,Well drained,0.0,20.0,2.0,6.2,0.21,21.0,4.0,75.0,1.42,17.8,FIELD_0023
3386745,"Fayette silt loam, 12 to 20 percent slopes, moderately eroded",Fayette,85,Well drained,0.0,20.0,2.0,6.2,0.21,21.0,4.0,75.0,1.42,17.8,FIELD_0023
3386746,"Tama silt loam, driftless, 0 to 2 percent slopes",Tama,85,Well drained,0.0,15.0,3.5,6.2,0.23,25.0,7.0,68.0,1.36,21.7,FIELD_0023
3386746,"Tama silt loam, driftless, 0 to 2 percent slopes",Tama,85,Well drained,15.0,36.0,3.0,6.2,0.23,27.0,4.0,69.0,1.3,22.7,FIELD_0023
398231,"Eitzen silt loam, occasionally flooded",Eitzen,85,Well drained,20.0,122.0,1.5,5.8,0.21,22.5,9.5,68.0,1.38,14.0,FIELD_0023
398236,"Eitzen silt loam, channeled, 1 to 6 percent slopes",Eitzen,85,Well drained,20.0,122.0,2.5,5.8,0.21,22.5,9.5,68.0,1.38,16.0,FIELD_0023
3386731,"Downs silt loam, 2 to 6 percent slopes, moderately eroded",Downs,85,Well drained,20.0,43.0,0.75,6.2,0.22,21.0,5.0,74.0,1.38,17.1,FIELD_0023
3386732,"Downs silt loam, 6 to 12 percent slopes, moderately eroded",Downs,85,Well drained,20.0,43.0,0.75,6.2,0.22,21.0,5.0,74.0,1.38,17.1,FIELD_0023
3386733,"Downs silt loam, 12 to 18 percent slopes, moderately eroded",Downs,85,Well drained,20.0,43.0,0.75,6.2,0.22,21.0,5.0,74.0,1.38,17.1,FIELD_0023
3386743,"Fayette silt loam, 2 to 6 percent slopes",Fayette,85,Well drained,20.0,28.0,0.5,6.2,0.21,24.0,4.0,72.0,1.4,19.0,FIELD_0023
3386744,"Fayette silt loam, 6 to 12 percent slopes, moderately eroded",Fayette,85,Well drained,20.0,28.0,0.5,6.2,0.21,24.0,4.0,72.0,1.4,19.0,FIELD_0023
3386745,"Fayette silt loam, 12 to 20 percent slopes, moderately eroded",Fayette,85,Well drained,20.0,28.0,0.5,6.2,0.21,24.0,4.0,72.0,1.4,19.0,FIELD_0023
398264,"Lindstrom silt loam, 2 to 6 percent slopes",Lindstrom,85,Well drained,23.0,41.0,4.0,6.5,0.21,15.0,14.0,71.0,1.28,13.5,FIELD_0023
3386743,"Fayette silt loam, 2 to 6 percent slopes",Fayette,85,Well drained,28.0,58.0,0.5,5.8,0.19,27.0,4.0,69.0,1.41,21.2,FIELD_0023
3386744,"Fayette silt loam, 6 to 12 percent slopes, moderately eroded",Fayette,85,Well drained,28.0,58.0,0.5,5.8,0.19,27.0,4.0,69.0,1.41,21.2,FIELD_0023
3386745,"Fayette silt loam, 12 to 20 percent slopes, moderately eroded",Fayette,85,Well drained,28.0,58.0,0.5,5.8,0.19,27.0,4.0,69.0,1.41,21.2,FIELD_0023
398309,"Beavercreek-Arenzville complex, 1 to 12 percent slopes",Beavercreek,70,Well drained,0.0,13.0,1.5,6.7,0.18,11.5,62.5,26.0,1.45,9.0,FIELD_0023
398309,"Beavercreek-Arenzville complex, 1 to 12 percent slopes",Beavercreek,70,Well drained,13.0,30.0,0.75,6.7,0.16,11.5,30.4,58.1,1.45,7.0,FIELD_0023
398314,"Huntsville-Beavercreek silt loams, channeled",Huntsville,65,Well drained,0.0,84.0,3.5,6.7,0.23,22.5,9.5,68.0,1.25,18.0,FIELD_0023
398303,"Newhouse-Valton silt loams, 6 to 12 percent slopes",Newhouse,60,Well drained,0.0,23.0,3.5,6.5,0.23,17.5,13.6,68.9,1.4,16.0,FIELD_0023
398307,"Lamoille-Elbaville silt loams, 20 to 30 percent slopes",Lamoille,60,Well drained,0.0,10.0,2.0,6.7,0.23,19.5,26.7,53.8,1.3,14.0,FIELD_0023
398307,"Lamoille-Elbaville silt loams, 20 to 30 percent slopes",Lamoille,60,Well drained,10.0,68.0,0.75,5.6,0.14,45.0,26.1,28.9,1.5,24.0,FIELD_0023
398303,"Newhouse-Valton silt loams, 6 to 12 percent slopes",Newhouse,60,Well drained,23.0,64.0,1.5,6.2,0.21,24.0,9.3,66.7,1.53,15.0,FIELD_0023
398299,"Blackhammer-Southridge complex, 2 to 6 percent slopes",Blackhammer,55,Well drained,0.0,20.0,1.5,6.2,0.23,16.0,10.0,74.0,1.46,13.8,FIELD_0023
398300,"Blackhammer-Southridge complex, 6 to 12 percent slopes, moderately eroded",Blackhammer,55,Well drained,0.0,20.0,1.5,6.2,0.23,16.0,10.0,74.0,1.46,13.8,FIELD_0023
398301,"Blackhammer-Southridge complex, 12 to 20 percent slopes, moderately eroded",Blackhammer,55,Well drained,0.0,20.0,1.5,6.2,0.23,16.0,10.0,74.0,1.47,13.8,FIELD_0023
398302,"Lamoille-Dorerton silt loams, 30 to 45 percent slopes",Lamoille,55,Well drained,0.0,10.0,2.0,6.7,0.23,19.5,26.7,53.8,1.3,14.0,FIELD_0023
398306,"Nodine-Rollingstone silt loams, 12 to 20 percent slopes, eroded",Nodine,55,Well drained,0.0,18.0,2.0,6.5,0.23,17.5,29.1,53.4,1.38,13.0,FIELD_0023
398302,"Lamoille-Dorerton silt loams, 30 to 45 percent slopes",Lamoille,55,Well drained,10.0,68.0,0.75,5.6,0.14,20.0,26.5,53.5,1.5,12.0,FIELD_0023
398306,"Nodine-Rollingstone silt loams, 12 to 20 percent slopes, eroded",Nodine,55,Well drained,18.0,25.0,0.75,5.8,0.23,21.0,26.3,52.7,1.43,12.0,FIELD_0023
398299,"Blackhammer-Southridge complex, 2 to 6 percent slopes",Blackhammer,55,Well drained,20.0,46.0,0.5,5.8,0.2,20.0,9.0,71.0,1.46,16.2,FIELD_0023
398300,"Blackhammer-Southridge complex, 6 to 12 percent slopes, moderately eroded",Blackhammer,55,Well drained,20.0,46.0,0.5,5.8,0.2,20.0,9.0,71.0,1.46,16.2,FIELD_0023
398301,"Blackhammer-Southridge complex, 12 to 20 percent slopes, moderately eroded",Blackhammer,55,Well drained,20.0,46.0,0.5,5.8,0.2,20.0,9.0,71.0,1.46,16.2,FIELD_0023
398306,"Nodine-Rollingstone silt loams, 12 to 20 percent slopes, eroded",Nodine,55,Well drained,25.0,152.0,0.55,5.6,0.12,26.5,26.3,47.2,1.5,14.0,FIELD_0023
398304,"Newhouse-Valton silt loams, 12 to 20 percent slopes",Newhouse,50,Well drained,0.0,23.0,3.5,6.5,0.23,17.5,13.6,68.9,1.4,16.0,FIELD_0023
398304,"Newhouse-Valton silt loams, 12 to 20 percent slopes",Newhouse,50,Well drained,23.0,64.0,1.5,6.2,0.21,24.0,9.3,66.7,1.53,15.0,FIELD_0023
398305,"Nodine-Rollingstone silt loams, 4 to 12 percent slopes, eroded",Nodine,45,Well drained,0.0,18.0,2.0,6.5,0.23,17.5,29.1,53.4,1.38,13.0,FIELD_0023
398305,"Nodine-Rollingstone silt loams, 4 to 12 percent slopes, eroded",Nodine,45,Well drained,18.0,25.0,0.75,5.8,0.23,21.0,26.3,52.7,1.43,12.0,FIELD_0023
398305,"Nodine-Rollingstone silt loams, 4 to 12 percent slopes, eroded",Nodine,45,Well drained,25.0,152.0,0.55,5.6,0.12,26.5,26.3,47.2,1.5,14.0,FIELD_0023
398304,"Newhouse-Valton silt loams, 12 to 20 percent slopes",Valton,40,Well drained,0.0,23.0,2.0,6.2,0.2,15.0,14.0,71.0,1.33,12.0,FIELD_0023
398305,"Nodine-Rollingstone silt loams, 4 to 12 percent slopes, eroded",Rollingstone,40,Well drained,0.0,15.0,2.0,6.5,0.23,18.5,27.1,54.4,1.38,13.0,FIELD_0023
398305,"Nodine-Rollingstone silt loams, 4 to 12 percent slopes, eroded",Rollingstone,40,Well drained,15.0,33.0,0.75,5.8,0.23,21.0,26.3,52.7,1.43,12.0,FIELD_0023
398304,"Newhouse-Valton silt loams, 12 to 20 percent slopes",Valton,40,Well drained,23.0,84.0,0.75,6.2,0.17,26.5,9.0,64.5,1.38,15.0,FIELD_0023
398302,"Lamoille-Dorerton silt loams, 30 to 45 percent slopes",Dorerton,35,Well drained,0.0,8.0,1.5,6.2,0.22,14.0,30.4,55.6,1.35,10.0,FIELD_0023
398303,"Newhouse-Valton silt loams, 6 to 12 percent slopes",Valton,35,Well drained,0.0,23.0,2.0,6.2,0.2,15.0,14.0,71.0,1.33,12.0,FIELD_0023
398306,"Nodine-Rollingstone silt loams, 12 to 20 percent slopes, eroded",Rollingstone,35,Well drained,0.0,15.0,2.0,6.5,0.23,18.5,27.1,54.4,1.38,13.0,FIELD_0023
398302,"Lamoille-Dorerton silt loams, 30 to 45 percent slopes",Dorerton,35,Well drained,8.0,28.0,0.75,6.2,0.18,26.5,23.5,50.0,1.38,15.0,FIELD_0023
398306,"Nodine-Rollingstone silt loams, 12 to 20 percent slopes, eroded",Rollingstone,35,Well drained,15.0,33.0,0.75,5.8,0.23,21.0,26.3,52.7,1.43,12.0,FIELD_0023
398303,"Newhouse-Valton silt loams, 6 to 12 percent slopes",Valton,35,Well drained,23.0,84.0,0.75,6.2,0.17,26.5,9.0,64.5,1.38,15.0,FIELD_0023
398302,"Lamoille-Dorerton silt loams, 30 to 45 percent slopes",Dorerton,35,Well drained,28.0,64.0,0.55,6.5,0.11,26.5,37.2,36.3,1.33,15.0,FIELD_0023
398307,"Lamoille-Elbaville silt loams, 20 to 30 percent slopes",Elbaville,25,Well drained,0.0,13.0,1.5,6.5,0.22,18.5,27.1,54.4,1.4,12.0,FIELD_0023
398307,"Lamoille-Elbaville silt loams, 20 to 30 percent slopes",Elbaville,25,Well drained,13.0,56.0,0.75,6.2,0.18,26.5,20.5,53.0,1.43,16.0,FIELD_0023
398299,"Blackhammer-Southridge complex, 2 to 6 percent slopes",Southridge,20,Well drained,0.0,20.0,2.5,6.2,0.23,18.0,10.0,72.0,1.38,14.1,FIELD_0023
398300,"Blackhammer-Southridge complex, 6 to 12 percent slopes, moderately eroded",Southridge,20,Well drained,0.0,20.0,2.5,6.2,0.23,18.0,10.0,72.0,1.38,14.1,FIELD_0023
398301,"Blackhammer-Southridge complex, 12 to 20 percent slopes, moderately eroded",Southridge,20,Well drained,0.0,20.0,2.5,6.2,0.23,18.0,10.0,72.0,1.38,14.1,FIELD_0023
398309,"Beavercreek-Arenzville complex, 1 to 12 percent slopes",Arenzville,20,Moderately well drained,0.0,25.0,2.0,6.7,0.22,14.0,14.2,71.8,1.38,11.0,FIELD_0023
398314,"Huntsville-Beavercreek silt loams, channeled",Beavercreek,20,Well drained,0.0,13.0,2.5,6.7,0.21,14.0,30.4,55.6,1.38,12.0,FIELD_0023
398314,"Huntsville-Beavercreek silt loams, channeled",Beavercreek,20,Well drained,13.0,30.0,0.75,6.7,0.16,11.5,30.4,58.1,1.45,7.0,FIELD_0023
398299,"Blackhammer-Southridge complex, 2 to 6 percent slopes",Southridge,20,Well drained,20.0,40.0,0.5,5.8,0.2,20.0,9.0,71.0,1.41,16.2,FIELD_0023
398300,"Blackhammer-Southridge complex, 6 to 12 percent slopes, moderately eroded",Southridge,20,Well drained,20.0,40.0,0.5,5.8,0.2,20.0,9.0,71.0,1.41,16.2,FIELD_0023
398301,"Blackhammer-Southridge complex, 12 to 20 percent slopes, moderately eroded",Southridge,20,Well drained,20.0,40.0,0.5,5.8,0.2,20.0,9.0,71.0,1.41,16.2,FIELD_0023
398309,"Beavercreek-Arenzville complex, 1 to 12 percent slopes",Arenzville,20,Moderately well drained,25.0,117.0,0.75,6.7,0.2,20.0,37.4,42.6,1.35,12.0,FIELD_0023
398231,"Eitzen silt loam, occasionally flooded",Lindstrom,15,Well drained,0.0,18.0,4.0,6.5,0.21,21.0,11.3,67.7,1.25,19.0,FIELD_0023
398305,"Nodine-Rollingstone silt loams, 4 to 12 percent slopes, eroded",Seaton,15,Well drained,0.0,20.0,2.0,6.5,0.23,16.0,13.9,70.1,1.28,13.5,FIELD_0023
398231,"Eitzen silt loam, occasionally flooded",Lindstrom,15,Well drained,18.0,68.0,2.5,6.5,0.24,21.0,11.3,67.7,1.25,16.0,FIELD_0023
398305,"Nodine-Rollingstone silt loams, 4 to 12 percent slopes, eroded",Seaton,15,Well drained,20.0,109.0,0.75,5.9,0.21,22.5,9.5,68.0,1.4,13.5,FIELD_0023
398314,"Huntsville-Beavercreek silt loams, channeled",Root,10,,,,,,,,,,,,FIELD_0023
398236,"Eitzen silt loam, channeled, 1 to 6 percent slopes",Port Byron,10,Well drained,0.0,38.0,3.0,6.8,0.23,22.0,10.0,68.0,1.34,18.9,FIELD_0023
398264,"Lindstrom silt loam, 2 to 6 percent slopes",Barremills,10,Well drained,0.0,23.0,3.5,6.5,0.23,17.0,14.0,69.0,1.38,15.1,FIELD_0023
398283,Root silt loam,Kalmarville,10,Poorly drained,0.0,25.0,3.0,7.2,0.16,11.5,67.5,21.0,1.43,12.0,FIELD_0023
398304,"Newhouse-Valton silt loams, 12 to 20 percent slopes",Eitzen,10,Well drained,0.0,20.0,3.0,6.5,0.23,21.5,11.2,67.3,1.4,17.0,FIELD_0023
398304,"Newhouse-Valton silt loams, 12 to 20 percent slopes",Eitzen,10,Well drained,20.0,122.0,1.5,5.8,0.21,22.5,9.5,68.0,1.38,14.0,FIELD_0023
398264,"Lindstrom silt loam, 2 to 6 percent slopes",Barremills,10,Well drained,23.0,69.0,3.5,6.5,0.23,17.0,14.0,69.0,1.31,15.1,FIELD_0023
398283,Root silt loam,Kalmarville,10,Poorly drained,25.0,68.0,0.75,7.2,0.16,13.0,77.0,10.0,1.45,8.0,FIELD_0023
398281,"Lacrescent cobbly silty clay loam, 45 to 70 percent slopes",Rock outcrop,9,,0.0,200.0,,,0.0,,,,,,FIELD_0023
398299,"Blackhammer-Southridge complex, 2 to 6 percent slopes",Brinkman,9,Moderately well drained,0.0,20.0,2.5,6.2,0.23,18.0,10.0,72.0,1.42,15.6,FIELD_0023
398299,"Blackhammer-Southridge complex, 2 to 6 percent slopes",Newhouse,9,Well drained,0.0,20.0,1.75,6.2,0.23,18.0,10.0,72.0,1.46,13.8,FIELD_0023
398299,"Blackhammer-Southridge complex, 2 to 6 percent slopes",Brinkman,9,Moderately well drained,20.0,180.0,0.5,6.2,0.21,22.0,10.0,68.0,1.44,17.6,FIELD_0023
398299,"Blackhammer-Southridge complex, 2 to 6 percent slopes",Newhouse,9,Well drained,20.0,33.0,0.5,5.8,0.2,20.0,9.0,71.0,1.41,16.2,FIELD_0023
398300,"Blackhammer-Southridge complex, 6 to 12 percent slopes, moderately eroded",Mickle,8,Moderately well drained,0.0,20.0,2.5,6.2,0.23,17.0,14.0,69.0,1.41,14.9,FIELD_0023
398301,"Blackhammer-Southridge complex, 12 to 20 percent slopes, moderately eroded",Lamoille,8,Well drained,0.0,20.0,1.5,6.6,0.23,16.0,10.0,74.0,1.46,13.8,FIELD_0023
398302,"Lamoille-Dorerton silt loams, 30 to 45 percent slopes",Rock outcrop,8,,0.0,200.0,,,0.0,,,,,,FIELD_0023
398307,"Lamoille-Elbaville silt loams, 20 to 30 percent slopes",Rock outcrop,8,,0.0,200.0,,,0.0,,,,,,FIELD_0023
398300,"Blackhammer-Southridge complex, 6 to 12 percent slopes, moderately eroded",Mickle,8,Moderately well drained,20.0,30.0,2.5,6.2,0.23,17.0,14.0,69.0,1.31,14.9,FIELD_0023
398301,"Blackhammer-Southridge complex, 12 to 20 percent slopes, moderately eroded",Lamoille,8,Well drained,20.0,30.0,0.75,6.6,0.21,24.0,11.0,65.0,1.45,19.3,FIELD_0023
398300,"Blackhammer-Southridge complex, 6 to 12 percent slopes, moderately eroded",Newhouse,7,Well drained,0.0,20.0,1.5,6.2,0.23,16.0,10.0,74.0,1.46,13.8,FIELD_0023
398300,"Blackhammer-Southridge complex, 6 to 12 percent slopes, moderately eroded",Rollingstone,7,Well drained,0.0,20.0,2.5,6.7,0.19,19.0,6.0,75.0,1.4,10.3,FIELD_0023
398301,"Blackhammer-Southridge complex, 12 to 20 percent slopes, moderately eroded",Nodine,7,Well drained,0.0,17.0,2.0,6.5,0.23,16.0,10.0,74.0,1.45,13.9,FIELD_0023
398301,"Blackhammer-Southridge complex, 12 to 20 percent slopes, moderately eroded",Rollingstone,7,Well drained,0.0,20.0,2.5,6.7,0.19,19.0,6.0,75.0,1.4,10.3,FIELD_0023
398301,"Blackhammer-Southridge complex, 12 to 20 percent slopes, moderately eroded",Nodine,7,Well drained,17.0,41.0,1.0,5.8,0.2,20.0,9.0,71.0,1.45,16.6,FIELD_0023
398300,"Blackhammer-Southridge complex, 6 to 12 percent slopes, moderately eroded",Newhouse,7,Well drained,20.0,33.0,0.5,5.8,0.2,20.0,9.0,71.0,1.41,16.2,FIELD_0023
398300,"Blackhammer-Southridge complex, 6 to 12 percent slopes, moderately eroded",Rollingstone,7,Well drained,20.0,33.0,0.75,5.7,0.14,29.0,8.0,63.0,1.4,15.4,FIELD_0023
398301,"Blackhammer-Southridge complex, 12 to 20 percent slopes, moderately eroded",Rollingstone,7,Well drained,20.0,33.0,0.75,5.7,0.14,29.0,8.0,63.0,1.4,15.4,FIELD_0023
398314,"Huntsville-Beavercreek silt loams, channeled",Newalbin,5,,,,,,,,,,,,FIELD_0023
398236,"Eitzen silt loam, channeled, 1 to 6 percent slopes",Mt. Carroll,5,Well drained,0.0,20.0,3.0,6.5,0.23,19.0,10.0,71.0,1.4,16.5,FIELD_0023
398264,"Lindstrom silt loam, 2 to 6 percent slopes",Tama,5,Well drained,0.0,15.0,3.5,6.2,0.23,25.0,7.0,68.0,1.36,21.3,FIELD_0023
398281,"Lacrescent cobbly silty clay loam, 45 to 70 percent slopes",Boone,5,Excessively drained,0.0,20.0,0.75,5.4,0.09,2.0,92.0,6.0,1.61,,FIELD_0023
398299,"Blackhammer-Southridge complex, 2 to 6 percent slopes",Reedsburg,5,Somewhat poorly drained,0.0,20.0,2.0,7.0,0.23,17.0,11.0,72.0,1.45,14.7,FIELD_0023
398303,"Newhouse-Valton silt loams, 6 to 12 percent slopes",Eitzen,5,Well drained,0.0,20.0,3.0,6.5,0.23,21.5,11.2,67.3,1.4,17.0,FIELD_0023
398306,"Nodine-Rollingstone silt loams, 12 to 20 percent slopes, eroded",Chaseburg,5,Moderately well drained,0.0,22.0,2.5,7.0,0.23,14.0,14.2,71.8,1.45,12.5,FIELD_0023
398306,"Nodine-Rollingstone silt loams, 12 to 20 percent slopes, eroded",Seaton,5,Well drained,0.0,20.0,2.0,6.5,0.23,16.0,13.9,70.1,1.28,13.5,FIELD_0023
398307,"Lamoille-Elbaville silt loams, 20 to 30 percent slopes",Sogn,5,Somewhat excessively drained,0.0,36.0,3.0,7.3,0.2,21.5,26.1,52.4,1.18,17.0,FIELD_0023
398309,"Beavercreek-Arenzville complex, 1 to 12 percent slopes",Elbaville,5,Well drained,0.0,13.0,5.0,5.8,0.23,12.0,14.0,74.0,1.28,11.2,FIELD_0023
398309,"Beavercreek-Arenzville complex, 1 to 12 percent slopes",Root,5,Poorly drained,0.0,30.0,4.0,7.2,0.22,11.5,32.3,56.2,1.35,14.0,FIELD_0023
3386731,"Downs silt loam, 2 to 6 percent slopes, moderately eroded",Fayette,5,Well drained,0.0,20.0,2.0,6.2,0.21,21.0,4.0,75.0,1.42,17.8,FIELD_0023
3386731,"Downs silt loam, 2 to 6 percent slopes, moderately eroded",Newvienna,5,Moderately well drained,0.0,18.0,2.5,6.5,0.23,17.0,8.0,75.0,1.43,14.9,FIELD_0023
3386731,"Downs silt loam, 2 to 6 percent slopes, moderately eroded",Tama,5,Well drained,0.0,15.0,3.5,6.2,0.23,25.0,7.0,68.0,1.36,21.7,FIELD_0023
3386732,"Downs silt loam, 6 to 12 percent slopes, moderately eroded",Downs,5,Well drained,0.0,20.0,3.0,6.2,0.22,21.0,5.0,74.0,1.39,18.1,FIELD_0023
3386732,"Downs silt loam, 6 to 12 percent slopes, moderately eroded",Nasset,5,Well drained,0.0,15.0,2.5,6.5,0.23,18.0,7.0,75.0,1.4,15.6,FIELD_0023
3386732,"Downs silt loam, 6 to 12 percent slopes, moderately eroded",Newvienna,5,Moderately well drained,0.0,18.0,2.5,6.5,0.23,17.0,8.0,75.0,1.43,14.9,FIELD_0023
3386733,"Downs silt loam, 12 to 18 percent slopes, moderately eroded",Downs,5,Well drained,0.0,18.0,1.5,6.2,0.22,28.0,5.0,67.0,1.44,22.8,FIELD_0023
3386733,"Downs silt loam, 12 to 18 percent slopes, moderately eroded",Nasset,5,Well drained,0.0,15.0,2.5,6.5,0.23,18.0,7.0,75.0,1.4,15.6,FIELD_0023
3386733,"Downs silt loam, 12 to 18 percent slopes, moderately eroded",Newvienna,5,Moderately well drained,0.0,18.0,2.5,6.5,0.23,17.0,8.0,75.0,1.43,14.9,FIELD_0023
3386743,"Fayette silt loam, 2 to 6 percent slopes",Downs,5,Well drained,0.0,20.0,3.0,6.2,0.22,21.0,5.0,74.0,1.39,18.1,FIELD_0023
3386743,"Fayette silt loam, 2 to 6 percent slopes",Palsgrove,5,Well drained,0.0,25.0,1.5,6.5,0.23,24.0,9.0,67.0,1.41,19.9,FIELD_0023
3386743,"Fayette silt loam, 2 to 6 percent slopes",Village,5,Well drained,0.0,20.0,2.5,6.2,0.22,22.0,4.0,74.0,1.38,18.0,FIELD_0023
3386744,"Fayette silt loam, 6 to 12 percent slopes, moderately eroded",Dubuque,5,Well drained,0.0,20.0,2.0,6.2,0.21,21.0,4.0,75.0,1.42,17.8,FIELD_0023
3386744,"Fayette silt loam, 6 to 12 percent slopes, moderately eroded",Palsgrove,5,Well drained,0.0,25.0,1.5,6.5,0.23,24.0,9.0,67.0,1.41,19.9,FIELD_0023
3386744,"Fayette silt loam, 6 to 12 percent slopes, moderately eroded",Village,5,Well drained,0.0,20.0,2.5,6.2,0.22,22.0,4.0,74.0,1.38,18.0,FIELD_0023
3386745,"Fayette silt loam, 12 to 20 percent slopes, moderately eroded",Dubuque,5,Well drained,0.0,20.0,2.0,6.2,0.21,21.0,4.0,75.0,1.34,17.8,FIELD_0023
3386745,"Fayette silt loam, 12 to 20 percent slopes, moderately eroded",Palsgrove,5,Well drained,0.0,25.0,1.5,6.2,0.23,24.0,9.0,67.0,1.41,19.9,FIELD_0023
3386745,"Fayette silt loam, 12 to 20 percent slopes, moderately eroded",Village,5,Well drained,0.0,20.0,2.5,6.2,0.22,22.0,4.0,74.0,1.38,18.7,FIELD_0023
3386746,"Tama silt loam, driftless, 0 to 2 percent slopes",Dinsdale,5,Moderately well drained,0.0,18.0,3.5,6.4,0.18,26.0,8.0,66.0,1.38,22.1,FIELD_0023
3386746,"Tama silt loam, driftless, 0 to 2 percent slopes",Garwin,5,Poorly drained,0.0,20.0,6.5,6.5,0.2,32.0,2.0,66.0,1.29,27.3,FIELD_0023
3386746,"Tama silt loam, driftless, 0 to 2 percent slopes",Muscatine,5,Somewhat poorly drained,0.0,18.0,5.0,5.6,0.23,26.0,3.0,71.0,1.27,22.4,FIELD_0023
3386747,"Tama silt loam, driftless, 2 to 6 percent slopes",Dinsdale,5,Moderately well drained,0.0,18.0,3.5,6.4,0.18,26.0,8.0,66.0,1.38,22.1,FIELD_0023
3386747,"Tama silt loam, driftless, 2 to 6 percent slopes",Muscatine,5,Somewhat poorly drained,0.0,18.0,5.0,5.6,0.23,26.0,3.0,71.0,1.27,22.4,FIELD_0023
3386748,"Tama silt loam, driftless, 6 to 12 percent slopes, moderately eroded",Ashdale,5,Well drained,0.0,38.0,3.0,6.2,0.23,15.0,14.0,71.0,1.39,13.4,FIELD_0023
3386748,"Tama silt loam, driftless, 6 to 12 percent slopes, moderately eroded",Tama,5,Well drained,0.0,10.0,3.5,6.2,0.23,25.0,7.0,68.0,1.36,21.7,FIELD_0023
3386748,"Tama silt loam, driftless, 6 to 12 percent slopes, moderately eroded",Tama,5,Well drained,10.0,78.0,0.75,5.8,0.19,27.0,4.0,69.0,1.45,21.5,FIELD_0023
398309,"Beavercreek-Arenzville complex, 1 to 12 percent slopes",Elbaville,5,Well drained,13.0,20.0,0.75,6.2,0.21,13.0,15.0,72.0,1.53,11.1,FIELD_0023
398264,"Lindstrom silt loam, 2 to 6 percent slopes",Tama,5,Well drained,15.0,36.0,3.0,6.2,0.23,27.0,4.0,69.0,1.3,22.7,FIELD_0023
3386731,"Downs silt loam, 2 to 6 percent slopes, moderately eroded",Tama,5,Well drained,15.0,22.0,2.0,6.2,0.23,27.0,4.0,69.0,1.3,22.3,FIELD_0023
3386732,"Downs silt loam, 6 to 12 percent slopes, moderately eroded",Nasset,5,Well drained,15.0,30.0,0.75,6.5,0.21,17.0,8.0,75.0,1.44,14.2,FIELD_0023
3386733,"Downs silt loam, 12 to 18 percent slopes, moderately eroded",Nasset,5,Well drained,15.0,30.0,0.75,6.5,0.21,17.0,8.0,75.0,1.44,14.2,FIELD_0023
3386731,"Downs silt loam, 2 to 6 percent slopes, moderately eroded",Newvienna,5,Moderately well drained,18.0,94.0,0.75,5.8,0.21,27.0,9.0,64.0,1.46,21.5,FIELD_0023
3386732,"Downs silt loam, 6 to 12 percent slopes, moderately eroded",Newvienna,5,Moderately well drained,18.0,94.0,0.75,5.8,0.21,27.0,9.0,64.0,1.46,21.5,FIELD_0023
3386733,"Downs silt loam, 12 to 18 percent slopes, moderately eroded",Downs,5,Well drained,18.0,107.0,0.25,6.5,0.19,25.0,5.0,70.0,1.46,19.2,FIELD_0023
3386733,"Downs silt loam, 12 to 18 percent slopes, moderately eroded",Newvienna,5,Moderately well drained,18.0,94.0,0.75,5.8,0.21,27.0,9.0,64.0,1.46,21.5,FIELD_0023
3386746,"Tama silt loam, driftless, 0 to 2 percent slopes",Dinsdale,5,Moderately well drained,18.0,30.0,2.5,6.2,0.18,28.0,7.0,65.0,1.33,23.3,FIELD_0023
3386746,"Tama silt loam, driftless, 0 to 2 percent slopes",Muscatine,5,Somewhat poorly drained,18.0,41.0,5.0,5.6,0.23,28.0,3.0,69.0,1.21,23.9,FIELD_0023
3386747,"Tama silt loam, driftless, 2 to 6 percent slopes",Dinsdale,5,Moderately well drained,18.0,30.0,2.5,6.2,0.18,28.0,7.0,65.0,1.33,23.3,FIELD_0023
3386747,"Tama silt loam, driftless, 2 to 6 percent slopes",Muscatine,5,Somewhat poorly drained,18.0,41.0,5.0,5.6,0.23,28.0,3.0,69.0,1.21,23.9,FIELD_0023
398236,"Eitzen silt loam, channeled, 1 to 6 percent slopes",Mt. Carroll,5,Well drained,20.0,96.0,0.5,6.2,0.21,21.0,9.0,70.0,1.4,16.9,FIELD_0023
398281,"Lacrescent cobbly silty clay loam, 45 to 70 percent slopes",Boone,5,Excessively drained,20.0,53.0,0.15,4.9,0.08,1.0,95.0,4.0,1.7,,FIELD_0023
398299,"Blackhammer-Southridge complex, 2 to 6 percent slopes",Reedsburg,5,Somewhat poorly drained,20.0,43.0,0.5,6.2,0.21,20.0,10.0,70.0,1.41,16.2,FIELD_0023
398303,"Newhouse-Valton silt loams, 6 to 12 percent slopes",Eitzen,5,Well drained,20.0,122.0,1.5,5.8,0.21,22.5,9.5,68.0,1.38,14.0,FIELD_0023
398306,"Nodine-Rollingstone silt loams, 12 to 20 percent slopes, eroded",Seaton,5,Well drained,20.0,109.0,0.75,5.9,0.21,22.5,9.5,68.0,1.4,13.5,FIELD_0023
398309,"Beavercreek-Arenzville complex, 1 to 12 percent slopes",Elbaville,5,Well drained,20.0,28.0,0.75,6.2,0.21,12.0,15.0,73.0,1.54,10.4,FIELD_0023
3386731,"Downs silt loam, 2 to 6 percent slopes, moderately eroded",Fayette,5,Well drained,20.0,28.0,0.5,6.2,0.21,24.0,4.0,72.0,1.4,19.0,FIELD_0023
3386732,"Downs silt loam, 6 to 12 percent slopes, moderately eroded",Downs,5,Well drained,20.0,30.0,0.75,6.2,0.22,21.0,5.0,74.0,1.45,17.1,FIELD_0023
3386743,"Fayette silt loam, 2 to 6 percent slopes",Downs,5,Well drained,20.0,30.0,0.75,6.2,0.22,21.0,5.0,74.0,1.45,17.1,FIELD_0023
3386743,"Fayette silt loam, 2 to 6 percent slopes",Village,5,Well drained,20.0,25.0,0.25,6.2,0.22,22.0,4.0,74.0,1.45,16.4,FIELD_0023
3386744,"Fayette silt loam, 6 to 12 percent slopes, moderately eroded",Dubuque,5,Well drained,20.0,41.0,1.0,6.2,0.21,21.0,4.0,75.0,1.35,17.3,FIELD_0023
3386744,"Fayette silt loam, 6 to 12 percent slopes, moderately eroded",Village,5,Well drained,20.0,25.0,0.25,6.2,0.22,22.0,4.0,74.0,1.45,16.4,FIELD_0023
3386745,"Fayette silt loam, 12 to 20 percent slopes, moderately eroded",Dubuque,5,Well drained,20.0,41.0,1.0,6.2,0.21,21.0,4.0,75.0,1.35,17.3,FIELD_0023
3386745,"Fayette silt loam, 12 to 20 percent slopes, moderately eroded",Village,5,Well drained,20.0,25.0,0.25,6.2,0.22,22.0,4.0,74.0,1.45,17.1,FIELD_0023
3386746,"Tama silt loam, driftless, 0 to 2 percent slopes",Garwin,5,Poorly drained,20.0,30.0,4.5,6.5,0.22,33.0,2.0,65.0,1.26,27.6,FIELD_0023
398306,"Nodine-Rollingstone silt loams, 12 to 20 percent slopes, eroded",Chaseburg,5,Moderately well drained,22.0,200.0,0.75,6.7,0.2,14.0,14.2,71.8,1.6,11.9,FIELD_0023
3386731,"Downs silt loam, 2 to 6 percent slopes, moderately eroded",Tama,5,Well drained,22.0,90.0,0.75,5.8,0.19,27.0,4.0,69.0,1.45,21.5,FIELD_0023
3386743,"Fayette silt loam, 2 to 6 percent slopes",Palsgrove,5,Well drained,25.0,104.0,0.65,6.2,0.19,30.0,7.0,63.0,1.38,23.5,FIELD_0023
3386743,"Fayette silt loam, 2 to 6 percent slopes",Village,5,Well drained,25.0,79.0,0.25,5.5,0.19,27.0,4.0,69.0,1.47,,FIELD_0023
3386744,"Fayette silt loam, 6 to 12 percent slopes, moderately eroded",Palsgrove,5,Well drained,25.0,104.0,0.65,6.2,0.19,30.0,7.0,63.0,1.38,23.5,FIELD_0023
3386744,"Fayette silt loam, 6 to 12 percent slopes, moderately eroded",Village,5,Well drained,25.0,79.0,0.25,5.5,0.19,27.0,4.0,69.0,1.47,,FIELD_0023
3386745,"Fayette silt loam, 12 to 20 percent slopes, moderately eroded",Palsgrove,5,Well drained,25.0,104.0,0.65,6.2,0.19,30.0,7.0,63.0,1.38,23.5,FIELD_0023
3386745,"Fayette silt loam, 12 to 20 percent slopes, moderately eroded",Village,5,Well drained,25.0,66.0,0.25,5.5,0.19,27.0,4.0,69.0,1.47,,FIELD_0023
398309,"Beavercreek-Arenzville complex, 1 to 12 percent slopes",Elbaville,5,Well drained,28.0,43.0,0.25,6.2,0.19,18.0,17.0,65.0,1.48,14.3,FIELD_0023
3386731,"Downs silt loam, 2 to 6 percent slopes, moderately eroded",Fayette,5,Well drained,28.0,58.0,0.5,5.8,0.19,27.0,4.0,69.0,1.41,21.2,FIELD_0023
398239,"Chaseburg silt loam, channeled, 2 to 6 percent slopes",Timula,4,Well drained,0.0,20.0,1.5,7.0,0.22,14.0,26.0,60.0,1.46,12.2,FIELD_0023
398239,"Chaseburg silt loam, channeled, 2 to 6 percent slopes",Timula,4,Well drained,20.0,71.0,0.35,7.0,0.19,14.0,20.0,66.0,1.45,11.6,FIELD_0023
398300,"Blackhammer-Southridge complex, 6 to 12 percent slopes, moderately eroded",Newglarus,3,Well drained,0.0,23.0,1.5,6.2,0.23,18.0,10.0,72.0,1.44,15.3,FIELD_0023
398301,"Blackhammer-Southridge complex, 12 to 20 percent slopes, moderately eroded",Mickle,3,Moderately well drained,0.0,20.0,2.5,6.2,0.23,17.0,14.0,69.0,1.41,14.9,FIELD_0023
398301,"Blackhammer-Southridge complex, 12 to 20 percent slopes, moderately eroded",Mickle,3,Moderately well drained,20.0,30.0,2.5,6.2,0.23,17.0,14.0,69.0,1.31,14.9,FIELD_0023
398300,"Blackhammer-Southridge complex, 6 to 12 percent slopes, moderately eroded",Newglarus,3,Well drained,23.0,33.0,0.25,6.2,0.21,21.0,9.0,70.0,1.41,16.4,FIELD_0023
398239,"Chaseburg silt loam, channeled, 2 to 6 percent slopes",Beavercreek,2,Well drained,0.0,20.0,2.5,6.7,0.21,14.0,30.4,55.6,1.38,12.0,FIELD_0023
398239,"Chaseburg silt loam, channeled, 2 to 6 percent slopes",Elbaville,2,Well drained,0.0,41.0,1.5,6.5,0.22,18.5,27.1,54.4,1.4,12.0,FIELD_0023
398239,"Chaseburg silt loam, channeled, 2 to 6 percent slopes",Seaton,2,Well drained,0.0,23.0,2.0,6.2,0.23,17.0,6.0,77.0,1.28,14.7,FIELD_0023
398302,"Lamoille-Dorerton silt loams, 30 to 45 percent slopes",Lacrescent,2,Well drained,0.0,43.0,4.0,7.0,0.19,27.5,19.1,53.4,1.33,21.0,FIELD_0023
398307,"Lamoille-Elbaville silt loams, 20 to 30 percent slopes",Chaseburg,2,Well drained,0.0,18.0,2.5,7.0,0.23,14.0,14.2,71.8,1.45,12.0,FIELD_0023
398307,"Lamoille-Elbaville silt loams, 20 to 30 percent slopes",Chaseburg,2,Well drained,18.0,152.0,2.5,6.7,0.2,14.0,14.2,71.8,1.6,12.0,FIELD_0023
398239,"Chaseburg silt loam, channeled, 2 to 6 percent slopes",Beavercreek,2,Well drained,20.0,152.0,0.25,7.2,0.06,11.5,30.4,58.1,1.45,6.0,FIELD_0023
398239,"Chaseburg silt loam, channeled, 2 to 6 percent slopes",Seaton,2,Well drained,23.0,38.0,0.75,5.7,0.21,17.0,6.0,77.0,1.35,14.2,FIELD_0023
398281,"Lacrescent cobbly silty clay loam, 45 to 70 percent slopes",Beavercreek,1,Well drained,0.0,13.0,1.5,6.7,0.15,11.0,63.0,26.0,1.48,6.0,FIELD_0023
398299,"Blackhammer-Southridge complex, 2 to 6 percent slopes",Newglarus,1,Well drained,0.0,20.0,1.5,6.2,0.23,18.0,10.0,72.0,1.44,15.3,FIELD_0023
398299,"Blackhammer-Southridge complex, 2 to 6 percent slopes",Reedsburg,1,Poorly drained,0.0,23.0,2.0,7.0,0.23,17.0,11.0,72.0,1.45,14.7,FIELD_0023
398281,"Lacrescent cobbly silty clay loam, 45 to 70 percent slopes",Beavercreek,1,Well drained,13.0,30.0,0.75,7.0,0.14,10.0,67.0,23.0,1.5,5.4,FIELD_0023
398299,"Blackhammer-Southridge complex, 2 to 6 percent slopes",Newglarus,1,Well drained,20.0,33.0,0.25,6.2,0.21,21.0,9.0,70.0,1.41,16.4,FIELD_0023
398299,"Blackhammer-Southridge complex, 2 to 6 percent slopes",Reedsburg,1,Poorly drained,23.0,43.0,0.5,6.2,0.21,20.0,10.0,70.0,1.41,16.2,FIELD_0023
398306,"Nodine-Rollingstone silt loams, 12 to 20 percent slopes, eroded",Rock outcrop,0,,0.0,10.0,,,,,,,,,FIELD_0023
406449,Water,Water,100,,,,,,,,,,,,FIELD_0024
406349,"Gara loam, dissected till plain, 18 to 25 percent slopes, eroded",Gara,95,Well drained,0.0,13.0,2.5,6.5,0.21,22.0,40.0,38.0,1.44,18.7,FIELD_0024
406349,"Gara loam, dissected till plain, 18 to 25 percent slopes, eroded",Gara,95,Well drained,13.0,109.0,0.5,6.1,0.15,33.0,33.0,34.0,1.52,25.4,FIELD_0024
406385,"Sharpsburg silty clay loam, 5 to 9 percent slopes, eroded",Sharpsburg,90,Moderately well drained,0.0,18.0,3.1,5.7,0.22,34.0,2.0,64.0,1.38,27.2,FIELD_0024
406385,"Sharpsburg silty clay loam, 5 to 9 percent slopes, eroded",Sharpsburg,90,Moderately well drained,18.0,54.0,0.8,6.0,0.19,38.0,2.0,60.0,1.29,28.4,FIELD_0024
406422,"Ladoga silt loam, dissected till plain, 5 to 9 percent slopes, eroded",Ladoga,85,Moderately well drained,0.0,15.0,2.5,6.6,0.23,25.0,2.0,73.0,1.42,20.7,FIELD_0024
406422,"Ladoga silt loam, dissected till plain, 5 to 9 percent slopes, eroded",Ladoga,85,Moderately well drained,15.0,25.0,0.8,5.6,0.22,28.0,2.0,70.0,1.38,22.0,FIELD_0024
406422,"Ladoga silt loam, dissected till plain, 5 to 9 percent slopes, eroded",Ladoga,85,Moderately well drained,25.0,130.0,0.8,5.4,0.19,38.0,2.0,60.0,1.39,,FIELD_0024
406336,"Colo-Judson silty clay loams, 0 to 5 percent slopes, occasionally flooded",Colo,65,Poorly drained,0.0,20.0,6.0,6.3,0.22,30.0,6.0,64.0,1.27,25.6,FIELD_0024
406440,"Gara-Armstrong loams, 14 to 18 percent slopes, moderately eroded",Gara,65,Well drained,0.0,23.0,2.5,6.5,0.17,25.0,35.4,39.6,1.53,27.5,FIELD_0024
406336,"Colo-Judson silty clay loams, 0 to 5 percent slopes, occasionally flooded",Colo,65,Poorly drained,20.0,86.0,3.0,6.4,0.19,31.0,6.0,63.0,1.23,25.7,FIELD_0024
406440,"Gara-Armstrong loams, 14 to 18 percent slopes, moderately eroded",Gara,65,Well drained,23.0,76.0,0.25,5.5,0.17,31.5,35.3,33.2,1.65,27.5,FIELD_0024
406437,"Shelby-Adair clay loams, dissected till plain, 14 to 18 percent slopes, eroded",Shelby,50,Well drained,0.0,18.0,2.9,6.2,0.18,30.0,33.0,37.0,1.38,24.9,FIELD_0024
406437,"Shelby-Adair clay loams, dissected till plain, 14 to 18 percent slopes, eroded",Shelby,50,Well drained,18.0,93.0,1.1,6.1,0.16,34.0,30.0,36.0,1.46,26.9,FIELD_0024
406437,"Shelby-Adair clay loams, dissected till plain, 14 to 18 percent slopes, eroded",Adair,40,Somewhat poorly drained,0.0,18.0,3.6,6.2,0.18,30.0,23.0,47.0,1.34,24.5,FIELD_0024
406437,"Shelby-Adair clay loams, dissected till plain, 14 to 18 percent slopes, eroded",Adair,40,Somewhat poorly drained,18.0,43.0,0.6,5.8,0.1,43.0,22.0,35.0,1.38,31.5,FIELD_0024
406440,"Gara-Armstrong loams, 14 to 18 percent slopes, moderately eroded",Armstrong,35,Somewhat poorly drained,0.0,20.0,2.0,6.5,0.18,24.0,30.0,46.0,1.48,24.2,FIELD_0024
406440,"Gara-Armstrong loams, 14 to 18 percent slopes, moderately eroded",Armstrong,35,Somewhat poorly drained,20.0,28.0,0.75,5.5,0.15,30.0,37.5,32.5,1.6,24.9,FIELD_0024
406440,"Gara-Armstrong loams, 14 to 18 percent slopes, moderately eroded",Armstrong,35,Somewhat poorly drained,28.0,36.0,0.5,5.5,0.15,34.0,37.5,28.5,1.6,24.9,FIELD_0024
406336,"Colo-Judson silty clay loams, 0 to 5 percent slopes, occasionally flooded",Judson,25,Well drained,0.0,23.0,3.8,5.8,0.22,29.0,4.0,67.0,1.31,24.4,FIELD_0024
406336,"Colo-Judson silty clay loams, 0 to 5 percent slopes, occasionally flooded",Judson,25,Well drained,23.0,56.0,2.6,6.1,0.19,30.0,4.0,66.0,1.26,24.8,FIELD_0024
406336,"Colo-Judson silty clay loams, 0 to 5 percent slopes, occasionally flooded",Ely,10,Somewhat poorly drained,0.0,20.0,5.5,6.6,0.16,29.0,8.0,63.0,1.45,24.0,FIELD_0024
406336,"Colo-Judson silty clay loams, 0 to 5 percent slopes, occasionally flooded",Ely,10,Somewhat poorly drained,20.0,81.0,4.5,6.1,0.18,33.0,3.0,64.0,1.43,26.1,FIELD_0024
406349,"Gara loam, dissected till plain, 18 to 25 percent slopes, eroded",Armstrong,5,Somewhat poorly drained,0.0,20.0,2.0,6.5,0.18,30.0,30.0,40.0,1.38,24.0,FIELD_0024
406385,"Sharpsburg silty clay loam, 5 to 9 percent slopes, eroded",Adair,5,Somewhat poorly drained,0.0,18.0,2.7,6.2,0.15,32.0,22.5,45.5,1.5,25.7,FIELD_0024
406385,"Sharpsburg silty clay loam, 5 to 9 percent slopes, eroded",Nira,5,Moderately well drained,0.0,18.0,2.7,6.5,0.22,33.0,2.0,65.0,1.36,27.1,FIELD_0024
406422,"Ladoga silt loam, dissected till plain, 5 to 9 percent slopes, eroded",Armstrong,5,Somewhat poorly drained,0.0,20.0,2.0,6.5,0.18,30.0,30.0,40.0,1.38,24.0,FIELD_0024
406422,"Ladoga silt loam, dissected till plain, 5 to 9 percent slopes, eroded",Gara,5,Well drained,0.0,13.0,2.5,6.5,0.21,22.0,40.0,38.0,1.44,18.7,FIELD_0024
406422,"Ladoga silt loam, dissected till plain, 5 to 9 percent slopes, eroded",Sharpsburg,5,Moderately well drained,0.0,18.0,3.1,5.7,0.22,34.0,2.0,64.0,1.38,27.2,FIELD_0024
406437,"Shelby-Adair clay loams, dissected till plain, 14 to 18 percent slopes, eroded",Olmitz,5,Moderately well drained,0.0,18.0,3.5,6.5,0.21,25.5,40.0,34.5,1.53,21.7,FIELD_0024
406437,"Shelby-Adair clay loams, dissected till plain, 14 to 18 percent slopes, eroded",Sharpsburg,5,Moderately well drained,0.0,18.0,3.1,5.7,0.22,34.0,2.0,64.0,1.38,27.2,FIELD_0024
406422,"Ladoga silt loam, dissected till plain, 5 to 9 percent slopes, eroded",Gara,5,Well drained,13.0,109.0,0.5,6.1,0.15,33.0,33.0,34.0,1.52,25.4,FIELD_0024
406385,"Sharpsburg silty clay loam, 5 to 9 percent slopes, eroded",Adair,5,Somewhat poorly drained,18.0,43.0,0.75,5.8,0.1,49.0,25.0,26.0,1.33,35.5,FIELD_0024
406385,"Sharpsburg silty clay loam, 5 to 9 percent slopes, eroded",Nira,5,Moderately well drained,18.0,30.0,0.4,6.5,0.19,34.0,2.0,64.0,1.43,25.8,FIELD_0024
406422,"Ladoga silt loam, dissected till plain, 5 to 9 percent slopes, eroded",Sharpsburg,5,Moderately well drained,18.0,54.0,0.8,6.0,0.19,38.0,2.0,60.0,1.29,28.4,FIELD_0024
406437,"Shelby-Adair clay loams, dissected till plain, 14 to 18 percent slopes, eroded",Olmitz,5,Moderately well drained,18.0,76.0,2.5,6.2,0.16,28.0,35.0,37.0,1.45,23.3,FIELD_0024
406437,"Shelby-Adair clay loams, dissected till plain, 14 to 18 percent slopes, eroded",Sharpsburg,5,Moderately well drained,18.0,54.0,0.8,6.0,0.19,38.0,2.0,60.0,1.29,28.4,FIELD_0024
406349,"Gara loam, dissected till plain, 18 to 25 percent slopes, eroded",Armstrong,5,Somewhat poorly drained,20.0,28.0,0.75,5.5,0.15,30.0,37.5,32.5,1.44,,FIELD_0024
406422,"Ladoga silt loam, dissected till plain, 5 to 9 percent slopes, eroded",Armstrong,5,Somewhat poorly drained,20.0,28.0,0.75,5.5,0.15,30.0,37.5,32.5,1.44,,FIELD_0024
406349,"Gara loam, dissected till plain, 18 to 25 percent slopes, eroded",Armstrong,5,Somewhat poorly drained,28.0,36.0,0.5,5.5,0.15,34.0,37.5,28.5,1.44,,FIELD_0024
406422,"Ladoga silt loam, dissected till plain, 5 to 9 percent slopes, eroded",Armstrong,5,Somewhat poorly drained,28.0,36.0,0.5,5.5,0.15,34.0,37.5,28.5,1.44,,FIELD_0024
408169,"Orwood silt loam, 9 to 14 percent slopes, moderately eroded",Orwood,100,Well drained,0.0,20.0,2.5,6.5,0.21,17.0,29.3,53.7,1.38,14.9,FIELD_0025
408185,"Chelsea loamy fine sand, 5 to 9 percent slopes",Chelsea,100,Excessively drained,0.0,20.0,1.0,6.1,0.11,5.0,85.0,10.0,1.57,4.2,FIELD_0025
408200,"Waubeek silt loam, 5 to 9 percent slopes",Waubeek,100,Moderately well drained,0.0,18.0,3.0,7.0,0.2,22.0,7.0,71.0,1.39,18.9,FIELD_0025
408200,"Waubeek silt loam, 5 to 9 percent slopes",Waubeek,100,Moderately well drained,18.0,33.0,1.5,5.6,0.21,22.0,7.0,71.0,1.44,18.4,FIELD_0025
408169,"Orwood silt loam, 9 to 14 percent slopes, moderately eroded",Orwood,100,Well drained,20.0,56.0,1.5,6.5,0.21,21.0,26.3,52.7,1.38,17.6,FIELD_0025
408185,"Chelsea loamy fine sand, 5 to 9 percent slopes",Chelsea,100,Excessively drained,20.0,91.0,0.25,5.8,0.1,3.0,92.0,5.0,1.68,2.4,FIELD_0025
408085,"Atterberry silt loam, terrace, 2 to 5 percent slopes",Atterberry,95,Somewhat poorly drained,0.0,20.0,3.25,6.4,0.19,24.0,4.0,72.0,1.37,20.5,FIELD_0025
408090,"Brady sandy loam, 1 to 3 percent slopes",Brady,95,Somewhat poorly drained,0.0,20.0,2.0,6.2,0.1,10.0,62.0,28.0,1.52,5.5,FIELD_0025
408118,"Dickinson fine sandy loam, 2 to 5 percent slopes",Dickinson,95,Well drained,0.0,23.0,2.0,6.3,0.15,10.0,65.0,25.0,1.53,9.1,FIELD_0025
408124,"Klinger silt loam, 1 to 4 percent slopes",Klinger,95,Somewhat poorly drained,0.0,20.0,5.0,6.2,0.23,26.0,10.0,64.0,1.32,22.4,FIELD_0025
408125,"Floyd loam, 1 to 4 percent slopes",Floyd,95,Somewhat poorly drained,0.0,41.0,4.0,6.7,0.21,23.0,30.0,47.0,1.35,21.0,FIELD_0025
408152,"Ostrander loam, 5 to 9 percent slopes",Ostrander,95,Well drained,0.0,23.0,3.5,6.2,0.19,20.0,35.0,45.0,1.44,17.4,FIELD_0025
408160,"Ely silty clay loam, 2 to 5 percent slopes",Ely,95,Somewhat poorly drained,0.0,20.0,5.0,6.5,0.17,28.0,4.0,68.0,1.31,23.9,FIELD_0025
408166,"Orwood silt loam, 5 to 9 percent slopes",Orwood,95,Well drained,0.0,20.0,3.0,6.5,0.21,21.0,26.3,52.7,1.38,18.1,FIELD_0025
408195,"Franklin silt loam, 1 to 3 percent slopes",Franklin,95,Somewhat poorly drained,0.0,15.0,3.0,7.0,0.2,22.0,7.0,71.0,1.4,18.9,FIELD_0025
2909709,"Downs silt loam, paha, 5 to 9 percent slopes",Downs,95,Well drained,0.0,20.0,3.0,6.2,0.2,20.0,5.0,75.0,1.39,17.3,FIELD_0025
408195,"Franklin silt loam, 1 to 3 percent slopes",Franklin,95,Somewhat poorly drained,15.0,33.0,1.5,5.4,0.21,22.0,7.0,71.0,1.44,,FIELD_0025
408085,"Atterberry silt loam, terrace, 2 to 5 percent slopes",Atterberry,95,Somewhat poorly drained,20.0,35.0,1.75,5.6,0.2,23.0,5.0,72.0,1.36,19.2,FIELD_0025
408090,"Brady sandy loam, 1 to 3 percent slopes",Brady,95,Somewhat poorly drained,20.0,33.0,0.75,6.2,0.1,8.0,62.0,30.0,1.62,4.3,FIELD_0025
408124,"Klinger silt loam, 1 to 4 percent slopes",Klinger,95,Somewhat poorly drained,20.0,36.0,4.0,6.2,0.23,26.0,10.0,64.0,1.32,22.2,FIELD_0025
408160,"Ely silty clay loam, 2 to 5 percent slopes",Ely,95,Somewhat poorly drained,20.0,61.0,3.5,6.5,0.17,28.0,4.0,68.0,1.28,23.6,FIELD_0025
408166,"Orwood silt loam, 5 to 9 percent slopes",Orwood,95,Well drained,20.0,25.0,1.5,6.5,0.21,20.0,25.0,55.0,1.38,17.6,FIELD_0025
2909709,"Downs silt loam, paha, 5 to 9 percent slopes",Downs,95,Well drained,20.0,30.0,1.5,5.8,0.18,20.0,4.0,76.0,1.46,16.9,FIELD_0025
408118,"Dickinson fine sandy loam, 2 to 5 percent slopes",Dickinson,95,Well drained,23.0,46.0,1.5,6.2,0.15,10.0,65.0,25.0,1.5,9.0,FIELD_0025
408152,"Ostrander loam, 5 to 9 percent slopes",Ostrander,95,Well drained,23.0,38.0,3.0,6.1,0.18,20.0,35.0,45.0,1.37,17.3,FIELD_0025
408166,"Orwood silt loam, 5 to 9 percent slopes",Orwood,95,Well drained,25.0,56.0,1.5,6.5,0.21,23.0,26.0,51.0,1.38,17.6,FIELD_0025
408119,"Dickinson fine sandy loam, 5 to 9 percent slopes",Dickinson,90,Well drained,0.0,23.0,2.0,6.3,0.15,10.0,65.0,25.0,1.53,9.1,FIELD_0025
408145,"Dinsdale silt loam, 2 to 5 percent slopes",Dinsdale,90,Moderately well drained,0.0,18.0,3.5,6.4,0.18,26.0,8.0,66.0,1.38,22.1,FIELD_0025
408149,"Maxfield silty clay loam, 0 to 2 percent slopes",Maxfield,90,Poorly drained,0.0,31.0,7.0,6.8,0.13,28.0,7.0,65.0,1.2,24.2,FIELD_0025
408151,"Ostrander loam, 2 to 5 percent slopes",Ostrander,90,Well drained,0.0,23.0,3.5,6.2,0.19,20.0,35.0,45.0,1.44,17.4,FIELD_0025
408153,"Olin sandy loam, 2 to 5 percent slopes",Olin,90,Well drained,0.0,20.0,2.0,6.2,0.14,10.0,69.0,21.0,1.53,9.1,FIELD_0025
408218,"Judson silty clay loam, 2 to 5 percent slopes",Judson,90,Well drained,0.0,23.0,3.5,6.5,0.13,30.0,4.0,66.0,1.38,25.1,FIELD_0025
408219,"Judson silty clay loam, 5 to 9 percent slopes",Judson,90,Well drained,0.0,23.0,3.5,6.5,0.13,30.0,4.0,66.0,1.38,25.1,FIELD_0025
408145,"Dinsdale silt loam, 2 to 5 percent slopes",Dinsdale,90,Moderately well drained,18.0,30.0,2.5,6.2,0.18,28.0,7.0,65.0,1.32,23.3,FIELD_0025
408153,"Olin sandy loam, 2 to 5 percent slopes",Olin,90,Well drained,20.0,48.0,1.5,6.3,0.14,10.0,70.0,20.0,1.5,9.0,FIELD_0025
408119,"Dickinson fine sandy loam, 5 to 9 percent slopes",Dickinson,90,Well drained,23.0,46.0,1.5,6.2,0.15,10.0,65.0,25.0,1.5,9.0,FIELD_0025
408151,"Ostrander loam, 2 to 5 percent slopes",Ostrander,90,Well drained,23.0,38.0,3.0,6.1,0.18,20.0,35.0,45.0,1.37,17.3,FIELD_0025
408218,"Judson silty clay loam, 2 to 5 percent slopes",Judson,90,Well drained,23.0,56.0,3.5,6.5,0.13,30.0,4.0,66.0,1.32,25.1,FIELD_0025
408219,"Judson silty clay loam, 5 to 9 percent slopes",Judson,90,Well drained,23.0,56.0,3.5,6.5,0.13,30.0,4.0,66.0,1.32,25.1,FIELD_0025
408116,"Bolan loam, 2 to 5 percent slopes",Bolan,85,Well drained,0.0,20.0,3.5,6.7,0.21,23.0,39.5,37.5,1.43,19.8,FIELD_0025
408199,"Waubeek silt loam, 2 to 5 percent slopes",Waubeek,85,Moderately well drained,0.0,18.0,3.0,7.0,0.2,22.0,7.0,71.0,1.39,18.9,FIELD_0025
408217,"Clyde silty clay loam, 0 to 3 percent slopes",Clyde,85,Poorly drained,0.0,43.0,7.5,6.7,0.22,30.0,18.0,52.0,1.35,25.9,FIELD_0025
408199,"Waubeek silt loam, 2 to 5 percent slopes",Waubeek,85,Moderately well drained,18.0,33.0,1.5,5.6,0.21,22.0,7.0,71.0,1.44,18.4,FIELD_0025
408116,"Bolan loam, 2 to 5 percent slopes",Bolan,85,Well drained,20.0,36.0,3.0,6.6,0.18,23.0,39.5,37.5,1.48,19.6,FIELD_0025
408081,"Colo-Ely complex, 0 to 5 percent slopes",Colo,50,Poorly drained,0.0,20.0,5.0,6.5,0.16,30.0,6.0,64.0,1.29,25.5,FIELD_0025
408086,"Arenzville-Chaseburg complex, 1 to 5 percent slopes",Arenzville,50,Moderately well drained,0.0,20.0,2.0,6.7,0.22,14.0,14.2,71.8,1.38,12.4,FIELD_0025
408182,"Coland-Spillville complex, 0 to 2 percent slopes, occasionally flooded",Coland,50,Poorly drained,0.0,20.0,6.0,6.3,0.11,30.0,28.0,42.0,1.31,25.6,FIELD_0025
408081,"Colo-Ely complex, 0 to 5 percent slopes",Colo,50,Poorly drained,20.0,36.0,3.5,6.5,0.17,30.0,6.0,64.0,1.31,25.1,FIELD_0025
408086,"Arenzville-Chaseburg complex, 1 to 5 percent slopes",Arenzville,50,Moderately well drained,20.0,66.0,0.75,6.7,0.22,14.0,15.0,71.0,1.38,11.9,FIELD_0025
408182,"Coland-Spillville complex, 0 to 2 percent slopes, occasionally flooded",Coland,50,Poorly drained,20.0,81.0,4.5,6.3,0.12,30.0,28.0,42.0,1.28,25.4,FIELD_0025
408086,"Arenzville-Chaseburg complex, 1 to 5 percent slopes",Chaseburg,45,Well drained,0.0,25.0,2.5,7.0,0.23,14.0,14.2,71.8,1.45,12.5,FIELD_0025
408135,"Chelsea-Fayette-Lamont complex, 2 to 9 percent slopes",Chelsea,45,Excessively drained,0.0,20.0,1.0,6.1,0.11,5.0,85.0,10.0,1.57,4.2,FIELD_0025
408136,"Chelsea-Fayette-Lamont complex, 9 to 14 percent slopes",Chelsea,45,Excessively drained,0.0,20.0,1.0,6.1,0.11,5.0,85.0,10.0,1.57,4.2,FIELD_0025
408135,"Chelsea-Fayette-Lamont complex, 2 to 9 percent slopes",Chelsea,45,Excessively drained,20.0,91.0,0.25,5.8,0.1,3.0,92.0,5.0,1.68,2.4,FIELD_0025
408136,"Chelsea-Fayette-Lamont complex, 9 to 14 percent slopes",Chelsea,45,Excessively drained,20.0,91.0,0.25,5.8,0.1,3.0,92.0,5.0,1.68,2.4,FIELD_0025
408086,"Arenzville-Chaseburg complex, 1 to 5 percent slopes",Chaseburg,45,Well drained,25.0,200.0,0.75,6.7,0.2,14.0,14.2,71.8,1.6,11.9,FIELD_0025
408081,"Colo-Ely complex, 0 to 5 percent slopes",Ely,40,Somewhat poorly drained,0.0,20.0,5.0,6.5,0.17,28.0,4.0,68.0,1.31,23.9,FIELD_0025
408182,"Coland-Spillville complex, 0 to 2 percent slopes, occasionally flooded",Spillville,40,Somewhat poorly drained,0.0,20.0,4.5,6.7,0.14,22.0,41.0,37.0,1.38,19.2,FIELD_0025
408081,"Colo-Ely complex, 0 to 5 percent slopes",Ely,40,Somewhat poorly drained,20.0,61.0,3.5,6.5,0.17,28.0,4.0,68.0,1.28,23.6,FIELD_0025
408182,"Coland-Spillville complex, 0 to 2 percent slopes, occasionally flooded",Spillville,40,Somewhat poorly drained,20.0,137.0,3.5,6.7,0.14,22.0,41.0,37.0,1.35,19.0,FIELD_0025
408135,"Chelsea-Fayette-Lamont complex, 2 to 9 percent slopes",Fayette,35,Well drained,0.0,20.0,3.0,6.2,0.2,20.0,5.0,75.0,1.45,17.3,FIELD_0025
408136,"Chelsea-Fayette-Lamont complex, 9 to 14 percent slopes",Fayette,35,Well drained,0.0,20.0,3.0,6.2,0.2,20.0,5.0,75.0,1.45,17.3,FIELD_0025
408135,"Chelsea-Fayette-Lamont complex, 2 to 9 percent slopes",Fayette,35,Well drained,20.0,28.0,1.0,5.8,0.18,20.0,3.0,77.0,1.45,16.6,FIELD_0025
408136,"Chelsea-Fayette-Lamont complex, 9 to 14 percent slopes",Fayette,35,Well drained,20.0,28.0,1.0,5.8,0.18,20.0,3.0,77.0,1.45,16.6,FIELD_0025
408135,"Chelsea-Fayette-Lamont complex, 2 to 9 percent slopes",Fayette,35,Well drained,28.0,36.0,0.75,6.2,0.17,25.0,3.0,72.0,1.45,20.1,FIELD_0025
408136,"Chelsea-Fayette-Lamont complex, 9 to 14 percent slopes",Fayette,35,Well drained,28.0,36.0,0.75,6.2,0.17,25.0,3.0,72.0,1.45,20.1,FIELD_0025
408135,"Chelsea-Fayette-Lamont complex, 2 to 9 percent slopes",Lamont,20,Well drained,0.0,20.0,1.0,5.9,0.15,9.0,60.0,31.0,1.5,8.1,FIELD_0025
408136,"Chelsea-Fayette-Lamont complex, 9 to 14 percent slopes",Lamont,20,Well drained,0.0,20.0,1.0,5.9,0.15,9.0,60.0,31.0,1.5,8.1,FIELD_0025
408135,"Chelsea-Fayette-Lamont complex, 2 to 9 percent slopes",Lamont,20,Well drained,20.0,58.0,0.25,5.8,0.15,7.0,69.0,24.0,1.64,6.1,FIELD_0025
408136,"Chelsea-Fayette-Lamont complex, 9 to 14 percent slopes",Lamont,20,Well drained,20.0,58.0,0.25,5.8,0.15,7.0,69.0,24.0,1.64,6.1,FIELD_0025
408116,"Bolan loam, 2 to 5 percent slopes",Dickinson,15,Well drained,0.0,20.0,2.0,6.5,0.14,15.0,65.0,20.0,1.53,13.2,FIELD_0025
408116,"Bolan loam, 2 to 5 percent slopes",Dickinson,15,Well drained,20.0,46.0,1.5,5.8,0.14,14.0,66.0,20.0,1.5,12.2,FIELD_0025
408145,"Dinsdale silt loam, 2 to 5 percent slopes",Klinger,10,Somewhat poorly drained,0.0,20.0,5.0,6.2,0.23,28.0,10.0,62.0,1.32,23.9,FIELD_0025
408149,"Maxfield silty clay loam, 0 to 2 percent slopes",Klinger,10,Somewhat poorly drained,0.0,20.0,5.0,6.2,0.23,28.0,10.0,62.0,1.32,23.9,FIELD_0025
408199,"Waubeek silt loam, 2 to 5 percent slopes",Franklin,10,Somewhat poorly drained,0.0,15.0,3.0,7.0,0.2,22.0,7.0,71.0,1.4,18.9,FIELD_0025
408199,"Waubeek silt loam, 2 to 5 percent slopes",Franklin,10,Somewhat poorly drained,15.0,33.0,1.5,5.4,0.21,22.0,7.0,71.0,1.44,,FIELD_0025
408145,"Dinsdale silt loam, 2 to 5 percent slopes",Klinger,10,Somewhat poorly drained,20.0,36.0,4.0,6.2,0.23,28.0,10.0,62.0,1.32,23.7,FIELD_0025
408149,"Maxfield silty clay loam, 0 to 2 percent slopes",Klinger,10,Somewhat poorly drained,20.0,36.0,4.0,6.2,0.23,28.0,10.0,62.0,1.32,23.7,FIELD_0025
408081,"Colo-Ely complex, 0 to 5 percent slopes",Colo,5,Poorly drained,0.0,20.0,5.0,6.5,0.16,30.0,6.0,64.0,1.29,25.5,FIELD_0025
408081,"Colo-Ely complex, 0 to 5 percent slopes",Judson,5,Well drained,0.0,20.0,4.5,6.5,0.22,29.5,7.0,63.5,1.33,27.5,FIELD_0025
408085,"Atterberry silt loam, terrace, 2 to 5 percent slopes",Marshan,5,Poorly drained,0.0,20.0,5.5,6.5,0.21,28.0,21.0,51.0,1.35,24.0,FIELD_0025
408086,"Arenzville-Chaseburg complex, 1 to 5 percent slopes",Orion,5,Somewhat poorly drained,0.0,20.0,2.0,6.5,0.23,14.0,14.2,71.8,1.4,12.4,FIELD_0025
408090,"Brady sandy loam, 1 to 3 percent slopes",Granby,5,Very poorly drained,0.0,25.0,2.5,6.4,0.09,11.0,67.0,22.0,1.54,11.0,FIELD_0025
408118,"Dickinson fine sandy loam, 2 to 5 percent slopes",Sparta,5,Excessively drained,0.0,28.0,1.5,6.2,0.11,6.0,84.0,10.0,1.53,6.5,FIELD_0025
408119,"Dickinson fine sandy loam, 5 to 9 percent slopes",Dickinson,5,Well drained,0.0,18.0,1.5,6.3,0.15,10.0,65.0,25.0,1.56,9.0,FIELD_0025
408119,"Dickinson fine sandy loam, 5 to 9 percent slopes",Sparta,5,Excessively drained,0.0,28.0,1.5,6.2,0.11,6.0,84.0,10.0,1.53,6.5,FIELD_0025
408124,"Klinger silt loam, 1 to 4 percent slopes",Maxfield,5,Poorly drained,0.0,31.0,7.0,6.8,0.22,28.0,7.0,65.0,1.2,24.2,FIELD_0025
408125,"Floyd loam, 1 to 4 percent slopes",Clyde,5,Poorly drained,0.0,43.0,7.5,6.7,0.22,30.0,18.0,52.0,1.35,25.9,FIELD_0025
408151,"Ostrander loam, 2 to 5 percent slopes",Floyd,5,Somewhat poorly drained,0.0,41.0,4.0,6.7,0.21,23.0,30.0,47.0,1.35,21.0,FIELD_0025
408151,"Ostrander loam, 2 to 5 percent slopes",Sparta,5,Excessively drained,0.0,28.0,1.5,6.2,0.11,6.0,84.0,10.0,1.53,6.5,FIELD_0025
408152,"Ostrander loam, 5 to 9 percent slopes",Sparta,5,Excessively drained,0.0,28.0,1.5,6.2,0.11,6.0,84.0,10.0,1.53,6.5,FIELD_0025
408153,"Olin sandy loam, 2 to 5 percent slopes",Floyd,5,Somewhat poorly drained,0.0,41.0,4.0,6.7,0.14,25.0,18.0,57.0,1.21,21.4,FIELD_0025
408153,"Olin sandy loam, 2 to 5 percent slopes",Sparta,5,Excessively drained,0.0,28.0,1.5,6.2,0.11,6.0,84.0,10.0,1.53,6.5,FIELD_0025
408160,"Ely silty clay loam, 2 to 5 percent slopes",Colo,5,Poorly drained,0.0,20.0,5.0,6.5,0.16,30.0,6.0,64.0,1.29,25.5,FIELD_0025
408166,"Orwood silt loam, 5 to 9 percent slopes",Chaseburg,5,Well drained,0.0,18.0,3.0,6.5,0.21,21.0,,,1.38,22.5,FIELD_0025
408182,"Coland-Spillville complex, 0 to 2 percent slopes, occasionally flooded",Hoopeston,5,Somewhat poorly drained,0.0,25.0,2.5,6.2,0.09,13.0,55.0,32.0,1.53,11.7,FIELD_0025
408182,"Coland-Spillville complex, 0 to 2 percent slopes, occasionally flooded",Marshan,5,Poorly drained,0.0,20.0,5.5,6.5,0.21,28.0,21.0,51.0,1.35,24.0,FIELD_0025
408195,"Franklin silt loam, 1 to 3 percent slopes",Ansgar,5,Poorly drained,0.0,20.0,3.5,6.0,0.19,24.0,4.0,72.0,1.37,20.5,FIELD_0025
408199,"Waubeek silt loam, 2 to 5 percent slopes",Bassett,5,Moderately well drained,0.0,23.0,2.4,6.2,0.21,18.0,35.0,47.0,1.42,15.6,FIELD_0025
408217,"Clyde silty clay loam, 0 to 3 percent slopes",Clyde,5,Poorly drained,0.0,43.0,7.5,6.7,0.22,30.0,18.0,52.0,1.35,25.9,FIELD_0025
408217,"Clyde silty clay loam, 0 to 3 percent slopes",Floyd,5,Somewhat poorly drained,0.0,41.0,4.0,6.7,0.21,23.0,30.0,47.0,1.35,21.0,FIELD_0025
408217,"Clyde silty clay loam, 0 to 3 percent slopes",Klossner,5,Very poorly drained,0.0,25.0,75.0,,0.45,,,,0.35,138.7,FIELD_0025
408218,"Judson silty clay loam, 2 to 5 percent slopes",Colo,5,Poorly drained,0.0,20.0,5.0,6.5,0.12,30.0,6.0,64.0,1.31,25.5,FIELD_0025
408218,"Judson silty clay loam, 2 to 5 percent slopes",Ely,5,Somewhat poorly drained,0.0,20.0,5.0,6.5,0.13,28.0,4.0,68.0,1.31,23.9,FIELD_0025
408219,"Judson silty clay loam, 5 to 9 percent slopes",Colo,5,Poorly drained,0.0,20.0,5.0,6.5,0.12,30.0,6.0,64.0,1.31,25.5,FIELD_0025
408219,"Judson silty clay loam, 5 to 9 percent slopes",Ely,5,Somewhat poorly drained,0.0,20.0,5.0,6.5,0.13,28.0,4.0,68.0,1.31,23.9,FIELD_0025
2909709,"Downs silt loam, paha, 5 to 9 percent slopes",Tallula,5,Well drained,0.0,20.0,3.0,7.2,0.2,15.0,14.0,71.0,1.2,13.4,FIELD_0025
408119,"Dickinson fine sandy loam, 5 to 9 percent slopes",Dickinson,5,Well drained,18.0,43.0,0.25,6.1,0.15,10.0,70.0,20.0,1.57,8.4,FIELD_0025
408166,"Orwood silt loam, 5 to 9 percent slopes",Chaseburg,5,Well drained,18.0,137.0,1.5,6.2,0.2,25.0,,,1.43,22.5,FIELD_0025
408081,"Colo-Ely complex, 0 to 5 percent slopes",Colo,5,Poorly drained,20.0,36.0,3.5,6.5,0.17,30.0,6.0,64.0,1.31,25.1,FIELD_0025
408081,"Colo-Ely complex, 0 to 5 percent slopes",Judson,5,Well drained,20.0,71.0,3.5,6.5,0.22,29.5,7.0,63.5,1.33,27.5,FIELD_0025
408085,"Atterberry silt loam, terrace, 2 to 5 percent slopes",Marshan,5,Poorly drained,20.0,36.0,3.5,6.5,0.21,28.0,18.0,54.0,1.35,23.6,FIELD_0025
408086,"Arenzville-Chaseburg complex, 1 to 5 percent slopes",Orion,5,Somewhat poorly drained,20.0,81.0,2.0,6.5,0.21,14.0,14.2,71.8,1.4,12.4,FIELD_0025
408160,"Ely silty clay loam, 2 to 5 percent slopes",Colo,5,Poorly drained,20.0,36.0,3.5,6.5,0.17,30.0,6.0,64.0,1.31,25.1,FIELD_0025
408182,"Coland-Spillville complex, 0 to 2 percent slopes, occasionally flooded",Marshan,5,Poorly drained,20.0,36.0,3.5,6.5,0.21,28.0,18.0,54.0,1.35,23.6,FIELD_0025
408195,"Franklin silt loam, 1 to 3 percent slopes",Ansgar,5,Poorly drained,20.0,31.0,1.5,5.9,0.21,23.0,5.0,72.0,1.42,19.1,FIELD_0025
408218,"Judson silty clay loam, 2 to 5 percent slopes",Colo,5,Poorly drained,20.0,36.0,3.5,6.5,0.13,30.0,6.0,64.0,1.31,25.1,FIELD_0025
408218,"Judson silty clay loam, 2 to 5 percent slopes",Ely,5,Somewhat poorly drained,20.0,61.0,3.5,6.5,0.14,28.0,4.0,68.0,1.28,23.6,FIELD_0025
408219,"Judson silty clay loam, 5 to 9 percent slopes",Colo,5,Poorly drained,20.0,36.0,3.5,6.5,0.13,30.0,6.0,64.0,1.31,25.1,FIELD_0025
408219,"Judson silty clay loam, 5 to 9 percent slopes",Ely,5,Somewhat poorly drained,20.0,61.0,3.5,6.5,0.14,28.0,4.0,68.0,1.28,23.6,FIELD_0025
2909709,"Downs silt loam, paha, 5 to 9 percent slopes",Tallula,5,Well drained,20.0,66.0,0.75,7.2,0.17,15.0,14.0,71.0,1.2,12.7,FIELD_0025
408199,"Waubeek silt loam, 2 to 5 percent slopes",Bassett,5,Moderately well drained,23.0,43.0,1.0,6.2,0.21,20.0,35.0,45.0,1.42,16.6,FIELD_0025
408090,"Brady sandy loam, 1 to 3 percent slopes",Granby,5,Very poorly drained,25.0,41.0,1.0,5.9,0.15,7.0,78.0,15.0,1.62,7.0,FIELD_0025
408182,"Coland-Spillville complex, 0 to 2 percent slopes, occasionally flooded",Hoopeston,5,Somewhat poorly drained,25.0,36.0,2.5,6.2,0.09,13.0,55.0,32.0,1.5,11.7,FIELD_0025
408217,"Clyde silty clay loam, 0 to 3 percent slopes",Klossner,5,Very poorly drained,25.0,66.0,75.0,,0.45,,,,0.35,138.7,FIELD_0025
408118,"Dickinson fine sandy loam, 2 to 5 percent slopes",Sparta,5,Excessively drained,28.0,38.0,0.75,6.2,0.11,6.0,87.0,7.0,1.58,6.0,FIELD_0025
408119,"Dickinson fine sandy loam, 5 to 9 percent slopes",Sparta,5,Excessively drained,28.0,38.0,0.75,6.2,0.11,6.0,87.0,7.0,1.58,6.0,FIELD_0025
408151,"Ostrander loam, 2 to 5 percent slopes",Sparta,5,Excessively drained,28.0,38.0,0.75,6.2,0.11,6.0,87.0,7.0,1.58,6.0,FIELD_0025
408152,"Ostrander loam, 5 to 9 percent slopes",Sparta,5,Excessively drained,28.0,38.0,0.75,6.2,0.11,6.0,87.0,7.0,1.58,6.0,FIELD_0025
408153,"Olin sandy loam, 2 to 5 percent slopes",Sparta,5,Excessively drained,28.0,38.0,0.75,6.2,0.11,6.0,87.0,7.0,1.58,6.0,FIELD_0025
